date,mom_20,mom_60,reversal_5,volatility_20,dollar_volume_20,volume_anom,ma_dist_20,rsi_14,overnight,turnover_20,hl_spread_5,size_proxy,intraday_momentum,max_ret_5d
2016-01-04,0.0,0.0,0.0,0.0,0.0,0.0,0.0,0.0,0.0,0.0,0.0,0.0,0.0,0.0
2016-01-05,0.0,0.0,0.0,0.0,0.0,0.0,0.0,0.0,-0.008212408892635192,0.0,0.0,-0.040173491848037646,0.009355718292027637,0.0
2016-01-06,0.0,0.0,0.0,0.0,0.0,0.0,0.0,0.0,-0.00533960258723043,0.0,0.0,-0.04295371986201679,-0.005775975246201104,0.0
2016-01-07,0.0,0.0,0.0,0.0,0.0,0.0,0.0,0.0,0.06374396432678497,0.0,0.0,0.01030314983466396,0.024456554781026485,0.0
2016-01-08,0.0,0.0,0.0,0.0,0.0,0.0,0.0,0.0,0.11782483694224988,0.0,0.0837735974954179,-0.009679719950079213,0.04308611025669018,0.0
2016-01-11,0.0,0.0,-0.0195697166700608,0.0,0.0,0.0,0.0,0.0,0.0986164325216139,0.0,0.045620082030047415,-0.0013906168862207746,0.01978309148982582,0.015619075340181254
2016-01-12,0.0,0.0,-0.012413497766267101,0.0,0.0,0.0,0.0,0.0,0.08243618423583432,0.0,0.052157971005904136,-0.01643919205250588,0.024367087334263626,0.03092397859265561
2016-01-13,0.0,0.0,-0.047397327586041205,0.0,0.0,0.0,0.0,0.0,0.07193108959286176,0.0,0.05096864640157395,-0.02819042311447084,0.03301581949076415,0.04324108779614577
2016-01-14,0.0,0.0,-0.002773484188106523,0.0,0.0,0.0,0.0,0.0,0.09585190061440185,0.0,0.052307459963869096,-0.04987696011605269,0.059670098030173424,0.06652166352844957
2016-01-15,0.0,0.0,-0.01767297621604902,0.0,0.0,0.0,0.0,0.0,0.12317216285098476,0.0,0.04309835990828059,-0.026186116391974434,0.0460398722427009,0.05718817014884037
2016-01-18,0.0,0.0,-0.007274111615862555,0.0,0.0,0.0,0.0,0.0,0.13668347535287362,0.0,0.05414054682438496,-0.014152873848879755,0.0571131978608308,0.06169018393239156
2016-01-19,0.0,0.0,0.01617283500262401,0.0,0.0,0.0,0.0,0.0,0.08992874301239828,0.0,0.09750007494694879,-0.0374373526877243,0.058265107919483805,0.06329689203230338
2016-01-20,0.0,0.0,0.01191942682531022,0.0,0.0,0.0,0.0,0.0,0.10917937502621933,0.0,0.08885678855906187,-0.03340834138745241,0.07355219867418472,0.047658139235765784
2016-01-21,0.0,0.0,0.01862581299629351,0.0,0.0,0.0,0.0,0.0,0.06554521997234142,0.0,0.08824949175354946,-0.01041600076676863,0.11154156666045467,0.00644417626445648
2016-01-22,0.0,0.0,0.04759620886770999,0.0,0.0,0.0,0.0,0.008373205741626588,0.07863971075935239,0.0,0.08641147048995235,-0.00827761002413474,0.1151103878188664,-0.01467608440064827
2016-01-25,0.0,0.0,0.008676933890119365,0.0,0.0,0.0,0.0,0.012170271008404843,0.07808118444209411,0.0,0.08712616385949956,-0.012011976050346429,0.07028333788599905,0.022654151203989725
2016-01-26,0.0,0.0,0.05360036579340188,0.0,0.0,0.0,0.0,0.01677681303332257,0.1298406737218234,0.0,0.043795406266776915,-0.0011017574333629376,0.06656542463219273,0.07175254689067989
2016-01-27,0.0,0.0,0.06261715685523495,0.0,0.0,0.0,0.0,0.03761067409029373,0.15054449835165729,0.0,0.03486252678498114,-0.013020638567185272,0.09669149626529205,0.04877971029158368
2016-01-28,0.0,0.0,0.08387617834475947,0.0,0.0,0.0,0.0,0.04217797095845999,0.24042300028758468,0.0,0.04956701505612493,-0.03922278477445873,0.12970969372717955,0.08466413511856774
2016-01-29,0.0,0.0,0.017519236089216683,0.0,-0.01615204614628496,0.0,-0.02717867467200341,0.06392558123412062,0.27662428796068794,-0.020867463026166266,0.07809285550480083,-0.054741302691080795,0.20228581860992856,0.15434639080187162
2016-02-01,-0.014368062241805757,0.0,-0.009221739849085475,-0.010472435098950017,-0.028479338181506164,0.0,-0.04115623202447205,0.03749714066271248,0.24174892288892913,0.00345467615477979,0.07213265536309699,-0.06658508400395258,0.17836450436874518,0.11642970006225672
2016-02-02,-0.0246926766290968,0.0,-0.006946462569641598,-0.005416056307810835,-0.028203609685419684,0.0,-0.030190606728967673,0.05466376768289649,0.263903746867058,-0.013148677707193523,0.08336337528459592,-0.06632017034732429,0.22860174555654877,0.16402647330459086
2016-02-03,-0.01314335892845897,0.0,-0.010283252102013751,-0.004658340313341336,-0.0241576308501108,0.0,-0.01870639398540097,0.0440959026380201,0.2256691628137628,0.0001582405930227182,0.09879703505049564,-0.06243288606907482,0.2476350735760109,0.17182252664417708
2016-02-04,-0.020958168430871504,0.0,-0.0066155999247112796,0.023981834381348488,-0.02094531065445715,0.0,-0.03213011010474698,0.03368224369006545,0.26093683055303063,0.01013367176290525,0.10388122056253102,-0.059346562017081994,0.24352805437869374,0.2161487997087559
2016-02-05,-0.02936310949628329,0.0,0.011486446535240447,0.005422571733878501,-0.022885805390522207,0.0,-0.04043914156923323,0.036980879888209195,0.28391437790328644,0.006910182615267324,0.09543020699154359,-0.06121094514575842,0.2179383087199418,0.2005129700603081
2016-02-15,0.005022790759220852,0.0,0.02129549583757684,0.008781838184553914,-0.01733542991645909,0.0,-0.006445622169859222,0.04155485417649829,0.2849671533841116,-0.001721030352807018,0.09909020234758281,-0.055878270854331946,0.18016363003150282,0.17590529523217047
2016-02-16,-0.004769687464994177,0.0,0.0430117044677234,0.011917997593595464,-0.025781574236505622,0.0,-0.016126357471518804,0.031406424387016685,0.26270872059915273,-0.009385645533791398,0.10250711762996034,-0.06399313387353922,0.19372370980710563,0.2113635566995955
2016-02-17,-0.0033475781662318793,0.0,0.0866799906326281,0.0071438715278140386,-0.03114799791538947,0.0,-0.005854836453515144,0.037543544350035374,0.2608099965063553,-0.010801158975484504,0.11401715768157916,-0.06914907147145766,0.19917234303696962,0.22401004471924324
2016-02-18,-0.012563393431631598,0.0,0.08631065694992457,0.0022881044534017736,-0.0320153050809886,0.0,0.0041471076312400434,0.04950775545439634,0.269825611784581,-0.007331822297978574,0.11527662493255808,-0.06998236043476713,0.19740903558571166,0.22539386592483535
2016-02-19,-0.010576835371083004,0.0,0.0883783382512886,0.027479939881754678,-0.02898161291833956,0.0,0.006058399014588378,0.07609448082381443,0.3017418219966437,-0.015813692384293532,0.11673636557780642,-0.06706765812688564,0.21555078590765397,0.22699773459072503
2016-02-22,0.009040845908205641,0.0,0.11587767714969766,0.01904568050611921,-0.023601207320571693,0.0,0.031477814206684274,0.0649775489698099,0.29105623316841256,-0.04872286861837982,0.14495220808211706,-0.06189828701987832,0.18159554854213522,0.2579994785112294
2016-02-23,-0.010189055497100474,0.0,0.1421380848584799,0.023575362798403443,-0.032254644786299136,0.0,0.05575200527466939,0.09004010305556132,0.29073268980615663,-0.030355411750998984,0.13449681173367822,-0.07021231257032823,0.15907716785263726,0.2524421628225608
2016-02-24,-0.011668570887057639,0.0,0.1651575455412635,0.05980115377497386,-0.0278804818109607,0.0,0.07703037966597726,0.15860936955901073,0.23748246052844957,-0.022705797087986146,0.1746482708828021,-0.06600971644793996,0.16426188286999488,0.2967678760525203
2016-02-25,-0.019266902394068364,0.0,0.14032022530083021,-0.011361529557409988,-0.01140139793175965,0.0,0.07712870011366202,0.1587151372272746,0.16333026203133105,-0.00011890664290759023,0.09577392485098613,-0.050176988129013056,0.24243881199630013,0.20969354008824048
2016-02-26,0.0028226752800040167,0.0,0.16600426946288382,0.004004502603958793,-0.015404243940878914,0.0,0.11813084983829669,0.20282296903955488,0.166025257656641,-0.01754554683513776,0.11280512267936094,-0.05402283137063135,0.2617495664474405,0.22849534721807485
2016-02-29,0.029295952164115402,0.0,0.19678533837412293,-0.017627262847961456,0.00869377799434945,0.0,0.12355744662561996,0.20866059999343878,0.11006748119674215,-0.04458216422919725,0.11405224298075378,-0.030870000963258537,0.28077913528680765,0.1984278726810329
2016-03-01,0.046371593972792224,0.0,0.21371131268248544,0.0055637838270159445,-0.02574187457239263,0.0,0.14219685200724297,0.2287118354329205,0.14796391611293314,-0.046110999170233535,0.1236528310795193,-0.06395499134080729,0.27071731768684515,0.22671937109182227
2016-03-02,0.06321535544024304,0.0,0.19608279147856322,0.013322480965668015,-0.07573553518577159,0.0,0.1605831417678798,0.24849078316762374,0.12692278858041406,-0.05449965008695512,0.12411647584186292,-0.11198776136386035,0.24657400550647535,0.2034120089257898
2016-03-03,-0.002829783208753267,0.0,0.15495445955362364,-0.003094183818305285,-0.04977797236790116,0.0,0.15130672233989495,0.23851172717427693,0.14741591052654868,-0.060765391305729555,0.12233921498033973,-0.08704832644566474,0.28687559613276004,0.19091830421226885
2016-03-04,0.0043119909491069475,0.0,0.1076104250093406,-0.03991555029073102,-0.02515213691637752,0.0,0.1595524284981038,0.247381999168363,0.14100700256603194,-0.09693736273997222,0.0808848841194254,-0.06338838483794751,0.2816554236183142,0.16687974019919372
2016-03-07,0.02216642634375776,0.0,0.12214480389493798,-0.006003795458894734,-0.04593719202682767,0.0,0.18016669389362572,0.26955767915357853,0.13230183616922475,-0.08262575200684974,0.11906350809650945,-0.0833581922052753,0.304140606488811,0.17881587993339965
2016-03-08,0.016810095725362517,0.0,0.13373633251176908,-0.02370320224096345,-0.02154516463295253,0.0,0.17398241427496908,0.2629049751580139,0.11119636419213519,-0.09001201809375114,0.09913711385649004,-0.05992288805208279,0.2936402795444566,0.18658366162262752
2016-03-09,0.013239208646432354,0.0,0.11494251088875207,-0.030957926758018672,-0.015336525911569643,0.0,0.1789252602197584,0.258469839160971,0.11945350845919744,-0.09233786597082783,0.09096958018660284,-0.05395776943101105,0.2571362442109919,0.19157956289737266
2016-03-10,-0.0046152267482183484,0.0,0.11902286864072775,-0.026597363801432627,-0.045671647184327924,0.0,0.18645351858642334,0.2362941591757557,0.12250513163561627,-0.07382595501548472,0.09587880102384494,-0.08310306277098078,0.2414149630427711,0.16733432785017266
2016-03-11,-0.026435202201774866,0.0,0.11116466930596047,-0.03129928691486339,-0.035796145126558154,0.0,0.1889713190156943,0.20051145134568737,0.1471117310903829,-0.058408695021403445,0.09058526916720666,-0.07361490540496263,0.23269728040184123,0.19292363468332208
2016-03-14,-0.002597436387279939,0.0,0.08395776615153294,0.008736929285785955,-0.06552355399973309,0.0,0.15154664902575843,0.2295226075415826,0.194521640726941,-0.05584370758545487,0.13565895088522995,-0.10217632251800268,0.22785697211700784,0.18823950156813507
2016-03-15,0.005602322563957429,0.0,0.10157258362149357,-0.00021206263350959098,-0.04468047905899308,0.0,0.18269750019603248,0.23269445312800352,0.21609865507082726,-0.05563444758924907,0.1307358128018279,-0.08215077101970125,0.2210949830846629,0.18517415555860062
2016-03-16,-0.01426964916189044,0.0,0.12093346392904092,-0.0323625418524951,-0.010678607315375954,0.0,0.18589185762821114,0.23602384774268925,0.1728150943449105,-0.07108763302644316,0.1500323546691802,-0.04948254737341273,0.22439304859504583,0.16753890124749726
2016-03-17,0.028085571970182466,0.0,0.13979108651923622,0.025493959419959245,-0.048878169802347826,0.0,0.20584228448544173,0.22631808614277138,0.17240554121695384,-0.06883839481072951,0.16429205356135101,-0.08618381664247965,0.24202648091156798,0.2344572826616933
2016-03-18,-0.00720468830994192,0.0,0.13719409954260064,0.0268231803654162,-0.056165033158268596,0.0,0.20309480141970848,0.22731590395086143,0.1714515904104308,-0.0715725928926878,0.1606918926041423,-0.0931848689253103,0.23919655301187337,0.23605735691012075
2016-03-21,0.01333859784068614,0.0,0.15279438423206182,0.040909371936302286,-0.05949780045015851,0.0,0.19470424614730764,0.20191983135140634,0.18752182707247056,-0.09134029749409422,0.18779978766032102,-0.09638691580300707,0.23589709731149378,0.2530138700225759
2016-03-22,0.006769128813288283,0.0,0.12787316600625287,0.03786309384079001,-0.06626788118775528,0.0,0.18963794225947628,0.20971187156610238,0.1723789723502871,-0.06965926323842375,0.18276276305645367,-0.10289145512092734,0.2431694717748769,0.24934685653558764
2016-03-23,0.003069921859262026,0.0,0.1383745138803889,0.03684372753271048,-0.05892103062745757,0.0,0.18846950603282075,0.20579380746262932,0.1772878359084098,-0.07882368116518357,0.18595502733581482,-0.0958327684989263,0.24651627904346407,0.2481197755263338
2016-03-24,-0.02780691791392842,0.0,0.1281690373908333,0.004927250976894726,-0.08394071060204944,0.0,0.18513671819475852,0.20923727721293073,0.20297317813725746,-0.07319604443052696,0.1641851869572033,-0.09488465554207925,0.24782338042239793,0.2252088154474885
2016-03-25,-0.042996585667467335,0.0,0.13285481042373415,-0.01077385957417265,-0.09430776891880499,0.0,0.18096093733209329,0.21310801701889703,0.2175299564172286,-0.08001213880204006,0.1690205506071072,-0.09033186848225871,0.2340492212446037,0.23029763656987434
2016-03-28,-0.03762182548886661,0.0,0.11143302157445523,-0.016418621690763913,-0.0788436667020892,0.0,0.18053674451145585,0.21267227719447956,0.1576595947425099,-0.0688372624074256,0.16234983837264982,-0.11538376250053128,0.24802171842847587,0.26147976087796354
2016-03-29,-0.021158718342977334,0.0,0.08743992444961157,-0.01678412944933283,-0.06288271851833893,0.0,0.18100029823137076,0.2301801228731224,0.16259175076265064,-0.061082505978650836,0.1619178986333809,-0.10005594742848656,0.24848549461518288,0.25196468699809826
2016-03-30,-0.05018266921979253,0.0,0.07011586745738407,0.024065177427272433,-0.06321909037270446,0.0,0.16218572648870344,0.21058206501245857,0.1815303594395723,-0.0693717530189375,0.1944800242809812,-0.1003789762059627,0.27855893624094863,0.30397960175859295
2016-03-31,-0.06000588141805829,0.0,0.06554427396232931,0.0021919473969640446,-0.07544458396148612,0.0,0.15722080552188777,0.22306489189113177,0.1699318368935896,-0.06564854941009224,0.1689668666093722,-0.1121195133429791,0.27376898412005835,0.276127618884074
2016-04-01,-0.07277024659127451,0.0,0.05550656617090555,-0.0021198802808347628,-0.06288986396920182,0.0,0.15750330364430076,0.22336346372279947,0.17183322305706272,-0.05366211635123386,0.1629451441799612,-0.10006280943619272,0.29451440731419587,0.27063721118143813
2016-04-05,-0.06967792665758632,0.012948340751544496,0.046888656978950616,0.006709891897172859,-0.06601513507170487,0.0,0.1517688042935179,0.21730268016701815,0.18133842510486753,-0.06210015898064514,0.16381676484138286,-0.10306410841653413,0.29546863930362455,0.2687130908713762
2016-04-06,-0.06435170016745917,0.018984440579839612,0.08144489965217105,0.04277461978492658,-0.0713623315658034,0.0,0.15863212713254216,0.22021059786969355,0.2461599926472784,-0.061287060328148235,0.16253571174534498,-0.102854405817567,0.3385330178072721,0.31088805296631916
2016-04-07,-0.07751089775483555,0.008205937544877973,0.09689574947812196,0.018881315549682753,-0.05830173329592658,0.0,0.14637647395338682,0.20730358662529524,0.24473795290396017,-0.060257578570525494,0.1572075084506106,-0.09023672015447781,0.32431494088039137,0.29702188357775383
2016-04-08,-0.07757282789269648,0.004698565149783507,0.10849267583912114,-0.011304537274395843,-0.058238513575131656,0.0,0.14238843039065907,0.20310358827720032,0.27108321258232015,-0.053195121098489784,0.1524587681856706,-0.09017564434859082,0.3085915458601276,0.29250977094194464
2016-04-11,-0.056997048973776665,0.01906466648010441,0.09587433712329063,0.02544402097374876,-0.05731734296125235,0.0,0.14127101938279707,0.20192678960051946,0.25219160460979495,-0.06538337652462323,0.17816566141734635,-0.07627620969610449,0.2886001238175111,0.34108639973961474
2016-04-12,-0.04112458787863027,0.03556455699366046,0.09790286561230555,0.042047200958674535,-0.059781797478267173,0.0,0.1442546432967995,0.22215741155815727,0.24754191852315865,-0.06656981463757206,0.1979963402122893,-0.07869110006296409,0.2957702787871239,0.362800211917357
2016-04-13,-0.036082293339577354,0.0407384867418954,0.09819085606122058,0.047526858528790905,-0.06295638138849369,0.0,0.15027176383847318,0.22628394436095833,0.25410218039189525,-0.07338571826044427,0.20429606416776513,-0.08180183797703988,0.31493278062350716,0.36996656531374716
2016-04-14,-0.033074071110972825,0.04379936928784245,0.09838826794932021,0.0507960106141947,-0.06968821161473127,0.0,0.1504785378427127,0.226504382390893,0.24531800328437625,-0.07582166177232419,0.20805446611952694,-0.08839828025359153,0.3158747377125022,0.37424199655206314
2016-04-15,-0.047185459607793745,0.03818305926294885,0.08826834166555741,0.04514205417182082,-0.06079899454074078,0.0,0.13368836899967995,0.2171963583770864,0.24390255751036793,-0.07344445568205649,0.1904240299222899,-0.0796878396539793,0.31855052262246075,0.35418620724845606
2016-04-18,-0.06542726306132907,-0.004637810206113868,0.12695063523894867,0.008586490355222187,-0.04870598182950403,0.0,0.1739851089041673,0.26046137406167835,0.2353500251859486,-0.060087954556444334,0.148786989846317,-0.06783803690815704,0.3171833268649187,0.3155071265120515
2016-04-19,-0.0725605155289758,-0.014309345653503724,0.112460328999757,0.013028205002901805,-0.05367681928565282,0.0,0.20622498885485352,0.3138693467859883,0.25123412837361125,-0.055094485155438355,0.13401591224455256,-0.07270890281588704,0.3533557041881792,0.283482798248091
2016-04-20,-0.07116867925299863,-0.013688242531672445,0.13484509358810448,0.021273305246589436,-0.025410253943451755,0.0,0.1866569422184836,0.29255503404205085,0.2764378699240875,-0.06338053414248757,0.06636792299315153,-0.04501082363535802,0.38058773040325167,0.25762946832527756
2016-04-21,-0.06874349121044665,0.009525673425984316,0.13780818569066744,0.01065734583377509,-0.010410637514887577,0.0,0.18975531558574366,0.32331023218886346,0.2868349485760908,-0.07568889078118524,0.02877189938640523,-0.03031287365500912,0.38131951013427945,0.2582960741003375
2016-04-22,-0.07755286860092636,0.02045221136656772,0.14156936130078823,0.011893279679367819,-0.04074927918555482,0.0,0.16088928828283966,0.2797091535644005,0.2869045610716441,-0.07992466592807634,0.039851095306580486,-0.06004135637127539,0.3711823137065584,0.3010321390932138
2016-04-25,-0.05511191216222189,0.01135723922226295,0.15273525521198095,0.010654087519762045,-0.05499118004933101,0.0,0.1722441538521433,0.27083144634264644,0.28532858258234506,-0.06813217461854515,0.040122509870333944,-0.05889025733254338,0.397422645273813,0.3172018267828802
2016-04-26,-0.032652749507001144,0.022889603822139115,0.16014258647174118,0.014535892088505475,-0.05692138201076857,0.0,0.17977684683228778,0.2701786384101834,0.2770692233359109,-0.0731444055583268,0.05038337050503561,-0.06081249534014166,0.3952736754130659,0.31703569254646546
2016-04-27,-0.02968348857477321,0.023720545823619377,0.15381379823608654,0.011091773482477363,-0.045483572966970476,0.0,0.17411210149360334,0.2740774367021719,0.2962486512321645,-0.06270263543680576,0.03699416246800524,-0.04942187834415401,0.40948027596117265,0.28046781774721663
2016-04-28,-0.03406241252092079,0.036980298164912995,0.15356977528808025,0.01624917436807416,-0.03754833136177782,0.0,0.1688134720915948,0.26392244432396716,0.30707678010093553,-0.062168497967799774,0.042283686873342496,-0.0415193773014052,0.39770627407381043,0.2860070960017922
2016-04-29,-0.05630151051012111,0.04408611639330973,0.16911756312398718,0.014376297425957585,-0.08239210382521234,0.0,0.16777161464680845,0.2348227432103287,0.3246935319416939,-0.06907037373885805,0.040362830125288296,-0.07325974517497413,0.3591765769120927,0.27020612924384624
2016-05-03,-0.04607582920767328,0.06801795023274249,0.22166342909236203,0.0008666910536685446,-0.13042389025991763,0.0,0.22025698710237251,0.1938626788473079,0.31672339067783906,-0.062273146157989956,0.02650713145111938,-0.08011731762596352,0.39420409932540834,0.3029407822811294
2016-05-04,-0.007887507865000365,0.10013165976036431,0.2181049086947957,0.013168180832872078,-0.10673392549640082,0.0,0.20275770449096986,0.19459287788110902,0.336522942128602,-0.06513507452722234,0.03912376371463466,-0.04329177472889889,0.3890962758921228,0.29914551327318906
2016-05-05,0.009004305281452574,0.08575193876065845,0.22705506438101786,0.015078227253239485,-0.1075469710739223,0.0,0.20536654064494897,0.1938446205194546,0.34785679617144094,-0.06496305696272431,0.04108274215745378,-0.042087421337526965,0.38797059009318247,0.30869112344178373
2016-05-06,0.021369031700649632,0.0447728451931273,0.24452109655664844,0.03390846718905971,-0.08044749137330298,0.0,0.23729488076331773,0.2033213109433838,0.3477350377362638,-0.05492387882082139,0.060395379648372716,-0.013000251885405767,0.43647167892141825,0.32731917195689
2016-05-09,0.044696179299893446,0.03205239659093828,0.27055499776800573,0.058486940161823986,-0.09250155047515096,0.0,0.2655535800302191,0.24657795937598914,0.33496094623465567,-0.04770036706658565,0.06138503558236774,-0.0259384508307281,0.41684347162848834,0.3676656964377263
2016-05-10,0.04075724721164464,0.02033952250514881,0.29963705230788396,0.06488815956562255,-0.13309158831142665,0.0,0.26078192516581633,0.29763402996468225,0.3211433257202423,-0.04861721523693241,0.0533411181149992,-0.029611061459517307,0.38251440540684833,0.3554678907612099
2016-05-11,0.023731028208122007,0.044166889029240375,0.2968914084601053,0.07401174412416567,-0.1659619447580053,0.0,0.25811836757481443,0.3604261291301889,0.31285452489902466,-0.052773503386058906,0.04967550414673849,-0.0194482510223144,0.37959367291085666,0.35260429736910015
2016-05-12,0.04287381465840712,0.04090933800847707,0.31447213482385794,0.0677183999997486,-0.1541391694255857,0.0,0.2751734846102547,0.3287120100631915,0.2883054069003044,-0.04814360885515856,0.07459901918218592,-0.00554859385785722,0.4128726570488739,0.3823290437550413
2016-05-13,0.05246259786941754,0.0477006005725229,0.31884263157794135,0.07415533621800918,-0.13748093364923364,0.0,0.27941331703251393,0.3126413795614107,0.26845986984327186,-0.05073190064238631,0.06331653642037227,0.014035958816595251,0.4370758100483234,0.39286837383129747
2016-05-16,0.0525951812264176,0.03327673770743367,0.32572815535726396,0.04519666916373155,-0.1507328137809376,0.0,0.28052023343072663,0.29950245245277207,0.2997077336197127,-0.04439012996184544,0.07978745149753186,-0.011693877269771336,0.4425548129124366,0.39083504855664586
2016-05-17,0.052449447133912974,0.01215213292554651,0.29512562753502536,0.0583637204934524,-0.13640483662687464,0.0,0.29587369791735485,0.2773986422408363,0.28412421060292825,-0.04901800453993366,0.09339026637296777,-0.011830710402281897,0.44628717714668276,0.40835634097539497
2016-05-18,0.0974403077318513,0.0554203351564182,0.327217059305817,0.07384919000326096,-0.12496288178092163,0.0,0.3196658663058609,0.2832102507912506,0.3077006590635487,-0.05576948176500873,0.08931364352925963,0.0012617533715679752,0.4977844427077185,0.3676008525506005
2016-05-19,0.10102783053109965,0.06426079289931708,0.31751642578858275,0.07366581411698991,-0.12659744675891482,0.0,0.33163175508730114,0.29484558329185906,0.3001181252083438,-0.0639656508953147,0.09134847598915208,-0.0006085985961247209,0.5064691529018412,0.362459205114956
2016-05-20,0.06889628279556592,0.05396637756338585,0.2872638921797448,0.06361289834207318,-0.13504572249970603,0.0,0.3129237146164281,0.2570578076189969,0.29403061867442926,-0.05987273719588837,0.09202929225614476,-0.005288020848629005,0.5205797787296595,0.38411813742240875
2016-05-23,0.05133591465152354,0.0642271540266719,0.2881200440038558,0.05800820231109394,-0.14419478860727275,0.0,0.299036245449928,0.24342533139481826,0.2863012187414864,-0.06548822998037873,0.11788398451240756,-0.010255371556001536,0.529881576521998,0.4178088425095361
2016-05-24,0.04102325521950356,0.04639917019507256,0.2669608218510735,0.06156872124870483,-0.15258946776000237,0.0,0.3031468840201501,0.2473599961467261,0.253025695703027,-0.05687086896920179,0.1143465797326213,-0.023294667162854776,0.5555102253563169,0.3900328158630404
2016-05-25,0.04758926198740521,0.04744738485007893,0.27191979488018947,0.06354023162076894,-0.14724462722739984,0.0,0.3345672048950221,0.2774352331027492,0.22878781693072248,-0.06056234217270795,0.08747844419827477,-0.017134330404285247,0.5832042960399628,0.3694620255830705
2016-05-26,0.04837517861251084,0.05298550207175379,0.2711147823517841,0.06983656249132486,-0.14273589553916932,0.0,0.32921852350884184,0.2783935835017277,0.23501871018641385,-0.06115673486984641,0.08666260213139632,-0.017756397283776315,0.5751762403946707,0.36756788723509937
2016-05-27,0.04777330257469292,0.06921048179059364,0.2695047572949738,0.08767627375968434,-0.12952669875421818,0.0,0.3289550642883017,0.27765965305344276,0.24892618650644094,-0.060266273347434174,0.08728645911958033,-0.0026214476556237765,0.6089912740113095,0.3894252510965128
2016-05-30,0.05934869542731702,0.06036150261323692,0.25899810649592303,0.08713772371536121,-0.12596504412336462,0.0,0.3179563920045847,0.28576148978808735,0.2296531734140208,-0.07025043563726241,0.07813133733330391,0.004515280949093148,0.6069564312880091,0.3936822505259012
2016-05-31,0.049343735526059085,0.025943691409630487,0.29327232909253786,0.12355332294780252,-0.10779040420910568,0.0,0.32495345975531564,0.34067422008112036,0.22312490994758494,-0.07945399833041411,0.10175791982618043,0.025403122329887173,0.6421718891562438,0.4242239364232365
2016-06-01,0.04930102719331497,0.1022626156225801,0.29075624023614166,0.12393616759315496,-0.1741972958864555,0.0,0.32489953409557804,0.3406196545857978,0.22354168306623134,-0.06809515929734433,0.10180276141835876,0.0253613883810746,0.6434052900425478,0.42577893768165587
2016-06-02,0.0327750001413718,0.07453470886370517,0.3100840659646862,0.11509593882398428,-0.16642988858649665,0.0,0.33041994882097625,0.3356359383977465,0.2348129571251396,-0.06578632104227444,0.11048952730376671,0.03500582220713766,0.6631788831045569,0.4299735034830401
2016-06-03,-0.011169958011181258,0.09786772708281255,0.373323815658958,0.11714567337939052,-0.18149626908018313,0.0,0.39464134249906135,0.3090271207273618,0.21249430438573902,-0.05830123371877083,0.10944665468672032,0.027685155239539627,0.6814762667839309,0.4666428275727923
2016-06-06,-0.011574483393331447,0.13614571135683606,0.34776094160416027,0.14610009292263726,-0.21191626278842868,0.0,0.36547452536922065,0.32967458289189344,0.19476054415152588,-0.05683559247254877,0.11154408837361185,0.02414282474073226,0.6834053995721872,0.43597020813792353
2016-06-07,-0.01855017287161842,0.10011718419696769,0.305021844669485,0.12973126817774694,-0.1925014094909684,0.0,0.3678400365427337,0.33197807521235,0.18619472379884128,-0.05846950500845827,0.10543899156365244,0.01689633372792243,0.6970614004522844,0.39043389080863156
2016-06-08,-0.04410401146747256,0.06641249628342338,0.30542788755830586,0.14762262969770013,-0.17679132018145416,0.0,0.35297028873449166,0.3174981817047904,0.16234414788447005,-0.04823415537672804,0.1057829364894658,0.03668030909227893,0.6785704071105176,0.3478346649922215
2016-06-13,-0.030976915885977285,0.09996596472109553,0.31842695953183253,0.12132111793992251,-0.16834409306771558,0.0,0.3715503126201516,0.29634587662839906,0.20055733682456522,-0.047646052339959,0.10092527276450647,0.04731804194171074,0.7026590219737636,0.3390922216006791
2016-06-14,-0.021139016434223334,0.12105413017574729,0.3140152463140573,0.16467865174820817,-0.1755250136744816,0.0,0.3669608383233134,0.3095068844496176,0.19654003830584665,-0.062157443260424494,0.10283957124101151,0.03827498982541111,0.7684948427106788,0.34142064684726536
2016-06-15,-0.023731200815514053,0.09011812496537552,0.3542227440853858,0.20234655874790586,-0.18229094748989627,0.0,0.38481491748810126,0.3094073638403325,0.23315291708213226,-0.05913458248124759,0.10212157672848465,0.06333431131065903,0.82582570860779,0.3405473261136407
2016-06-16,-0.007142337547277333,0.08227772755023888,0.34513425170379497,0.1951639664428515,-0.16668264488412377,0.0,0.3715428050652796,0.29685795993032693,0.2287009620350562,-0.06942039088769114,0.10105988811092215,0.08363107047101126,0.8042668470536958,0.32769947576511504
2016-06-17,0.0058008330008425535,0.08949084227873305,0.355030126691561,0.19165235713113082,-0.16658232601374812,0.0,0.39761238668608323,0.31270860899299047,0.1715758463623025,-0.06744360732913612,0.09782477371288678,0.09098365777220141,0.9003935371832668,0.33746708670569747
2016-06-20,-0.01175145758662599,0.10805831890480744,0.3295927434430248,0.1922353220979165,-0.18303444042063888,0.0,0.37760792473476257,0.29746134690071946,0.15160944894173567,-0.06245747339885466,0.0983618375460713,0.08803996962116578,0.9514088795428539,0.3345126364490545
2016-06-21,-0.017604170572148248,0.10038006009814127,0.3299857723507049,0.19385663568980394,-0.17713180484959723,0.0,0.37098641991541403,0.29084153765295384,0.153175515654832,-0.0629634741348234,0.07480809205155348,0.09590113751508245,0.9613652104792836,0.33672191533163964
2016-06-22,-0.0029011133020436786,0.08365589799432538,0.40710241774378786,0.1922817300257449,-0.184225237349936,0.0,0.3915053301598639,0.3019690759026259,0.17624773465653032,-0.062040324358697885,0.12030017163633411,0.14265202167729174,0.9907200429749212,0.3031192895955699
2016-06-23,-0.0023287058427390317,0.08721601309248306,0.41674441084965674,0.19855692737260733,-0.18131529300368643,0.0,0.40183927169026057,0.31163808112534874,0.18469034058790457,-0.06648170418867339,0.0976117012147113,0.12358682445808777,1.004361202771133,0.3189073070822863
2016-06-24,-0.011157551989229297,0.11895587750738512,0.42827835808983705,0.1895104090333688,-0.1913372465908889,0.0,0.42119631432328664,0.32769453834252826,0.20477341922753012,-0.054109376855939195,0.08082680838458378,0.10983240238365433,1.0206790341216463,0.3147608505457513
2016-06-27,0.03347984143453764,0.12172796670487096,0.42606799384587446,0.1944117197520483,-0.2200283035449574,0.0,0.48535061832032245,0.3205868337715019,0.23770496896256899,-0.05264554258284049,0.11180592072681717,0.10354185435394947,1.1118946218127834,0.37411054519330333
2016-06-28,0.037048065728502166,0.10692355290758537,0.43099168007222866,0.2008211260764754,-0.21046012283548343,0.0,0.4904789855596765,0.32514633249961666,0.23106324406598944,-0.059254730236374176,0.11782963701558491,0.10251498538277648,1.0943165142332343,0.37885484153404825
2016-06-29,0.032859929488707085,0.11061582237363088,0.4343137601756222,0.20778432488563592,-0.20803000185293752,0.0,0.502582004009795,0.3228710642069277,0.229747118393814,-0.0668937895368551,0.11429214966998447,0.1050744992832684,1.1007626009383267,0.39005144728884544
2016-06-30,0.03535502309874916,0.1031567792671213,0.42087794918159593,0.1905207029786693,-0.2235119387151655,-0.002415713436842548,0.4885066961033653,0.3325834896467226,0.2275459731119125,-0.05815299722959877,0.1236726274711808,0.08834979184869196,1.0707350782162308,0.377030259710293
2016-07-01,0.03490536323849014,0.1253253794013287,0.4202608547880595,0.18712973132229416,-0.22163749288994672,-0.008788967666428782,0.487860230207096,0.3272031044525199,0.22929478918940727,-0.05774394836983332,0.13410938290014407,0.1015584233977973,1.0908675511320851,0.37147041803517333
2016-07-04,0.054769674591651496,0.13914006315930139,0.4105459414659147,0.1874407153175186,-0.21927382928165995,-0.032501348190195456,0.4927681990741557,0.331581117510918,0.227215318676941,-0.06085214581493581,0.13440647752898727,0.15972796195909833,1.1913928576256745,0.43740835085412666
2016-07-05,0.08215242499894337,0.10459027391129805,0.39482575846425827,0.19053886969301237,-0.2242737149936821,-0.03899716940357878,0.48710307607723524,0.3265277067966792,0.22858847065495902,-0.0572880371277652,0.13736626014938103,0.16824691000401404,1.21953625260856,0.4358000103370583
2016-07-06,0.11201100892775506,0.10147147370554377,0.43331157710964385,0.18717739443883552,-0.25127021297518226,-0.021607120404305125,0.44224828883337497,0.2865162785247355,0.2713452868273809,-0.028853461739475228,0.1341549172560461,0.15952882058541884,1.3414573402020507,0.514669773613645
2016-07-07,0.11958331019821,0.1085670614566614,0.44307179260136853,0.16402628817783604,-0.246488845546611,-0.037045385387373564,0.4515391325243956,0.29480390953963886,0.3157311741173212,-0.03510950708056737,0.11203780053126122,0.16693353912515696,1.4002368221212769,0.48568910133869303
2016-07-08,0.09015329569353914,0.09801449834563103,0.40513837272927256,0.16240051553311208,-0.2526091809821144,0.00856122536148951,0.43772178323028377,0.2859070511445778,0.2773158169108314,-0.028479550205246507,0.10145219910040337,0.15745521269538298,1.4508207169972458,0.4466354182375325
2016-07-11,0.10732454954422921,0.15179188639265173,0.42590627087083055,0.1807097518645897,-0.24156276968017942,0.037872544206334346,0.46036766780820293,0.2853163948186619,0.19892063437443186,-0.07235767047572017,0.1188014245624256,0.17456236201761177,1.5209006122042474,0.46942170351877155
2016-07-12,0.13181423508281864,0.1517376462302431,0.4574417373205739,0.1806541499025902,-0.23160783982749444,-0.04579054431772123,0.4602988962007504,0.30541361782418663,0.17759520135629137,-0.08690598189948573,0.1435449336618464,0.16394714101017938,1.4760608658443881,0.46935250553883523
2016-07-13,0.15288470586246317,0.17317902209254177,0.4890628414867322,0.2026338511603396,-0.22485029037673,-0.05826013892629611,0.48865768530629405,0.2969690020991149,0.20314466901193384,-0.06709521326256318,0.14793064004919554,0.19138808177002198,1.4139477283646222,0.5062118959689037
2016-07-14,0.16319301414048848,0.16906456570296302,0.5053573444853261,0.2133869823453658,-0.23179042156558494,-0.055135965013961896,0.5019682464253341,0.31503577350815926,0.20914676938262677,-0.05031558819886928,0.1581946524515161,0.1807212525347497,1.4344272179870492,0.5226940574812269
2016-07-15,0.1661464507813888,0.17661949787341324,0.5150855262842817,0.21646786533699758,-0.22622216344749235,-0.11088542525003187,0.505781859470233,0.3171579010081098,0.23604689836499282,-0.045779594402649004,0.16113539786716213,0.18927954298594374,1.4520728182242757,0.5241030607135324
2016-07-18,0.17349252465685527,0.18403154611906936,0.5118028444097453,0.2241309361287569,-0.2207325905584071,-0.10786177341034386,0.5164646406021571,0.3265024879973599,0.2420790817431051,-0.050624304352537175,0.16844990489707756,0.19771689596804398,1.4716629536521317,0.5011747041744654
2016-07-19,0.21149753229836676,0.22237787301297463,0.5280289221878729,0.26377593139226585,-0.19460330139450865,-0.1135543781463425,0.5655772246563417,0.22996738161085073,0.20043144821182302,-0.0019528110467356141,0.1759056144095159,0.19135125279626752,1.4981911451260235,0.51728671084158
2016-07-20,0.21605114918988155,0.23140026064671804,0.5187526694508162,0.2685260454245746,-0.1887930429582968,-0.1139586109299443,0.5714617095232992,0.23004112691718737,0.19935334779470937,8.47224935982549e-05,0.17644184538414875,0.19871098037893087,1.480168801352613,0.5080756711812893
2016-07-21,0.21232342200824506,0.24170502767633306,0.49435247540078087,0.26463745979781605,-0.19154103400518607,-0.12965186694183428,0.5457106605382782,0.20988482968074784,0.28657428853517364,-0.011967407932990448,0.17283553799520823,0.1750074063512128,1.439527054940525,0.5398948388409783
2016-07-22,0.21312135763193263,0.2697049924354544,0.49619804546057567,0.28047982441027797,-0.18194542523356494,-0.12935534734749166,0.547619659494786,0.21068116025445094,0.2728329044564992,0.001062182297406844,0.17360748320347863,0.17460709214791037,1.4105722802499012,0.556341838139693
2016-07-25,0.21312135763193263,0.253686034958289,0.5194442406684934,0.26058520949058095,-0.19875080343089724,-0.1252721366914442,0.5521395767246187,0.21421702812902566,0.298980840060316,-0.006627360909455704,0.17360748320347863,0.16909833701949473,1.4560248743260438,0.5608872290221101
2016-07-26,0.22138410372106665,0.23318314594757483,0.5371430670012658,0.23387194163325353,-0.21185450155714047,-0.1226417175242579,0.5702192456439505,0.22178813976194234,0.2838500207235619,-0.028250027304834946,0.1816010945441835,0.14997880248043538,1.4574389544618862,0.5715186590649852
2016-07-27,0.20521148749447793,0.23520832765953803,0.5167894167185778,0.2624805491930411,-0.2105601781186004,-0.12186737124456182,0.5494276263867193,0.23950593536389175,0.2462810892686791,0.0020199064207411244,0.19141143573504849,0.1589705505230541,1.5256150666915977,0.5845663232085139
2016-07-28,0.20661780194896373,0.21164970376414094,0.5146246964550492,0.22383795417818408,-0.2256168413836488,-0.10979933126044705,0.5512355932786523,0.23773694648153865,0.24482685229170298,6.920437525770318e-05,0.17905767275395923,0.1368659786105988,1.4909059320902398,0.5360651762078206
2016-07-29,0.1952128628482499,0.20019720317902823,0.5247644433769241,0.20782669982433344,-0.23293630306436708,-0.09217936309248942,0.5365733303453304,0.3016268018912365,0.23364577278010068,-0.01953167884514806,0.1761509049937029,0.12612033302938452,1.464458760975563,0.5159691086227365
2016-08-01,0.23740514409278934,0.24256543692173071,0.5156690451115418,0.24921520624174454,-0.20585814130792568,-0.10786685944523056,0.5098157628035045,0.295979993651021,0.2182464068259269,0.027900027178493714,0.16146923655778367,0.16587357471818542,1.4526249532828652,0.5484782170162437
2016-08-02,0.23838312036659604,0.2435474916042757,0.511133338495505,0.25602975947705686,-0.2052304957065273,-0.11055374355515968,0.5098612273551433,0.30338459012191565,0.21554018458230084,0.02583066663025102,0.17039789180358333,0.16679501641395955,1.4525510982493004,0.5497020481632029
2016-08-03,0.22987922572630404,0.2324082314481255,0.5007564862220388,0.24162345244572858,-0.21234976081885382,-0.11462243371110092,0.5128756473086813,0.2815420412783811,0.2238872182996765,0.01878635557308672,0.1569737581388191,0.15634327788005997,1.457447587299877,0.5597491508418257
2016-08-04,0.23381917637271754,0.23635628383129514,0.49415264288114846,0.24153232289476234,-0.20982650243372503,-0.11713331098134072,0.5232772879983196,0.29035316852850057,0.2249103197129796,0.014303346136307349,0.1489978738611153,0.1600476541715361,1.466290683633885,0.5489966349426116
2016-08-05,0.2529532042172351,0.25552965705614605,0.47368326221602874,0.2597663451391512,-0.19757251741390913,-0.10860437573665804,0.5130741485427424,0.2817101897161909,0.23412092236133608,0.02901974017790865,0.150904541630126,0.18059368194351677,1.4325033439837713,0.5515670678610176
2016-08-08,0.2510909346313288,0.25700235517254266,0.47149292062206727,0.2618256261378018,-0.19663129437269455,-0.11147881813506932,0.5086542211899177,0.2779661128437012,0.23228664327468818,0.04801598631937054,0.13493090992710854,0.1805380959026064,1.4225443670035438,0.554417116724629
2016-08-09,0.2513667334446261,0.23222594078552583,0.5023590094398165,0.2633428608412911,-0.21246626546425718,-0.1301164706385558,0.5125057527441554,0.2652716329160816,0.20485141661670414,0.04708032315195165,0.13629556485797623,0.18460593883029786,1.475945060399864,0.5866799604283999
2016-08-10,0.2394612722387366,0.2316170482179225,0.509517679844605,0.22963961435885083,-0.1958097850986914,-0.12031943916586174,0.5517025410660037,0.29806131604625863,0.19955536643377347,0.052539528969246074,0.12349807756750164,0.2096605678522423,1.4877428227964673,0.6092640765216468
2016-08-11,0.26834953479426793,0.24813859257702875,0.5624857906409646,0.2296942165372513,-0.18380543502201385,-0.12189759689639379,0.6423165992256754,0.3738636044837256,0.2416470771861594,0.06295187910208644,0.11532889291192072,0.24664995182791083,1.51899604291558,0.6669883694956988
2016-08-12,0.2909943693336263,0.2591556510560369,0.5591937179928546,0.22838223491889686,-0.16751359859716353,-0.12347137592272883,0.6388563274022563,0.39592995705558853,0.22616532648327659,0.05547450053492886,0.11732784111309447,0.28560067159967883,1.5273340924218237,0.6725062152224828
2016-08-15,0.26413536428023665,0.25074577137227494,0.5734179424944794,0.24978671821805398,-0.19442941333003472,-0.1052352880645887,0.6197110612651953,0.35309184184724907,0.18747876704251443,0.04056495878647315,0.08120257934713515,0.2628310749299745,1.5231792349418436,0.6184310166935396
2016-08-16,0.2911356631050024,0.27746008578439607,0.5724208166300326,0.24719321485548695,-0.18166570439308438,-0.1243463067756797,0.6186845979533828,0.35223434376232277,0.24829255052301868,0.026789317787039968,0.09833348662332231,0.3065216528116852,1.489775831315491,0.588080552243313
2016-08-17,0.286401875566461,0.25330633200051333,0.5724584093057696,0.2559819509953507,-0.19713847360830394,-0.12113583195145061,0.6187232966812093,0.35226667232645004,0.2292669945791992,0.028024301680544816,0.09301180804188647,0.3049502172992715,1.5164492654804507,0.5657862818162576
2016-08-18,0.3213581157524108,0.28324026002667835,0.5958208436660974,0.27611787881420824,-0.16979623109837982,-0.14212659540602313,0.6427731008238475,0.3628259189250018,0.2189670829753696,0.01635954294406128,0.13433768430768178,0.3493915862425969,1.5420466383479323,0.5949262775160855
2016-08-19,0.3227921461384,0.28646242376521114,0.6083736145912142,0.27786049430450777,-0.16046416353314796,-0.14428068039122843,0.6556951995033031,0.37354594532331387,0.20757877907618583,0.021863330763930655,0.1384170224901451,0.36455968584232723,1.5448054454256916,0.6223727464867514
2016-08-22,0.31704337720982734,0.2884076457046538,0.6004714536591635,0.27962277146475567,-0.1485527320874347,-0.14557458837000647,0.6484996554823639,0.3675766036731589,0.23610921662434303,0.021419621297122715,0.13036590415500315,0.3967989778638721,1.5908855773221893,0.6246101350352553
2016-08-23,0.30937138663337294,0.2775882020240925,0.5676550393699995,0.2857308835311454,-0.15689884473373117,-0.13839952413378398,0.6388968785040212,0.3519673011264275,0.23698919081778658,0.002743809203190617,0.1384002220199898,0.3831071826666612,1.5872460706213096,0.6151465183753333
2016-08-24,0.31906956895346505,0.27242276716448566,0.5803522962788332,0.28053252688121466,-0.15180995915416973,-0.14110900569532903,0.6326058589867043,0.34677768072399906,0.2428652235294888,0.01962132034314701,0.12385848586554671,0.37094498989685376,1.5800193416935557,0.6271094996721378
2016-08-25,0.32148585587744494,0.28389017756690293,0.5832472039309062,0.2787564475499096,-0.15619087196955228,-0.14884955842418368,0.6355964853205467,0.34924472368824766,0.26375547267578714,0.017081280662843312,0.12229971106978321,0.3638640408333227,1.5832373618500313,0.6237798915048292
2016-08-26,0.33169521227678556,0.26772645817304785,0.5496057147230025,0.2626573599858546,-0.16033610240296414,-0.13813387795557885,0.6753319077327204,0.3820234741406505,0.27017789807304604,0.03655411814239695,0.12511073100984516,0.31716514203334456,1.5053543362969384,0.6589355363514888
2016-08-29,0.302524706716377,0.2787266790953513,0.5681661213734099,0.2681613506640481,-0.147279094392886,-0.15153613675383637,0.6840723323455555,0.33617489702887937,0.3123160023781708,0.01790383525276873,0.1300151486069383,0.33512274821466814,1.5343276486341706,0.6561882992466683
2016-08-30,0.31790143849268193,0.2822757297136065,0.5771259766903465,0.25676354917896704,-0.13281862646320852,-0.16592441362530108,0.7039533591029332,0.34538714598507303,0.31018495946696967,0.020879734878729517,0.11985895804631896,0.35405822628952466,1.564246218535668,0.6607849782739226
2016-08-31,0.30607463747608166,0.28078901607253814,0.5635978563786646,0.25634837380043374,-0.15038890789665516,-0.14902490074761965,0.6821622139824965,0.33715893566498045,0.32694036561340845,0.028790147565828095,0.11948900948510022,0.34244351518527405,1.5314531487171026,0.6588594082698542
2016-09-01,0.3102986415223037,0.28730717445746135,0.5641133509352494,0.264200845281664,-0.1498217100441568,-0.14959300920725682,0.6876025309401819,0.3620737572757109,0.3066113475332468,0.016074099392050067,0.12648607789689792,0.34883286073861064,1.5322877305202751,0.6673016327312877
2016-09-02,0.30516743111603506,0.2913285700960824,0.5679888237231987,0.2814359201146799,-0.13580354911195136,-0.16361494107218877,0.6917839783280086,0.361021800709602,0.3117281182685214,0.021642412001270372,0.14184366282761984,0.3710730853313404,1.537903914416931,0.6406422819881628
2016-09-05,0.29274440746849395,0.26869579567757107,0.5556670997159239,0.28593060471338916,-0.1567436154449443,-0.14334876363547822,0.6742000956470087,0.3468757584391149,0.2977971284746668,0.0069777377824822295,0.1397401001810763,0.33785105424718487,1.5243266650949678,0.6380884356423377
2016-09-06,0.2895344155299131,0.27025512094127624,0.6051784291551656,0.30880726031623884,-0.1507767208560543,-0.14941044039292906,0.7274839071372212,0.3897420049528999,0.30688402617404487,-0.007681765255011852,0.160016032376042,0.3345290587511338,1.5292907650738692,0.6515713176248858
2016-09-07,0.28161051633501066,0.28780689269521464,0.5953149684291248,0.3064848518929466,-0.14966173263755111,-0.15052722247019368,0.7168689067338807,0.38120235263998126,0.3002496392161218,-0.01760281837412414,0.15795764602197093,0.3434648094439696,1.5335960582738197,0.6364430895629203
2016-09-08,0.28103051037878957,0.2826677871727865,0.5984820926180405,0.31115866044909213,-0.15821513571483592,-0.14198252520291665,0.7160919201382931,0.3805772753789358,0.30201406114007545,-0.02450828558656426,0.16210011452881212,0.3299511332090228,1.529011396402289,0.6499425616380186
2016-09-09,0.29236801354523445,0.2594534535215032,0.6056501474237568,0.3173992551109408,-0.17208445364183955,-0.1278457574255688,0.7312798469057245,0.39279579718955393,0.3017345093091739,-0.0303003994180725,0.16763124969194965,0.3359150177315906,1.5403522130291436,0.6674235337202292
2016-09-12,0.29793683873467147,0.30842353845871395,0.6125689080961663,0.321266102604965,-0.1492541164513289,-0.15189600690777239,0.7387399470632372,0.39879736658607134,0.3187639833735456,0.008779616687385472,0.17105849618104485,0.37275378763613,1.5506176635375652,0.6025907510204993
2016-09-13,0.2808392613185846,0.26795030551001586,0.6127599924222451,0.3037040081518556,-0.16844755070293171,-0.1327621755902022,0.7158357193965521,0.38037116467016086,0.3061443998493676,-0.0078334767000795,0.15549294138515624,0.37275444985319317,1.5266729112491348,0.6045100531149283
2016-09-14,0.3038611746590125,0.28121789543011877,0.5884088180320071,0.29370929898360276,-0.12597139062118945,-0.17706116441491393,0.7596198598341091,0.40518207286948216,0.26531852116910914,0.01950774200966876,0.1466344767161052,0.41566234474900643,1.5215199886796866,0.5920074843469108
2016-09-19,0.28865828684142425,0.2594290665901329,0.5781515687091265,0.30206350772404833,-0.1500529969630603,-0.1543872051539208,0.739102872404328,0.38360187053999706,0.25550278170471885,-0.003815425234517833,0.1595559750357476,0.39392119075923837,1.4904276081974266,0.5843475366411772
2016-09-20,0.2847068258277856,0.26975523140778357,0.596021425122619,0.29799560267073133,-0.14040328645203914,-0.16398770806236562,0.7495089797556003,0.3918807997653597,0.2590550788906931,-0.0033341366791510563,0.15593329182369997,0.40907336021876994,1.4915560363193596,0.5888302613137375
2016-09-21,0.27849985281251577,0.27320623417304635,0.5790257819228148,0.28530624058109444,-0.1445563690836107,-0.1662598630887101,0.7410563469766638,0.3851560230373703,0.2500819803637273,-0.005642124012198324,0.1446327480766827,0.40552852157671015,1.5050126123267495,0.5769998358326585
2016-09-22,0.28092409823160813,0.24274691256273306,0.5740043268925745,0.2664468716647155,-0.14293430765045623,-0.16094511047445614,0.744357675376706,0.38778250604883846,0.24278158363221114,-0.009563643129102517,0.1278374890262115,0.4081936341868839,1.511675538696705,0.5728779673182351
2016-09-23,0.27393473466501406,0.2515530951096283,0.5753447114879358,0.26967140184997773,-0.14761088742013628,-0.15834894551257617,0.7348395860533665,0.38021006947783076,0.24759380725353775,-0.01889227834764251,0.12985024963315173,0.4038364663564389,1.521627328317173,0.5605883828670735
2016-09-26,0.2799972625228708,0.28775383568372215,0.615808018429497,0.2863189001295241,-0.1435544529732743,-0.16931419795343372,0.7525989537521698,0.38677835101393643,0.23727699933414792,-0.0091912044299447,0.11248911546769613,0.39663621917873404,1.5993296240580475,0.564791456802364
2016-09-27,0.28115550461035554,0.2626438643288618,0.6123090723453999,0.2846418551403074,-0.14277947375476396,-0.15657003375535483,0.7646342062031184,0.39630148094176754,0.2538793877440504,-0.020450777189425562,0.10484955404668694,0.39790000535806547,1.6077837595673903,0.5785862868645835
2016-09-28,0.2869578131649373,0.2704074655069597,0.6321384551914475,0.27896545061658196,-0.14536880937583263,-0.16078878393266582,0.7726261729187232,0.4026252816033489,0.23428415571938555,-0.025259400221650852,0.0998457289872765,0.40489215779690446,1.6028592249363633,0.5817184025131239
2016-09-29,0.27333534619156663,0.25625688730205565,0.6160014216478367,0.2836123964312911,-0.15441509282785904,-0.15085539420449212,0.7722486155126564,0.4023265318888878,0.22608225802724125,-0.0345883674495322,0.10007998870139678,0.4034671804977541,1.6117619660367555,0.5641002519900817
2016-09-30,0.24644214330207226,0.2510545178993153,0.579345930404507,0.2736512296850324,-0.17227408538381805,-0.1486657760386042,0.7320489951802156,0.3900452210431937,0.1982712382653331,-0.05098544429397989,0.09662773082178955,0.39766280723477787,1.6009604015003154,0.590665782339604
2016-10-10,0.2538939277802983,0.24147992033387733,0.6108448876686592,0.26233363783042796,-0.16732557240557266,-0.1584680088617484,0.7008557275488196,0.3773631190006925,0.22124548633280683,-0.045309579958202284,0.10663025172414553,0.40601865597490017,1.6153580736945532,0.622390506185653
2016-10-11,0.24246594178614078,0.23666302625502045,0.5981473381729825,0.230082878673735,-0.16835097536750565,-0.1519080199931252,0.6853541328749231,0.38113769515977025,0.20493480917885498,-0.037784194395428905,0.08881769966515374,0.4042872041053682,1.6912298941636217,0.596276169164393
2016-10-12,0.24148405484876023,0.23788866792150887,0.5873151389208877,0.23465757528916265,-0.16509105252596123,-0.1583828520679088,0.6659926571622716,0.37463239467200005,0.2002116695001308,-0.026730186464903993,0.0896781625885501,0.4097917712931607,1.7115977828562516,0.5854566526450169
2016-10-13,0.24955195710598743,0.23734585316565493,0.5688052263704673,0.23311351982802142,-0.14816449722274316,-0.1633353502623509,0.6367617367127216,0.38356557408458847,0.20348571084616607,-0.009653537073272433,0.09827619927681797,0.4383732333256507,1.6902020918887093,0.5794783577104272
2016-10-14,0.25294281392346707,0.20289713541651655,0.5647635102256066,0.23361277695516924,-0.1461752228151585,-0.16313369561520352,0.6329394397744736,0.3876535678831792,0.19711931934951177,-0.005696897184096383,0.0924663619077164,0.41547251123801887,1.6410882951010382,0.5754091443552514
2016-10-17,0.2544359303430239,0.20264327663357617,0.5834903579616852,0.2380193494716858,-0.14877456969310743,-0.17060146290048261,0.6379106893189674,0.3942640371056507,0.17863712279807764,-0.009231993199994903,0.09449034018730318,0.4263880138421554,1.6364620892007946,0.5802052511798554
2016-10-18,0.24566309887657223,0.19562715047731394,0.6026279120178497,0.23507513079339093,-0.14657266977640937,-0.18277074567000517,0.626456047366416,0.3878291200352102,0.188562028184464,-0.008582382850085946,0.09671055481968094,0.4201023412413809,1.6626705838276497,0.5993031024943509
2016-10-19,0.24246892712705503,0.19703985766854193,0.5993691715344478,0.2329546256688506,-0.14030223029781952,-0.18711349280256617,0.6218899385937857,0.3839329319210798,0.19395805742271044,-0.005799079430151233,0.09482760835460335,0.43053634712425426,1.667242132940085,0.5960511225891922
2016-10-20,0.25227168032253133,0.19334080437397416,0.6001950011859261,0.22907103613300905,-0.14070811092801883,-0.17984479335369208,0.6419402260897855,0.3889454590915751,0.199298108094784,-0.018089687943017574,0.09534449851681992,0.44754567939192746,1.666738247285097,0.5850363430904317
2016-10-21,0.26864512943974894,0.21408287036765228,0.6211175468613146,0.2228016966800912,-0.1385669378975628,-0.1740764473461971,0.6476174193720508,0.3925693408919466,0.20186701214615543,-0.02148475345077494,0.09261513247821407,0.45115265602988264,1.7200479431709823,0.5906009102797598
2016-10-24,0.2720081925315767,0.1892611947245295,0.6317734902636312,0.22567314175975461,-0.1429363242346816,-0.1687544343652041,0.6641576275951739,0.39636267033326544,0.21099145146047138,-0.03406151946293867,0.0951808668525107,0.44379207647091445,1.737927385035106,0.6010562614715538
2016-10-25,0.27488234618105345,0.17791813808244306,0.6198968525480686,0.23305932238888682,-0.15111091352020234,-0.17967771236770003,0.6406108393583261,0.41952726486547576,0.1994411337607669,-0.03624409629326586,0.10562659455399759,0.43328363548253046,1.7949035020760489,0.5518420125422616
2016-10-26,0.27746138007591226,0.17856093180120158,0.6231738364214519,0.23372810940368027,-0.15064767201379325,-0.19799400889547647,0.6439297267644091,0.43186674970316963,0.20744106259617912,-0.03659995238312397,0.10725988712103196,0.4295918880808751,1.8005574754692062,0.5153407810739121
2016-10-27,0.28368607157858516,0.17884698279355993,0.6314770464029889,0.2247221079367825,-0.15044152393122356,-0.19517232650345595,0.6680418206199434,0.4268290402095125,0.18973110106172397,-0.04129431589469945,0.0984898993032024,0.43690484579882805,1.8416342341632896,0.503205604320802
2016-10-28,0.2750177128836182,0.18040599249094424,0.6483270307303415,0.2316092598900843,-0.14931799397184953,-0.20733065481571766,0.6790094014911003,0.43621061727452703,0.17901689686332034,-0.039837494022346154,0.11601245580549158,0.45174527777731543,1.852354101154004,0.5066743606007014
2016-10-31,0.26812342680205914,0.16610480914849157,0.6553093018097096,0.23143475729818452,-0.15962441346795975,-0.20274318841760453,0.6699306482859175,0.44841321814279245,0.16719921100085156,-0.045913511789817396,0.12058173191319588,0.4433434987494227,1.875541267510866,0.519475648684582
2016-11-01,0.26305811228078646,0.13039573532585425,0.632482818450403,0.23612062609295226,-0.1710865347529109,-0.21007540924760815,0.6469025386071883,0.4183029496220494,0.1854196602736713,-0.06770112220198365,0.13076181759410455,0.39914467618740757,1.8582781552702348,0.4985222923712629
2016-11-02,0.27116160728548855,0.13807985301714099,0.6603140108935897,0.22476075260334438,-0.1654518101836301,-0.2160055436720798,0.6648419144858462,0.4476253465101778,0.1738244947980483,-0.06613232106122513,0.11464384519096127,0.40865567487837673,1.8758725309956334,0.5295031666720089
2016-11-03,0.2719926138110844,0.1401235703643804,0.6517517393176826,0.23152580343378615,-0.158951299911123,-0.21865096784160742,0.6562562924232409,0.43972855313929404,0.18022770507026986,-0.07444174364845924,0.13531935046006893,0.4196280558585419,1.8810369055028033,0.5256215766494503
2016-11-04,0.2754440487702159,0.14888194291256962,0.6572956140944592,0.2390845588439472,-0.15249040563788685,-0.2155342013914241,0.6643542452315034,0.44676783439870116,0.17034911396655716,-0.07894196378348917,0.12430268308783732,0.43053356795939,1.9031688876838326,0.53839113939567
2016-11-07,0.29220668061327504,0.14496661624604457,0.6585586191563209,0.2472720538027693,-0.15537867186525,-0.2104273691536237,0.6761241345530093,0.465782103659504,0.16897632439688826,-0.08748071635223187,0.13162183606712907,0.42565838799808686,1.892686595840746,0.5256155088928813
2016-11-08,0.28176473085829,0.13358469619034707,0.6657954751229045,0.23920100521689336,-0.1637749100592385,-0.204068842096791,0.6834376348440301,0.4721778100518266,0.17839023680606925,-0.08843596978019486,0.1407349281141803,0.43637619088617985,1.880407198054837,0.5143268212245582
2016-11-09,0.30254416169129783,0.12885383297572917,0.6785753175198446,0.2489848837834554,-0.16726478296457725,-0.20229088109677595,0.6963528264024637,0.48347223405147544,0.18300581254577009,-0.08227153166309298,0.1497413862806274,0.43038166810667033,1.874666938218192,0.5173446686446381
2016-11-10,0.29808045021889984,0.12450946491873749,0.6856261652220372,0.24397460086734468,-0.17046954532719794,-0.20482544839448436,0.6835717882963961,0.48970355217200123,0.18531361569646498,-0.08625264046565029,0.14608830416155194,0.42487687709945177,1.8530079843096834,0.5140721987439067
2016-11-11,0.296983043504641,0.12540823440370974,0.6788353618171599,0.23577017536443745,-0.16980653920517397,-0.21151447610760976,0.6955417781696773,0.4936243743504434,0.1917008043739985,-0.0889510228852115,0.13644738140723733,0.42601571665299165,1.8770075570252382,0.507972526791374
2016-11-14,0.3096324626317708,0.1389475970487415,0.689111637582315,0.2245748878026157,-0.1598187943250321,-0.2217496728599263,0.711032701241622,0.5072705260285348,0.1924357132002954,-0.09415910025976282,0.14753110321481389,0.44317157470969915,1.818294033897414,0.5226797171583641
2016-11-15,0.3054284294783749,0.14893601113711674,0.674005129350717,0.2283679921993078,-0.15775002469847865,-0.2132366491477824,0.7031087422395261,0.5204890816461836,0.1817712079560505,-0.09372308581258504,0.15476923932475262,0.4467250813812347,1.8135135981056294,0.5100236119424508
2016-11-16,0.35457331095020295,0.18550102642938282,0.6757985867938519,0.2632212533085443,-0.15484301699843506,-0.21635854389007736,0.7514321225845475,0.5688788143929981,0.1844900067473605,-0.09319348807349603,0.15078357809717136,0.4499400260065263,1.8166334279224565,0.5528684658969352
2016-11-17,0.340788434766496,0.1806774691967441,0.6801669438703795,0.25314573593656853,-0.1582817850696453,-0.2201955379907633,0.7374626103310777,0.5640471589892122,0.17956436833615186,-0.09198180127108246,0.15546587724966665,0.44511038561055494,1.8177776508973427,0.5548414138538547
2016-11-18,0.32760808431222666,0.1728143541121525,0.6768442263679444,0.23770787333764054,-0.16388748803719433,-0.2213641552571679,0.7224553729696723,0.5471230980607298,0.18733235978635987,-0.09571225262138683,0.16316108733554535,0.4573141313879536,1.8247910686498425,0.5581543653534842
2016-11-21,0.3077589687608926,0.1613099461617482,0.6517736688712961,0.22843006066502647,-0.17208910954389844,-0.22789728033136714,0.7018168334138493,0.5485070188890842,0.18991221233442457,-0.10654747003078913,0.15444207462758497,0.44301899915275156,1.7909442920528087,0.5501426416510178
2016-11-22,0.34785660510068417,0.17289064851833058,0.6588964476026282,0.22418196978316973,-0.1638330968990107,-0.23324911189841246,0.7091554082889084,0.5585939264883972,0.1847810726644481,-0.10269472385989986,0.15044984502665648,0.4574089331917337,1.802681091518699,0.5413689850154164
2016-11-23,0.3241539577700083,0.1646745662481366,0.6537904023745373,0.20265419495271964,-0.1696904341334492,-0.23479480048398693,0.6878053810859646,0.5391246479385992,0.18653739341041597,-0.09990280964105835,0.13607892511625952,0.4852473442035161,1.8279637408600493,0.5444762216463328
2016-11-24,0.33804086508201836,0.12396369256084339,0.646095799995974,0.18628189963013675,-0.19871367275901275,-0.22368606668400803,0.6799525169737959,0.4715332472654641,0.17993650398890648,-0.10333469639935167,0.12061295015036566,0.4783369233115735,1.8576216746075613,0.5372902261346579
2016-11-25,0.3133230353053922,0.14074994292959753,0.6708794347514255,0.18474666910842585,-0.1867465665302691,-0.2359139511219719,0.7052458987971879,0.49471167769414937,0.18075679688231583,-0.10131278185195502,0.11916270531005257,0.5004156914144304,1.7782116864485027,0.560435683086641
2016-11-28,0.3087918458322958,0.12696934936255633,0.6506947215874661,0.18065909012668535,-0.22104226529164916,-0.22690798033232096,0.6846460286776781,0.4766551226551765,0.17121505632021172,-0.10052737300837133,0.10542148785237848,0.43714168302807366,1.7773957238703746,0.5415851628044301
2016-11-29,0.27277214855633236,0.09595364970596632,0.6052654011375052,0.13649404123577913,-0.24994237789514562,-0.22208419810335733,0.6382823229720274,0.4360156041034575,0.19662694537096925,-0.09227594622235258,0.0749988140852853,0.3975896270382835,1.7009580890333793,0.4991586829435162
2016-11-30,0.2904046040860222,0.11113653535675683,0.6346091066751256,0.15601062973385393,-0.22732573033680115,-0.2278431170366244,0.6609784043072819,0.4793160890917305,0.21613152145990866,-0.09017438313911441,0.08989140016624897,0.416951251957135,1.6515854938364178,0.5265627937623809
2016-12-01,0.28638278777655546,0.10767344554307212,0.6336288725536205,0.14828887768442112,-0.23911779138247902,-0.2258995714655273,0.6558016171081642,0.48092211433404075,0.2080081826023974,-0.09447437099700184,0.08649452526758816,0.4125350265059893,1.6752602556502079,0.5163658811405336
2016-12-02,0.29903653015454634,0.11856928040033887,0.6564149503148118,0.1415943220020146,-0.21629781947211313,-0.22271689551311413,0.6720892161735732,0.4843926082393264,0.21002082396620136,-0.08870385409870418,0.09718202975573265,0.45489902090906753,1.6381656924222132,0.5479153775563474
2016-12-05,0.3024902679128596,0.16803138595329803,0.6471416504851926,0.15252206323925277,-0.18164322931433485,-0.2386672756085405,0.6671737351564857,0.4800289034697909,0.20004396173907302,-0.09118512285764646,0.08371358919934702,0.5192333184818971,1.6775645228899245,0.5520308074630831
2016-12-06,0.28080219438527254,0.17931041636883704,0.687485787077357,0.13039324235347038,-0.18927564707549138,-0.21293809419692766,0.6802480218660163,0.48282720574329296,0.17700270402140972,-0.09507925226996716,0.07396953549052965,0.5286154216821191,1.6985624822011323,0.5642021219043414
2016-12-07,0.2893699674151624,0.17800962907659645,0.696549999313699,0.13529534527111542,-0.19271559631832103,-0.20766026187797304,0.7005131750498885,0.4656738753373171,0.1859636267498237,-0.10644479248684346,0.08168952662206252,0.5221294200671129,1.718329273119196,0.58306766746572
2016-12-08,0.3274551299183477,0.21280545129017003,0.7349908292878553,0.1177238195900554,-0.19454867576198676,-0.18706845352282953,0.7507426066694396,0.4824236964057318,0.19412254908395288,-0.11286118269399015,0.08205971679497859,0.5395244189533599,1.7328708010476808,0.6298280162350018
2016-12-09,0.3359621453569097,0.2205777326016538,0.7288893508430769,0.1096572514530354,-0.2113093984471489,-0.19991274369936618,0.7445857336205295,0.49144425581348616,0.1620076805982431,-0.11618096807859912,0.07425053506254264,0.5699336734997718,1.786851473785573,0.6402727926977398
2016-12-12,0.35000564509532905,0.19579272215585197,0.7048619636078162,0.09978096018705984,-0.18346571642290377,-0.23038437795116284,0.7673537220982452,0.49849694713913206,0.16172537040001722,-0.1218448172684311,0.09241829993360007,0.6253581123329679,1.8232217140216749,0.657515175361983
2016-12-13,0.31952746470569937,0.20022046499465396,0.7111746716638587,0.0784470028485984,-0.1811333460424952,-0.20522700753301026,0.7738978226280948,0.48801930899519097,0.18727561593774933,-0.12193760858457459,0.07342055637368161,0.6139934484356828,1.8272443970168384,0.6023676535051767
2016-12-14,0.2849567149855272,0.16877548001769238,0.6406971575719593,0.09527585881298584,-0.16448028412389215,-0.21211767878725551,0.7274228690590823,0.42673281173962163,0.17698195216815615,-0.13509738155554996,0.09260097620054264,0.6468167813960868,1.7793808752997182,0.6476103830624538
2016-12-15,0.28569878049592146,0.16945045059296615,0.618714541874156,0.11036211595126821,-0.17496154782077944,-0.1964273871881902,0.7284204598090629,0.4275567532777238,0.1917467242887232,-0.10504170310180949,0.10765038968288088,0.6261581175509467,1.7327402269938639,0.6703044593561851
2016-12-16,0.26967440257684916,0.15806569045618613,0.6114109015512565,0.11032510925033612,-0.2210399197540791,-0.1922569995110236,0.7042064641703942,0.41145262594497667,0.2615573256857242,-0.09785592935220122,0.12141873530422287,0.5353372371847671,1.7150227604858936,0.6627123765778404
2016-12-19,0.2600519837685138,0.12562556880690234,0.6231259861224143,0.10386310501967921,-0.21547984562380562,-0.19233524719977813,0.7067341334295825,0.4320792578070596,0.29689648947415215,-0.10000483087248735,0.11489216704822192,0.5489251948006988,1.7190496666818027,0.6282239743043891
2016-12-20,0.2761430867928638,0.1400000209944574,0.6464739540757776,0.13849949114699212,-0.20865358938997136,-0.1703449821279699,0.7293334276243046,0.46943311581018765,0.31348286357826716,-0.0916726827342601,0.14987461678551117,0.5624026819089281,1.6953907082296134,0.6584031491852882
2016-12-21,0.25365479621468023,0.1199108538810052,0.6511596274571236,0.13280807776999537,-0.2109056692375998,-0.17114932042540765,0.7191451456974358,0.45877202737448775,0.32315203746812826,-0.08235270028841213,0.14412633861171176,0.5579562655903207,1.7056746182182265,0.6587018439077081
2016-12-22,0.2539182488632339,0.12014620055019165,0.6449585523734331,0.13556630255096103,-0.21624723086122222,-0.1686383048691289,0.7130500193916303,0.4635020095021676,0.33708164876746394,-0.08955229907696738,0.15217884834569007,0.5474101001001708,1.7051060269709017,0.6514814734483796
2016-12-23,0.26656429938443993,0.13144312956142246,0.6081410970966643,0.17583996931814894,-0.21371350530152577,-0.1577610048178505,0.6953684296349201,0.4767759837156047,0.3562492610409811,-0.08992747907307863,0.1830662133494525,0.5411992475260003,1.6570114518170755,0.6637973671794122
2016-12-26,0.2756026925068076,0.13951727771603895,0.6031718452837584,0.1817360157389616,-0.2167852518971587,-0.1573496434225593,0.6901296401669335,0.49504414166925215,0.3520583700107427,-0.10869240631420807,0.19875744050683486,0.5351783205818139,1.6885817515473223,0.6783344185895765
2016-12-27,0.27919609017570757,0.14272732011675626,0.5813608629868638,0.1812020823124354,-0.21894245097750342,-0.15535713080268754,0.6867927251938171,0.5057426059408487,0.3525852806470866,-0.11928579915030957,0.20962802138521486,0.5309499971630502,1.6758684094142988,0.6982818036813467
2016-12-28,0.2809613580293502,0.14430426349484637,0.5894160644873279,0.20477507790584504,-0.2140554642686271,-0.14749750217947977,0.6848309129789154,0.5197539450717679,0.34412231105231506,-0.1277483918879161,0.21958181090360007,0.540528974150666,1.6894988588145994,0.7257819213261407
2016-12-29,0.2756422186476719,0.1395525870805463,0.5940063420129096,0.2051285285539175,-0.21412821736555487,-0.14715836466827503,0.6896967512242,0.5394555178532425,0.34424673339553746,-0.1146858751029638,0.20638206907423373,0.5403863708896457,1.7232946858878613,0.7095119944172823
2016-12-30,0.2936227082232774,0.15561485996030222,0.6164742518994264,0.17022933487772174,-0.21046668623828935,-0.1645221281250454,0.7142621024792037,0.5562126518052921,0.34380631835683473,-0.11661622214180878,0.20901247560369463,0.5460137337437565,1.7332434673402135,0.7304573130742975
2017-01-03,0.30305348207367566,0.16403952839969094,0.6282586794668683,0.17460774119495936,-0.2322009851973038,-0.16221109188868355,0.7363955558220241,0.5575515863969633,0.38210937010331203,-0.12633840316269673,0.22231840043381723,0.5475216679711592,1.7543848814600986,0.727204640997495
2017-01-04,0.29568235896708384,0.16089932102191185,0.6246584622158076,0.13432371607412152,-0.24713909837133796,-0.1650978807958794,0.7265730998907951,0.5485693179345774,0.45173834487015796,-0.11936833104876232,0.21256674438294576,0.5440999670610529,1.801883354743746,0.7569897244286539
2017-01-05,0.28566050646678587,0.15191998925710126,0.625653963724518,0.14259795728044167,-0.24314441322126168,-0.15882164086941353,0.7406102795647043,0.5510954900388658,0.4508487993157033,-0.12134450309689981,0.2152877917756706,0.5450461067467518,1.8001665144528496,0.7487437116421971
2017-01-06,0.2832164821450034,0.14973020396282566,0.6084458970940254,0.127139662486083,-0.24291244128468303,-0.15798024045308146,0.725112180936706,0.5537036403087028,0.4532883858606511,-0.11352110361976775,0.20363919080201542,0.5286913000379689,1.7705258571958886,0.7319819060518149
2017-01-09,0.2694300574677524,0.14792102976304156,0.5972312326962133,0.15206009245929875,-0.2360286004459996,-0.13484513339132254,0.7214240666955913,0.5461008426003917,0.4648975537556588,-0.11162590197530853,0.2400266113224636,0.5262858062534876,1.7853932927836036,0.7282791050376836
2017-01-10,0.2727781952069548,0.15010250807346592,0.601729378429976,0.1546090107575846,-0.23514114430041866,-0.13067875823254793,0.7246954147824141,0.5497285429535173,0.46165648655411085,-0.10755834341449433,0.24544524903591225,0.5291863188284143,1.7919288123004482,0.7255006951377216
2017-01-11,0.2782710727448394,0.15447232086940565,0.5805567794574287,0.16660700263062322,-0.22323920000926056,-0.1331365010421951,0.7312483924863227,0.559868155171892,0.4508952938240818,-0.1089615535663585,0.2419241293869736,0.534996460008426,1.8350518578581267,0.702692014260049
2017-01-12,0.27991989818172947,0.17221867141855274,0.5720331004553212,0.15744039350219197,-0.22223560861949654,-0.14462272719383096,0.7578608459036318,0.5838461809692408,0.44277097957119693,-0.11126213313978062,0.2254682266635777,0.5432744398093001,1.8166545683827007,0.693509680314421
2017-01-13,0.2815268303558671,0.1842688849473717,0.5623544485076244,0.16601965185262557,-0.22285300535274333,-0.13643108594064512,0.7773267704296789,0.6001278570275035,0.47275139834079183,-0.11167244996372949,0.23720409620225857,0.5555830468191656,1.8188904554308563,0.6830831245624642
2017-01-16,0.2497040213688011,0.16115629957605893,0.5668259329492489,0.17207942522106356,-0.20981861628615528,-0.14377962290294566,0.7824135092354925,0.6047074495931617,0.41185643807602323,-0.11628906480517465,0.22667611183084913,0.5430452861598796,1.826958166843041,0.6879001364848425
2017-01-17,0.2601526384886925,0.17086458040349162,0.5435674225474199,0.16618397072662727,-0.23448635392430284,-0.13644548150738667,0.7973160429465749,0.6157435744653499,0.43281452726789005,-0.11184407797871088,0.21624691365727577,0.5321171503272022,1.785833222486089,0.6886901065916942
2017-01-18,0.25540757745081155,0.1664557304503853,0.5114491375020678,0.1754618093038367,-0.22376356838243872,-0.14118171611530228,0.7905483117466685,0.5958890062678281,0.48589008985886784,-0.11752156163810212,0.22888365485985873,0.5263480163560939,1.7805450274227916,0.6854845583869285
2017-01-19,0.2591817122880349,0.16996244913477532,0.5180697354759298,0.17538050278347161,-0.22483011398359654,-0.14006110772982505,0.7959312414680397,0.6035389858494049,0.4827611629161004,-0.11293967703606966,0.23000449794735944,0.5309366800902682,1.776916900108323,0.6922055201222663
2017-01-20,0.2511394350555092,0.16249000709105355,0.5082485301027433,0.17025523949863186,-0.2195063507037348,-0.1497168289131794,0.7693146020723676,0.5945551967357345,0.4865988732635471,-0.11673598267538043,0.22893801173694373,0.521032231567818,1.7766874504914414,0.6895559519677092
2017-01-23,0.2713352969238436,0.18125489208206047,0.48353782926961153,0.17482491609022066,-0.22484318089042632,-0.14058256237486888,0.7945031154275186,0.614067961105105,0.47360090521494924,-0.11186677723847849,0.23139489301092886,0.5426861198212618,1.795673779743642,0.6929336962803558
2017-01-24,0.2774732223411074,0.17734109241949825,0.4956155952946333,0.17689148405333843,-0.21901892660641276,-0.14552816862258577,0.8031668615770928,0.6058809254934736,0.47994374391878525,-0.107962824482713,0.24358599203357856,0.5542773179127376,1.8043988269223417,0.7096941379934685
2017-01-25,0.27902814493610584,0.18572567887140456,0.48413586056472946,0.1761535014482809,-0.21795935917168063,-0.14668744194849292,0.8284225558257325,0.6183243987429241,0.4722916471298937,-0.10845697986402181,0.2468389567062217,0.5391724440242702,1.8134930850986541,0.7214648179924257
2017-01-26,0.2645872825527462,0.16882089857372207,0.49261304493894986,0.1992809944327225,-0.21029386609209544,-0.1550515360466448,0.7844328702487897,0.6077154439496144,0.5222326271004378,-0.12449179653864317,0.2784781614592975,0.517228606195572,1.7458037668980815,0.7347224875044214
2017-02-03,0.26774987599003564,0.1745848706157236,0.5026679274057071,0.20046868847571653,-0.21875040916826405,-0.1460034322321221,0.8123412395661649,0.589494538783008,0.5119782144082425,-0.10689512509775523,0.276636880060408,0.4870084699268844,1.7895882053432128,0.7082254385228826
2017-02-06,0.26510337711854115,0.1701403778039814,0.5109623660928675,0.19240227929574583,-0.22284828878939045,-0.14152397371766412,0.8054835506811944,0.5885194451811262,0.5136392725949037,-0.11076776803665878,0.27258940178387925,0.48164369716236544,1.7811914515478655,0.7195311704841507
2017-02-07,0.271687007519829,0.17203074998137047,0.5317625466000018,0.18570658196530343,-0.22623630247840842,-0.13778142450007647,0.8133546045523563,0.5974394595027503,0.4939692723605267,-0.11305121693924614,0.26642460883406116,0.49312435503108576,1.7766984120461733,0.7493731131793151
2017-02-08,0.28268042657554493,0.15964349635806618,0.5193575528312204,0.15370745850058265,-0.23177407266205985,-0.13032775857281387,0.8174450701058098,0.6177621542044271,0.4571883482830237,-0.10386752339000482,0.23978492330523116,0.4824381732416587,1.7589580658555386,0.7403540220238272
2017-02-09,0.2927835719040144,0.16235240828294195,0.5093636196212503,0.16800251670761446,-0.23445183802273095,-0.13402664434300748,0.7996453831248838,0.6019181210459719,0.46338605471678407,-0.10884289301549455,0.25514652776766744,0.4772709152145851,1.792423629105088,0.7289064323334358
2017-02-10,0.2933007531831642,0.15140426562086318,0.5262638574199341,0.17780855049253974,-0.23379115799427974,-0.13125429728647986,0.820515837924229,0.6184722046826361,0.4801746046666371,-0.10696986228447758,0.252245951865264,0.4785458231025137,1.824807315179211,0.729754330435084
2017-02-13,0.2838772574094979,0.12250745368125115,0.5332058174850081,0.16674376833208027,-0.24885878806342088,-0.11973274030469405,0.7885859018077568,0.6189119031663672,0.4447365095631284,-0.1076415001306068,0.2627851594000179,0.4494699624736225,1.8428942297724489,0.7408297473931704
2017-02-14,0.30647236190524696,0.13564625873043434,0.5281511348670895,0.15629449779916227,-0.2493008716503442,-0.11921465968092704,0.7826892805156775,0.6238660571195649,0.4391231945481511,-0.10315911696392388,0.2589189140105783,0.4486168780336197,1.8509511897283888,0.7248296924137998
2017-02-15,0.3159417214250584,0.143877464399083,0.5392272302508154,0.1643165229696566,-0.2556606557289012,-0.10591198972107807,0.7956102776998042,0.6397303150656939,0.4672306220473277,-0.1058945200375283,0.2676529166673638,0.4363444639479648,1.8661178534337748,0.7373313211846475
2017-02-16,0.3056351441691869,0.13491851031613744,0.5271718602411608,0.16575410783739652,-0.2797924006521355,-0.10890527441708431,0.7914422616198813,0.635924131505258,0.4787221079635391,-0.10608055169050568,0.26921809126945506,0.4323902418373935,1.9511480541986268,0.7237243816148282
2017-02-17,0.3150859317852224,0.14313357242625724,0.5382262324896263,0.1289524612848456,-0.2886020439141562,-0.09310926281601495,0.759009923503686,0.6063072994687926,0.46029812657256364,-0.10848928811943004,0.2291501942069667,0.4148691172977286,1.9558387187743413,0.6693081929694509
2017-02-20,0.31229362258865745,0.12959843137398108,0.5200130424221974,0.14469145574568776,-0.28650414009448977,-0.10295181197195247,0.7381825696394797,0.5300765492622921,0.4648077710704801,-0.1120652165857795,0.18415829528275074,0.41904154891650713,2.105242493939279,0.6925804150545896
2017-02-21,0.28356632057517106,0.10879582499487372,0.5407381836146095,0.1265788082715602,-0.28323522736220885,-0.10603363892574136,0.70809573093727,0.5479562903428719,0.5101350911736167,-0.11353595658001014,0.20206400092802967,0.42554295032268086,2.162428424371675,0.6657984274494446
2017-02-22,0.26733810473511266,0.09625542260218767,0.5392510857708399,0.11024783829251827,-0.2981826763320783,-0.09060846457200855,0.7064471020492198,0.5283853742258118,0.5302235621404774,-0.11742153749552209,0.17060122999994043,0.4283833500109673,2.1224456278252197,0.6416508898692288
2017-02-23,0.29189892071835133,0.12032899909391959,0.5287778944728194,0.1104903047191026,-0.29924442719995714,-0.10440413213939193,0.7395177823214916,0.5580052458193354,0.5366873842166417,-0.11089963950473092,0.1708568769711878,0.4262224069701035,2.1436910053209286,0.6420094091216308
2017-02-24,0.29937767982830077,0.12117997040255979,0.5357771121342583,0.11557447252513087,-0.28295941792985635,-0.10592137007929503,0.7446906609567427,0.5558883681214022,0.5431717985072093,-0.11457179436087361,0.1762174216009489,0.4346064696696017,2.125210786269783,0.6495270356507192
2017-02-27,0.3482824557570594,0.13400520431456786,0.5349324719207849,0.13153098841225308,-0.2699429187819419,-0.1254691278067197,0.7696456818319115,0.6029474606726528,0.5177212362362835,-0.11751929957000429,0.16732501711626235,0.460649003881731,2.072042808506392,0.7116104093451079
2017-02-28,0.3391225082084224,0.13178117050189986,0.5355257097752513,0.1444326944372918,-0.2783226552828779,-0.13715566838135274,0.789823165780019,0.6275207099144453,0.5171346503725183,-0.11804577384566162,0.16814779359712428,0.4576262274457841,2.073562689254694,0.7182914441792356
2017-03-01,0.3223180137178705,0.11511847238675421,0.5462277436286715,0.14493802527545085,-0.2860510825576601,-0.1405812845821507,0.783507616883917,0.6218891950235692,0.5297325641460333,-0.11430176302655282,0.17251591474941863,0.44201653930039075,2.062717352229032,0.7366925905647093
2017-03-02,0.3229398025755801,0.10986398743833492,0.5603039692358733,0.14177944222457617,-0.2808711311601111,-0.13780625287431225,0.7843462692748806,0.6084332559055639,0.5421119370279899,-0.10695360287467126,0.15333479211526369,0.4524788782794831,2.0880351106342188,0.7240922728223196
2017-03-03,0.2890652735358272,0.1110756626854148,0.5617601369111966,0.14340343854436854,-0.28699525217754374,-0.15860131121181464,0.7860115264363903,0.6037542320821523,0.5830376669480812,-0.10533064842007311,0.16315662259180086,0.49024074434530784,2.077489767146705,0.7257012974011574
2017-03-06,0.2911259215363846,0.12396447525496335,0.5504904075964472,0.13670356073114975,-0.3111313650698707,-0.14391057966896337,0.7600047322527812,0.5684403129422022,0.590255747842533,-0.10758013039076553,0.2025309460308422,0.47389351825921144,2.0634575235969117,0.7651883544800542
2017-03-07,0.29327384887824826,0.12467719917567277,0.5830360809694592,0.13982854998081673,-0.3111442891563667,-0.14572125340810826,0.7648432812444947,0.5717576459434237,0.5568753774156887,-0.11219311700006318,0.17557838065143305,0.4815144263581188,2.0718794835157266,0.7256248366445015
2017-03-08,0.2915279589429325,0.12499594440098205,0.6161285473259577,0.12736131944964324,-0.3192700146730445,-0.14432588526957624,0.7804301571220846,0.5484222757697073,0.577025945303542,-0.10805165803236194,0.1739913768898289,0.4950087316320113,2.0601003571765037,0.7232952828249128
2017-03-09,0.30421965590546085,0.12903974052505895,0.6320100570006999,0.13378806061707849,-0.3176717571905674,-0.14421565320453666,0.7756965014151309,0.5443054628112483,0.6055340039763286,-0.10568022192610782,0.1741396192161162,0.49851880015139916,2.032892694572734,0.7292676617576017
2017-03-10,0.29797914490344035,0.1364820659275443,0.6427678270493249,0.14576115675662216,-0.34378406034357845,-0.1481634337659511,0.767200038796158,0.6159891548552046,0.6142510710959999,-0.10737733950991624,0.22079470677458835,0.5107297244339004,2.033228465568251,0.7486437351434665
2017-03-13,0.27986585192631286,0.14858776290471032,0.6335290271860969,0.16073747149907014,-0.3320491870125214,-0.1502241613959664,0.7322946645122907,0.5858451683911039,0.60641714167302,-0.10835113088894588,0.17965452287299621,0.4795031656908211,2.1282345029378567,0.7124995291792684
2017-03-14,0.287095256972963,0.14971184033860463,0.6287928497975201,0.20402760744018655,-0.3356244016412969,-0.1845570407038194,0.7339899928138123,0.5943334234164199,0.5465052165834021,-0.10349848948400664,0.18631787774579478,0.48212270172581184,2.1288837754702663,0.7155315971941381
2017-03-15,0.28283481825573964,0.14590615710599852,0.6340628440998668,0.20634753256051885,-0.3438381545051513,-0.1792310851117931,0.7318460744276323,0.5961857357776743,0.5585181173909477,-0.09782878898341862,0.18239102416607667,0.48029019396972705,2.12501519982551,0.7134105009083809
2017-03-16,0.28131991831125736,0.1445529562503014,0.6057015118931139,0.22837003279504264,-0.3326682325538325,-0.1998598917249058,0.7249192968672244,0.5943007996595535,0.5869696744086017,-0.10058848957329136,0.20023986182521702,0.444416362545184,2.146509037394767,0.7344456924560023
2017-03-17,0.28618153310236005,0.14889564655097232,0.6150840278934018,0.2367119787416858,-0.3299263593180961,-0.20695006927287007,0.7638425621363956,0.5825778491299036,0.5511592792652917,-0.0939750847222236,0.20479384071973938,0.4648063400663398,2.1824359022955604,0.7735839233895001
2017-03-20,0.2992737271821737,0.158019436047101,0.6315241594021976,0.22984819786471022,-0.3366515783548085,-0.21490954442214172,0.7817969243748459,0.5825088383167321,0.5472097966955523,-0.09393557607107483,0.2168857989479076,0.4501047567100893,2.1822971271385563,0.7913845644543356
2017-03-21,0.3200293565355672,0.14748308539561727,0.6478459859720771,0.24583852223946812,-0.3555473906374902,-0.23325146304160238,0.7996220851086269,0.5983403138455843,0.5380335922140052,-0.1029998772665437,0.2443322846527296,0.3956038789832306,2.214260072504472,0.8226119822823863
2017-03-22,0.3175453965867454,0.16422838857075073,0.6631815878327656,0.2559467455436424,-0.36007126997192473,-0.23751644254260718,0.8163701841614928,0.5912817878438692,0.5315417489676155,-0.09903858151806677,0.25442828696228537,0.40887256991912957,2.2441734340493364,0.8373999091163207
2017-03-23,0.331855653740164,0.18356611812468993,0.6708087549303423,0.24852384935271332,-0.36415297546998904,-0.222280943537142,0.774345711933385,0.5923591120767449,0.5246242428248871,-0.10714689223375173,0.22149098342584805,0.3998862521545583,2.289822890720222,0.8458260221964706
2017-03-24,0.330303608313957,0.21242807951569098,0.6631374274280706,0.27439003654995364,-0.36687036764700465,-0.24105778457876836,0.7722780215354181,0.572274270400136,0.5194007883967169,-0.0958851026198716,0.21588264713524596,0.41689111462930195,2.3010940219693152,0.8373511229079074
2017-03-27,0.335574623035483,0.20539692612963623,0.6548979077982024,0.26777756115281215,-0.3572188646993759,-0.23541741649354397,0.7793002557710975,0.5901889918540382,0.5159925547155955,-0.1059746725193812,0.2234276947472662,0.4384903702485512,2.3166884135592696,0.8487526358211819
2017-03-28,0.34180653268939754,0.2057312917214449,0.6559059707566512,0.25457685661804286,-0.3493883166277232,-0.23585642592005163,0.7876026285849436,0.5976089547366517,0.5027434631110299,-0.11042262143250392,0.21569493435816578,0.4398112550669562,2.3083154340179894,0.8481811776795447
2017-03-29,0.3732120153886975,0.22788931336229146,0.6411436469759089,0.2610221048489998,-0.34893537522841545,-0.22578148655971952,0.8204538434463144,0.6057301912428146,0.5038726559145701,-0.10649223537108643,0.20796991819573885,0.44081361967441124,2.368930402001795,0.8575761653614011
2017-03-30,0.37976650780356613,0.26223141595830746,0.616403443580336,0.30481948165023165,-0.33400268054182736,-0.2347131473377536,0.8291430704373193,0.6502232415179607,0.46430159183272646,-0.09012734919804366,0.21735466800587955,0.4738598474439266,2.3850106784038996,0.8502777751407788
2017-03-31,0.37048631134120225,0.25036791168978256,0.6256961535521435,0.2903522163457113,-0.34089427763109414,-0.2246782967445362,0.8119512573121479,0.6534304982381611,0.468215547745904,-0.09342278690202299,0.21827509078222596,0.4586086625849617,2.391865237566129,0.8364470378817965
2017-04-05,0.3641992471089779,0.21246778814141454,0.6253326148318386,0.27039861027568013,-0.33975392470790355,-0.22875229858642032,0.8024764858637872,0.6635065053110198,0.5127188896302968,-0.0876953753779014,0.2114674113559405,0.47512455294772193,2.4261719478363784,0.8637136629274034
2017-04-06,0.3551216456111166,0.20439983220824298,0.6145173898489871,0.3305995402580333,-0.358880488434029,-0.2652997479431025,0.7904825170336389,0.6592652379456858,0.5088878022818661,-0.11036364920818409,0.20837866046765408,0.4323919039827966,2.4359140053474087,0.9520302706610189
2017-04-07,0.35489570760643896,0.2041990238927649,0.61649364275099,0.3273820227791129,-0.3536614574386686,-0.26352317217312893,0.7774495216753665,0.6418522322997751,0.5114092662102234,-0.10339256299490684,0.19512788224855848,0.44405228494067694,2.4079439601876524,0.9473100739938716
2017-04-10,0.3694106902282339,0.2170995946207246,0.6087199838066393,0.312484227431836,-0.3354959255571167,-0.2552573670991649,0.7432665554483855,0.6717173616318544,0.4851223817967867,-0.08138174700278555,0.19608111645847015,0.46916767648275504,2.446192822084671,0.9254545520249118
2017-04-11,0.35280976587957613,0.21440614130921642,0.7150506299100654,0.31598893536051254,-0.32866647218114986,-0.2620848860568198,0.7108069079501038,0.6405899611171519,0.5832836677810924,-0.0681116736952112,0.18566283602886258,0.48426707546902725,2.382024663826621,0.8931553302289372
2017-04-12,0.40419877777026136,0.22187606986539055,0.7267543874895042,0.31842403776890005,-0.3361349539492211,-0.2529051414630781,0.7684374468642357,0.6958551597534983,0.5620875494679489,-0.04988060034387587,0.21405514105779067,0.467754833591127,2.346314154456722,0.9060745004614705
2017-04-13,0.3978367437759798,0.23036696974243287,0.7272472243654258,0.3213650531736547,-0.3509284898519577,-0.24184163552104798,0.8097466141950009,0.7223079127693022,0.561641710526769,-0.06490002687026075,0.2458587203914473,0.4582496316245128,2.3246433746003694,0.949093387537634
2017-04-14,0.384876960892764,0.25582794154446664,0.7098060941907909,0.3167843439365434,-0.34911161529008294,-0.2323544326861442,0.7845309607893236,0.7420749599033201,0.5939580165837544,-0.05719957349243332,0.26279324356877587,0.4623315495937015,2.3339496835049753,0.9423365643093806
2017-04-17,0.3929593812246841,0.2596430877808811,0.7413566114836905,0.34108255374848806,-0.35864490697789997,-0.23080078282657046,0.8174603526831716,0.7522420595614547,0.567469940768278,-0.07488475568436948,0.26314121142043945,0.4409133870729687,2.380411526677983,0.9781778936677705
2017-04-18,0.37461999131624,0.24305891020638515,0.7184303020032452,0.3728743877253471,-0.38737860388202194,-0.22238146815843574,0.8093797721303935,0.8075474515084617,0.6143568700890003,-0.10408383859865145,0.2860088506219882,0.4218372819246414,2.2779876827220504,0.9182406397863723
2017-04-19,0.3763616601867439,0.24463388876175718,0.7045851497496822,0.3831245450787064,-0.40070532072749543,-0.2218159923430273,0.7984057555236685,0.7965845480562241,0.6294089371940643,-0.09865004355745022,0.30014280257370074,0.39610895553512027,2.2515773950893867,0.9200428041240949
2017-04-20,0.3681878531452889,0.23804470418325496,0.695560948912078,0.36319799743333747,-0.40856806428134584,-0.20494138553710928,0.7888848614059811,0.785915160892767,0.5824514717009712,-0.09329719129928316,0.29289714517350873,0.36911156270368073,2.284502038994225,0.9098779544046443
2017-04-21,0.37126558464662907,0.24759692859471483,0.708643173352431,0.34455333287084766,-0.39810680443559254,-0.20059553292380483,0.802687133314802,0.7960261807776414,0.6387675554739127,-0.09068551757848231,0.2822810729541527,0.3675794811556097,2.437457490383397,0.8941958080175127
2017-04-24,0.39766013066010686,0.2774893434820662,0.7495822534845236,0.2973974291018515,-0.378588795464617,-0.1811001227544694,0.8373858153359388,0.8305966507148435,0.6112364841989426,-0.09270117727905636,0.2685806927108343,0.3675794811556097,2.39510062844584,0.87395749726607
2017-04-25,0.4217837363952861,0.27989484458346414,0.7528767013476045,0.3325942354136471,-0.399198136345711,-0.18009799821965122,0.8408455965270962,0.7669903861247271,0.695030750456129,-0.10836114968806754,0.270969418901857,0.39028232341638147,2.5399552789440034,0.9247956734396356
2017-04-26,0.43804050370434533,0.2825218885730576,0.715951229742414,0.3792848329812024,-0.3998600507904716,-0.20714232101286245,0.8618939442811089,0.7990641106387424,0.7448584532401452,-0.11855620604030048,0.28550176553876727,0.3887506238531222,2.6264355578294882,0.9287464065225168
2017-04-27,0.45302436118986544,0.30362170783912434,0.7402228903160939,0.3602851203348627,-0.392189220759554,-0.19622066965413631,0.8812942000057535,0.8244964966289039,0.7424802269520565,-0.11377437124271816,0.29889622501511703,0.4065012668572072,2.65805707440322,0.9604777952421117
2017-04-28,0.45840308701129806,0.31370291313749776,0.7407341191322856,0.36737604029028437,-0.38540402404652907,-0.2022122053534564,0.8958426790183764,0.829094976208802,0.738574656396273,-0.103881135669047,0.30894088707230605,0.4222025148420996,2.684145800748614,0.9756386191359536
2017-05-02,0.44493248502479243,0.36717439240513094,0.7678406713235473,0.3731303844892966,-0.4084102905260707,-0.20556954483645085,0.9253645674908386,0.8266857362506768,0.7371448246293932,-0.13032899841784507,0.3622185382107097,0.36896498754854523,2.7415149815618163,1.056052781582442
2017-05-03,0.4511666973518744,0.39517780945276026,0.7373619047051185,0.3894469634496034,-0.4141324126209477,-0.22437213148966317,0.8932425470759409,0.8168985093898591,0.7165027493998835,-0.1370532587393566,0.3901204460049441,0.35572374166999476,2.705937976982782,1.0461819927075275
2017-05-04,0.4518166212436854,0.3911421462895246,0.7628803423698343,0.38542787721581173,-0.4190013197831006,-0.22087332927406056,0.9210505655382457,0.8026127267157839,0.7371374663338983,-0.13975073363389123,0.40024681901532766,0.34445687322067897,2.718317450907201,1.0762363915579694
2017-05-05,0.43751652876020297,0.3774396847950634,0.7706815692020494,0.36565080346759093,-0.4318558706828438,-0.21536953071784326,0.9295517387930186,0.8313703868427189,0.7491438401391695,-0.15677816852582427,0.38645467838363534,0.3113681291571606,2.7440169192034385,1.0854243044630905
2017-05-08,0.5070292301483632,0.4450686092011822,0.8489142635906388,0.3723633984393655,-0.42373040217606517,-0.22267370347698612,0.9968413601186814,0.9199283270714211,0.6878494673424027,-0.13981780811130606,0.4545262169576578,0.3284177286233809,2.8275475988086893,1.1878135445859352
2017-05-09,0.47787738394707513,0.47210654300683874,0.8081661930462154,0.37371962930750535,-0.41609619760061833,-0.21650453665616254,0.9720889789038936,0.9638769796085411,0.6551998497380727,-0.14219866758950128,0.45844616918626957,0.36250311103746613,2.9053699100953283,1.1899756397469372
2017-05-10,0.5026172276526917,0.549861515175488,0.7610156085613093,0.46865078364678747,-0.4313223453252961,-0.18109893090865226,0.9481027903681483,0.9399906722472564,0.6282427013835907,-0.1634559533554818,0.5313573385013204,0.32697384481460334,2.8035316639214307,1.2423508698136985
2017-05-11,0.557853408913024,0.5172031229650584,0.7445790989902275,0.4712717944579643,-0.4366301209455006,-0.16258944672163633,1.0202090876646879,1.0117967108491204,0.6514730232562795,-0.17161686838483436,0.5137702284429573,0.3145884813942932,2.9433494169402574,1.220475590217906
2017-05-12,0.5861726980400308,0.5335718124909816,0.7872049968446422,0.46511970667014113,-0.42286511199134613,-0.16772753960498887,1.056933265256276,1.0483679648537252,0.6202901086455839,-0.16882301767661778,0.4797419959474507,0.3467082714118035,3.0052738130409438,1.2165676917081987
2017-05-15,0.591881998897998,0.5219244282793332,0.7453610086175158,0.45999098346214473,-0.41684947911343606,-0.17623807501575783,1.008774105290112,1.055740900344055,0.6573969739775969,-0.15329527684101452,0.47426967495461714,0.3515556393553467,3.0060652950098543,1.1646709968353557
2017-05-16,0.568123965040864,0.5061322857176416,0.7147487493755034,0.38523350966076064,-0.41848259936235255,-0.14619929628883577,1.0031485085541938,1.0499837725174799,0.7503451721914012,-0.14638485278790891,0.42463860458217617,0.33138435488713025,2.9358020607873776,1.0318125429967826
2017-05-17,0.6149618056936501,0.4952372360822679,0.6943646312963234,0.3801506757075921,-0.4072442148236265,-0.1717012222852401,1.0418612851669358,1.1112141442345966,0.7348878532134977,-0.13116910725127262,0.43634660818276694,0.35711464143170923,2.9825890049228305,1.0497555036649842
2017-05-18,0.6321235121934912,0.4984238021163323,0.7164735447801391,0.4008207766999474,-0.413663286023621,-0.18050330074133847,1.019749560072428,1.1336493729650403,0.7382598789302788,-0.13150235960269818,0.45566577122890317,0.37153628476765443,3.032677152354715,1.0418191431937096
2017-05-19,0.6105678199471023,0.5075491217500276,0.7082474037870137,0.4090574163046712,-0.4324399508226442,-0.16968008882497398,0.9550697275402591,1.1054699558426662,0.762226193764052,-0.1551526129069425,0.44629738025265997,0.39077081690587523,3.013350684471824,1.0538247678248145
2017-05-22,0.5905361740144484,0.5463367489596038,0.6869285385118669,0.47657780500720204,-0.417600747828322,-0.19138930836925427,0.9307532944967731,1.0792829004731717,0.7527941492779258,-0.1551168471786537,0.5015588041751062,0.4271333665612975,2.9634341153468093,1.073767282598871
2017-05-23,0.6110475390661891,0.5370074171408428,0.6663820442368877,0.47574635960252687,-0.41723567273327833,-0.19189618337639003,0.9072370573793607,1.0539575987574739,0.7753979738521593,-0.14607792485289361,0.48920002246264116,0.4455375084709883,2.915160181685062,1.048509160143284
2017-05-24,0.628448075117165,0.5299402472472867,0.6889803725019135,0.4706580557332827,-0.41094137573711087,-0.2349267810095127,0.9331016958342344,1.0818119603786238,0.7697512383176683,-0.13998352409660653,0.4768965297673611,0.5225107161344458,2.947506504522579,1.0762896337837269
2017-05-25,0.7195316534248439,0.5185906679590526,0.7459164157047176,0.4640620783065559,-0.40617410110354,-0.2411185486867652,0.9982671432611891,1.1982534273264513,0.7855365568840831,-0.1266435034414699,0.41805442176500196,0.534832455291478,3.014663664274237,1.192422221821301
2017-05-26,0.6957194905259689,0.5090028354253815,0.7334262526799435,0.4927923857942105,-0.41765920698197145,-0.23152117082585766,0.9839716809115169,1.1964490434461132,0.845928750554501,-0.1380209153430677,0.4623442494384664,0.5135780164010464,3.043384285264665,1.1500188820635753
2017-05-31,0.6794654420414563,0.5014078313241148,0.7731235801051706,0.46993343701909374,-0.42324114169293514,-0.2526184423667205,0.9649546370704782,1.1753953317647898,0.8681498769032467,-0.1388860161193638,0.4690011513281602,0.4990698559410611,3.0665429238792594,1.1373610753567247
2017-06-01,0.6648409954803083,0.4570330344875333,0.7808089015463264,0.4644077190340774,-0.4402875141888768,-0.2276944465949623,0.9478442081413858,1.1564524276821109,0.8290088095338484,-0.14328984722996863,0.43837591471521065,0.48601625778366797,2.961641177104693,1.0925795538751908
2017-06-02,0.6547964337163448,0.45004501122812424,0.7802515415842495,0.46390358242638574,-0.4431471104951499,-0.22480760687010704,0.9360921900757746,1.1441841837822149,0.841107106267847,-0.13142603347573978,0.43970540693931737,0.4770506075359362,2.976449594673704,1.103552160137185
2017-06-05,0.6396887365126045,0.44069196289057655,0.7849628728417366,0.5142129373480473,-0.44441383681340474,-0.2280699298724974,0.9184163636295564,1.1294861321950282,0.8459794882068747,-0.1374200249923223,0.4364303718916849,0.46356566589683745,3.07387980387848,1.109188550244899
2017-06-06,0.5661369327422949,0.4157116045306877,0.7488499444480294,0.4413009819847209,-0.4540472225847467,-0.24117770056023624,0.8323616260532412,1.0339634011796712,0.8719854655599715,-0.16368169425604373,0.4115239058509579,0.3979142454376354,2.948529484382346,1.1098011995883317
2017-06-07,0.5668396247895608,0.40346292649017945,0.6607875844588751,0.4307756299029315,-0.45877078335410093,-0.23075376737591025,0.8331837674097369,1.0177478840761633,0.8487958626124972,-0.16164155590388285,0.395875401632932,0.3867695501383077,2.9817802589876714,1.086411420049989
2017-06-08,0.5088503934999604,0.39731014784720675,0.7037098073411132,0.3836508257691207,-0.4788018482622173,-0.22823214360853095,0.82075144474083,1.0040638807561995,0.8374478919569239,-0.17738239775083153,0.4063107058667752,0.34159433104167203,2.972433550778817,1.1608288782683878
2017-06-09,0.5285138535152338,0.391304969478794,0.686941113952594,0.37516174992731144,-0.4753403994596528,-0.2234971369557246,0.8028307738718798,0.9898410815807615,0.7891666962333794,-0.19565722838321864,0.4092542274430919,0.3505043014151814,3.0132963893747586,1.1955497172747722
2017-06-12,0.5206035509293667,0.4086131457535258,0.6782109250666928,0.3469720998741077,-0.4774234152434358,-0.19969388051246617,0.7935008375421289,0.8883847412126413,0.752490295761703,-0.20831631793756122,0.4250876358790914,0.34514249773710626,2.9925269414998095,1.1505428093909122
2017-06-13,0.4735376905351576,0.35768766736579427,0.654127264772246,0.28389488188438894,-0.47606406140753044,-0.18286453479059417,0.7677626753933786,0.8612849196507153,0.7389030933525313,-0.21049023036098347,0.37356655656759474,0.3486415535070657,3.0764843355097593,1.072794407218403
2017-06-14,0.4788672904988225,0.32897695480045686,0.6658704871317427,0.26704321340410253,-0.46256441650365887,-0.16633815525353546,0.76725836935635,0.8851840928977004,0.7756752818994641,-0.19957319562017273,0.3445200567408069,0.38339042399657863,3.0160309025400727,1.0289614949344226
2017-06-15,0.5477860523403244,0.2974065808826054,0.639989485531606,0.24033563323341922,-0.4748625318426972,-0.17778577564528697,0.8496168469916145,0.9315389858578658,0.8283857154873546,-0.18927137817777784,0.31258045028033865,0.35173436043161943,3.054085497882789,1.0632868004139415
2017-06-16,0.5717581556124702,0.332931120404901,0.6065080350058605,0.2811919713403823,-0.4667292051469918,-0.1802227372180566,0.8662184925871523,0.925814095500324,0.8350394846109441,-0.19840041419656418,0.3265699951583725,0.37267001599963456,3.1046876087873203,1.0818062879922135
2017-06-19,0.5321964517598239,0.29938077676384256,0.6204820442287453,0.23436335981862344,-0.48015181802411033,-0.1730920072240516,0.8452939977623721,0.9368398915675398,0.8322042039770419,-0.2230904157144481,0.2822499768260551,0.3381194304235582,3.001371182525042,1.0965009185784815
2017-06-20,0.5410948984039343,0.27953686263368405,0.6029771569674824,0.2313078152580872,-0.48809084780531165,-0.17833911784226442,0.8430928745702686,0.93452956962974,0.8438303803079157,-0.21412681294032765,0.2896968241217093,0.31768390640468347,3.052574418660117,1.091311237657571
2017-06-21,0.4699447316385419,0.22458871825753213,0.6357849699624456,0.22230062087996338,-0.5100741597548949,-0.17014865625218467,0.7833359934310551,0.8452150818364894,0.8254507516357124,-0.22776055738319145,0.23015335005785253,0.26109758392685656,3.134985883431167,1.1341136866513755
2017-06-22,0.5072409311337147,0.24905073585440296,0.6572363231615017,0.2513014595008636,-0.4990698870936868,-0.18309366987076725,0.828583718428026,0.8920328351318549,0.8284555919303811,-0.21798016106487172,0.2508993131362196,0.28942322124980135,3.099805489031519,1.1621000218359745
2017-06-23,0.5003286843273458,0.19140202439182863,0.6319420555174626,0.20690888223177417,-0.5190038588373345,-0.18867855058915883,0.8006741889680304,0.8833559224684306,0.7936316098623633,-0.22351410543541284,0.26485111451230026,0.2381120195556765,3.037230480338593,1.1631303098421952
2017-06-26,0.505072980426704,0.23799757705033442,0.6738100234796585,0.1849650843730144,-0.5144510659389713,-0.17165360135369823,0.8063682289608511,0.9408059175055923,0.8596502155835772,-0.21986128200668142,0.2768922877685309,0.31544762869084253,2.999016713767595,1.183722952357798
2017-06-27,0.5125790730557316,0.21073933543919843,0.6373346234153561,0.19114964464719675,-0.5087417616157607,-0.1777050042386651,0.7670041417045097,0.9529954305634631,0.8343849215183015,-0.2198684188873029,0.29424020560265496,0.29263936082536723,3.0334036636295485,1.213391113652904
2017-06-28,0.5483943279566414,0.262114825421605,0.6216993706937202,0.18095127734392147,-0.4846809000516674,-0.21012712671488876,0.8251102082499224,0.9985553654875559,0.8063843023890493,-0.19991595716402133,0.3139958886295575,0.3540303538333671,3.027412907459574,1.2471770005899652
2017-06-29,0.5300826209649927,0.23836113826446814,0.613396466918738,0.21958808664905516,-0.48711369225195844,-0.2172199654734236,0.8157658656968667,0.9231899394646301,0.8226051311149516,-0.21200154402022342,0.29959155586817343,0.3285467664620825,3.0083997198839514,1.2225429164422694
2017-06-30,0.4984990633339399,0.22160510317360327,0.6232491008277505,0.21977106215586728,-0.48659867580240357,-0.21774926607483325,0.7906015525351884,0.8952364353490898,0.8213727210514847,-0.19662467328761501,0.3228436002459749,0.3298808310069816,2.8811306365465446,1.2376183050822016
2017-07-03,0.5092524436121171,0.22979176964658232,0.5737867789201581,0.2013440499216521,-0.4711983567192781,-0.23770918005383457,0.7838205089042865,0.8510867449839059,0.774898564800498,-0.18786421768539707,0.3257815330680611,0.33879311434959236,2.8664327177681375,1.2862394809698685
2017-07-04,0.5313393320006801,0.28674031300487846,0.6044212521729773,0.16501995829513239,-0.47272873858108233,-0.24402377730461855,0.8099255151622882,0.8781761470962244,0.7221200543487007,-0.167231842729056,0.36520506739701997,0.40078923401970235,2.751460198406822,1.319697048959525
2017-07-05,0.4911488338881398,0.2453222848423604,0.5703538559082995,0.20463454156499616,-0.4847135691507427,-0.2393381979017618,0.762423432194216,0.7849062510256573,0.7673176544805036,-0.2225665616907858,0.3438307725542171,0.36894941481857146,2.6085217429495624,1.3602256095653078
2017-07-06,0.479402526614924,0.21880024047817814,0.5416554000332399,0.23867460775788096,-0.47453906014892544,-0.25519534278557676,0.7485401988712961,0.7708459125792511,0.7304752469539035,-0.2344522986856855,0.3818041884504213,0.33979444220300037,2.542575458534365,1.4243208936799778
2017-07-07,0.4898627108475242,0.2465522647331977,0.5380002646759978,0.23839406649755168,-0.46318855422663685,-0.25966345765981,0.7443945570473738,0.7833667607999917,0.6814012069471671,-0.2242735197531699,0.3814912304821798,0.3703014987508151,2.5113686012145364,1.4835012114038801
2017-07-10,0.46901737178088543,0.29828312462230744,0.5287868109304603,0.21770409535125923,-0.45889357493587235,-0.24685255162279818,0.7199879484767315,0.8420416216810027,0.7539411484595491,-0.216996003940906,0.3584105209804205,0.4271678467116746,2.5604977381124105,1.4393319229576047
2017-07-11,0.45999479908378826,0.26271719808827454,0.48690633172484077,0.19654481614235797,-0.47039353348465474,-0.24063319483430978,0.7094239370488413,0.8382578095855493,0.6883565081703911,-0.2215091244339178,0.3471930101020162,0.38807117679027514,2.5382398516601006,1.350264266543514
2017-07-12,0.4759749705610712,0.3285186591518594,0.463082919029012,0.1966870934292133,-0.44859194319757,-0.26738461350549125,0.7215801081876965,0.9027984512954044,0.6020277785980064,-0.22702985020105015,0.3946527146861065,0.4604049595496549,2.563401222245184,1.375988759548465
2017-07-13,0.49679884560560006,0.3342187262081149,0.4502028412811172,0.22423207254591082,-0.4462261029607908,-0.2608576405932923,0.7272008259834286,0.8644492234684669,0.5908865782192676,-0.24865903012006974,0.41432925015614663,0.46667089051071153,2.6140525245281827,1.4027067054389701
2017-07-14,0.4918174430237361,0.3247901773170636,0.4559185032729809,0.2505923998942561,-0.45013946750909173,-0.24248243584522522,0.7508493459052541,0.8498313555641583,0.5947203878074987,-0.24711364075352205,0.40962230947469314,0.4669680422656204,2.6147847419990176,1.3794504766520852
2017-07-17,0.47748764757725803,0.3096839800755955,0.4309421402430602,0.2947441907156729,-0.4564093673025278,-0.2084620971239174,0.7176669529844208,0.7527896525965252,0.5918544943977584,-0.2566447854877937,0.39608204726229923,0.5060173310142102,2.5735664024966276,1.3701884567700562
2017-07-18,0.5115258159581935,0.3678217147526128,0.48361417223760994,0.2772806933588623,-0.43227902100719207,-0.23737370016825265,0.7808931353429951,0.8168118029849727,0.5847096730439576,-0.25269942056552186,0.38466142469825115,0.5728704324810543,2.5954455587165244,1.38891993893523
2017-07-19,0.5378481406493907,0.3593974716932615,0.5072495863426731,0.27395460151619,-0.43577554359149195,-0.23149172404603546,0.8119063319777517,0.842932208739386,0.5571128949309083,-0.2593711708450749,0.467287131608058,0.5631833199859262,2.809993480429168,1.4305215613686952
2017-07-20,0.5123252290806897,0.30061462614561907,0.4822345039770368,0.2511796225638605,-0.46017364625527835,-0.2150368306377498,0.8520179810347324,0.8748570538821152,0.5986026795739747,-0.25227178306537,0.5372251703294024,0.4955883997548862,2.773472324229271,1.3901833867226348
2017-07-21,0.5296522383127338,0.3623831355320499,0.5233060230764481,0.18563852634510392,-0.4345363294605722,-0.2756074890658371,0.8732369173046821,0.8963376619264085,0.5882764430830274,-0.2273573498963265,0.5692995271385468,0.5666165615573306,2.7597057082417424,1.5156427814977818
2017-07-24,0.5043584300683672,0.303421895708883,0.5640428168910552,0.18894476782939829,-0.45900847552610835,-0.2614740191624847,0.8422617098713663,0.8593386167031674,0.6150439651618467,-0.2426775546255906,0.5338645049090134,0.49881650415214707,2.696835100887385,1.5231271467075729
2017-07-25,0.5035766900825109,0.29984807930858426,0.5675184675952574,0.18480710243323495,-0.46049180520543365,-0.2636603999614747,0.8413043784174832,0.8648431248123749,0.6092596066519915,-0.23988181240953488,0.5286953044140197,0.4947069406860032,2.696151888467707,1.514346372219527
2017-07-26,0.5488166770341671,0.3546436186782471,0.5486030746141757,0.19046713749535904,-0.4377486531411967,-0.2822979420461935,0.8967059995007836,0.9209529855131071,0.5608398059946882,-0.22969486738519762,0.5670291349771777,0.5577168218546042,2.6533519204085625,1.5263578537474989
2017-07-27,0.5387401210752158,0.3419334169219863,0.4995520330669587,0.1992356119044043,-0.4252151209297801,-0.272472007673632,0.8843660857943749,0.9029292782638263,0.5707125111156732,-0.23461373647084638,0.578623366848029,0.5924409609288024,2.618413421139701,1.5373258425098677
2017-07-28,0.5858925279930125,0.30254203799821755,0.4780491419240025,0.181043193888351,-0.4326874499066733,-0.27307619661161486,0.9421096873567916,0.8756421416917377,0.5225803577646266,-0.21193594164649088,0.6486461375621961,0.5465806556849375,2.6135671904468643,1.5009417490055492
2017-07-31,0.631006914090428,0.3388454251913884,0.4879430221125107,0.19127205269541303,-0.41730042108338095,-0.28745943698895415,0.9551099320811562,0.8881974607944967,0.5132656004218439,-0.21956870166919007,0.6955456954295383,0.588528046277047,2.7163634786827915,1.5176827472046277
2017-08-01,0.633405751261682,0.36375515447093054,0.4846903644727576,0.23595697846433628,-0.4064590733900568,-0.2885074207674475,0.9508360431199294,0.890974566284664,0.4956630008931526,-0.2579210119797285,0.6980394543490243,0.6180832158591254,2.780041918766231,1.5121790687031864
2017-08-02,0.5868040155717009,0.3189735947607937,0.4602169098976088,0.21633620151346689,-0.41711590644958363,-0.26820824580913283,0.9186787001295522,0.8370242867130349,0.5006778893622263,-0.23774093797757678,0.6495936926136991,0.5890310613492056,2.723786286953738,1.4707686158614717
2017-08-03,0.5821795772,0.31547598589419246,0.45596138555883003,0.2140007400783539,-0.4151598484526874,-0.2715116105735319,0.9130870761376961,0.8453167568936846,0.5049685672669453,-0.22145040728775733,0.6570400865482413,0.5943635741922582,2.7504703557623604,1.4635680308600105
2017-08-04,0.5845468816654977,0.3490559565868123,0.45813983858609353,0.20246851875939176,-0.3954252121936963,-0.29121302839906715,0.9159494943129083,0.8277874420081648,0.4642678299753511,-0.23266615292076132,0.7018534831274919,0.648163206652554,2.6490417199822756,1.467254095125126
2017-08-07,0.650414321844319,0.3197471630953317,0.42463372291705115,0.21878991779183665,-0.4113234885401489,-0.29210132363655283,0.9955928864791612,0.8525964475846974,0.49607964862929754,-0.2362311146363978,0.7039863501305998,0.604822077230841,2.6456496126514555,1.4023736399484488
2017-08-08,0.6495382688582474,0.30112503020405024,0.4376409334350688,0.22530649339724396,-0.41385364734135355,-0.2856380573521975,0.9945336099786823,0.8707672286669714,0.5095380283936666,-0.24372237223407278,0.6884285903924725,0.5979244779143613,2.678935173160013,1.4152185521261975
2017-08-09,0.6901676906104159,0.29344473726556997,0.44612705371775974,0.22815318035572085,-0.4350557110848312,-0.2814213150282284,0.978365234786827,0.8556021463146923,0.4937941677359752,-0.23759172576426657,0.6784621183940929,0.5754959759227596,2.7479620803527545,1.4208296961063023
2017-08-10,0.6411093799207208,0.2555035126837344,0.4629309428372528,0.1925051670661826,-0.45035479846335136,-0.26034290751630695,0.9968968889172132,0.791457046408895,0.5083298980701634,-0.21147117457900177,0.6292269973631599,0.532830440447688,2.7830698227178208,1.3786932663085016
2017-08-11,0.6076679180249775,0.28300084736616604,0.44601672210623833,0.17649480720728583,-0.42711646392741076,-0.2765424628475246,0.9562054200623591,0.7582531679731439,0.4473390618261166,-0.18992841336721045,0.664909414471166,0.5976366580993879,2.759786743729727,1.367726678298316
2017-08-14,0.6365092949776576,0.32824765261884337,0.5026895337637609,0.2049484268987749,-0.4171903955960662,-0.30205619680905593,1.0050478233510303,0.8021531129548882,0.45637797540291314,-0.2101542254016906,0.7051753799560403,0.625318114518387,2.7627301033984497,1.4268439162492799
2017-08-15,0.6049557375525867,0.29549540012624553,0.4958155542419145,0.17523651659309025,-0.4203242963401477,-0.28484612937721576,1.0175607225174805,0.7975231442426647,0.4349596619110845,-0.21288706583965755,0.6631287522218461,0.6165784067133524,2.79965733611924,1.381312659096205
2017-08-16,0.5881407931448228,0.3033676241461549,0.5741154887312292,0.18237797393373167,-0.412363136605319,-0.28919184259063146,0.9613280550636509,0.7786906923345516,0.45145501894848183,-0.20464057036264172,0.6732349418001085,0.6387801978846306,2.9985541316875683,1.3314538177325295
2017-08-17,0.5601230276481048,0.3167401119718116,0.573494613267199,0.19450911388905445,-0.4079844720527407,-0.27327021799372864,0.970658999402205,0.7760295443062741,0.44737840330730627,-0.20345061126122355,0.690402250143634,0.6509912574844181,2.987109045393082,1.366466223134974
2017-08-18,0.5628568880937499,0.31283155866584433,0.5783406777777595,0.19096338568980675,-0.40791848948179077,-0.271113025343349,0.980181512369815,0.8375475931012273,0.45437234777903557,-0.2310414609298661,0.685384534617888,0.6511752672656519,3.017503487095861,1.3667299755504048
2017-08-21,0.5544559372528945,0.3434469981762338,0.5585219566560895,0.21873684013869954,-0.4028871162811426,-0.2671949803263808,0.9508304958307274,0.8493925246114922,0.43281507812118103,-0.23599820940468907,0.6809468096818994,0.6652065768770978,3.0986480891478543,1.3101615673388047
2017-08-22,0.4854439560681927,0.3627743398330092,0.5449818812140961,0.23627005382784105,-0.3994843998004042,-0.24102764031399948,0.9338821352540416,0.8906064761900188,0.39139169973188936,-0.251235464960199,0.7330106007452537,0.6507396503245868,2.9801541862891914,1.2433736766992416
2017-08-23,0.4917256339031635,0.35413983206436117,0.5347605541875409,0.22843707438883043,-0.4009794554371725,-0.2413179200382225,0.9413205376506188,0.915943518403302,0.37630255059675344,-0.2583900481537249,0.7172002659029468,0.6466299359087839,2.932626380875734,1.2377885287703414
2017-08-24,0.5127213215748998,0.3998566640759378,0.4994745166855237,0.2699100818558742,-0.3925483820703586,-0.23294565868637085,0.8966871848399331,0.8782262041742754,0.38694145579827,-0.2712923531233611,0.757029443089112,0.6698058652214771,2.919628237268259,1.2692848763275801
2017-08-25,0.520306788317479,0.3433717803534351,0.5201693857798473,0.21866860467291316,-0.4045067832023662,-0.21064233014401545,0.922864150547831,0.8876444771923169,0.4142450332116854,-0.27542257492499145,0.7718077376142893,0.7043112311588637,2.897412285412615,1.2684316046289679
2017-08-28,0.5060351488561028,0.33918814572127287,0.5440214048129377,0.21487333053197744,-0.41195141363480126,-0.23048748953262188,0.9323492617137918,0.896955856627458,0.3939928387342626,-0.28399837962968144,0.8635683710570565,0.6830045782870513,2.8920719579426604,1.3859120267669933
2017-08-29,0.49796243320945077,0.32077730851246655,0.533782571918066,0.19817154356559263,-0.4035883862074551,-0.21600952335233847,0.9219913984649282,0.8321796022192198,0.40105578920709184,-0.2893319386806409,0.8314343019021084,0.730077241237107,2.9277037040505927,1.3447710290679047
2017-08-30,0.4558226045047262,0.32912604085943986,0.5362243536141231,0.2057452756841851,-0.41659633660847206,-0.2478577111094452,0.8709828377593773,0.8187420177849465,0.3749907686859997,-0.2927731700580858,0.8409266949707619,0.723668669548464,2.8460183653339364,1.3569240657565742
2017-08-31,0.47591966322479484,0.3423025639958708,0.5602733504192565,0.21769864205673883,-0.40275900428404465,-0.24487075232716649,0.9261005314052528,0.8723207376609674,0.38862197981196234,-0.2959448899227476,0.8378315831379222,0.76455112828911,2.7926166199896447,1.3529614182568355
2017-09-01,0.47080855332907,0.3622213684575937,0.5795112000106377,0.20389616413371092,-0.39596462314352887,-0.24812141339350346,0.8975983110191996,0.8719048526468325,0.3826442754394386,-0.29817408200756,0.8501411628630282,0.7846251570204283,2.7672141200658955,1.3895986080487175
2017-09-04,0.46639649369999336,0.36509382215820496,0.575951870362682,0.2927061637047066,-0.39514172134276493,-0.22163307318301073,0.8933221919715626,0.8662896039381258,0.3797287568918828,-0.2911491056754767,0.8540424706482208,0.7870564239820483,2.7587249387877524,1.3476371797029847
2017-09-05,0.4724865571332397,0.3444356973357259,0.6076618862873044,0.3187169409421484,-0.40604977308936585,-0.22381160875604156,0.9011853124156017,0.8984275552820358,0.37572623984249254,-0.3100604736360679,0.8259850286152075,0.7548285374923962,2.834354930989104,1.394874416926787
2017-09-06,0.5227505958827285,0.3247632202925128,0.6625402000871561,0.32599044889454776,-0.41144985517659305,-0.22146529655094982,0.9660831899210258,0.9088985119306496,0.3882340802104358,-0.29405492032742575,0.8487591779800829,0.7742304509912212,2.8707527884288533,1.476624610101335
2017-09-07,0.5006510345508319,0.3398125106045933,0.6554054796617341,0.28300953745665347,-0.41077977911038055,-0.21958833030163538,0.9576458276891393,0.9053087112094704,0.3898146123700681,-0.28310470122155384,0.78883313962513,0.7644222447030087,2.9962201196122265,1.4659962811196556
2017-09-08,0.5074868165576296,0.32811735677893084,0.661854817038434,0.313280727971492,-0.415534587847733,-0.19960469936225134,0.9652726711193278,0.9127316531027556,0.4001851652238049,-0.2783688955865662,0.831038678390019,0.7358548852620628,3.0117890977868074,1.4843971128153726
2017-09-11,0.5697758009453662,0.3550053543726046,0.6766451577058603,0.32006941439414693,-0.4000341809617336,-0.21580885994165244,1.0464772543929204,0.9226190557936165,0.39271510245951835,-0.261542870635619,1.0153526105060173,0.9383895873999288,3.0930085585950238,1.4393117661837067
2017-09-12,0.6896661031969313,0.3737145260898733,0.7168665133108971,0.3131670906587527,-0.40482137044903477,-0.23464454497741738,1.2027752279203257,0.9321995475536475,0.5133046717692196,-0.27661976962339585,1.0523463136517779,0.9782983973141786,3.209936587607122,1.4729924468970435
2017-09-13,0.6692608093063948,0.41487141206939726,0.7485347989448103,0.3886569203542034,-0.4262257671900159,-0.2631301252757645,1.2434062930405627,0.9678397366418754,0.5023203970275052,-0.28147708744939504,1.1703292229066369,1.1159154944938008,3.2875905422526115,1.496067484090128
2017-09-14,0.6726479047000045,0.4099374087869121,0.7442554998122435,0.391474642684958,-0.4197454362382912,-0.2578505397371488,1.2379158637911152,0.9630237187489952,0.48470641282580784,-0.2748726226135082,1.1276981419591827,1.1363249375424647,3.387578508929339,1.4470380309355306
2017-09-15,0.6586464944839496,0.4124704424622716,0.7914422449049425,0.37982687914624447,-0.4404690047170199,-0.2656123218478226,1.29845743319708,0.9584132699874435,0.48457399426888803,-0.26579956962063067,1.1012653880602574,1.0606489121249312,3.341690948265045,1.4166380635823277
2017-09-18,0.688337136246864,0.4475335188873082,0.7991201355100666,0.4045265036291079,-0.42916534824665675,-0.273844281384367,1.336007891285901,0.9243078207102287,0.4477210238598721,-0.26860195831090306,1.0932801916504005,1.0653914872966799,3.353511593109359,1.426995462899629
2017-09-19,0.688101236613315,0.4496472990711793,0.7988687569366966,0.4547770533747306,-0.40866251096333206,-0.2822571472370864,1.335681497111603,0.9311890088232662,0.43326480832177783,-0.27030894881878986,1.1681726768617953,1.1395747651694212,3.3589188960620238,1.5384013364726439
2017-09-20,0.7477069873012006,0.45759207108863476,0.8423079186892759,0.45527787970312206,-0.4293386751940107,-0.2781797822253166,1.3920836364918623,0.926335819010748,0.30866615989060797,-0.26512221856348017,1.1447194688550035,1.0647643564795786,3.3237186733996547,1.5109433506838092
2017-09-21,0.7537335371886142,0.4344376616079302,0.841998455187231,0.394775321498658,-0.4495711686934186,-0.2710097591837253,1.4145701593096467,0.9260122408387075,0.2963641855715162,-0.27438616673905225,1.0683193203706365,0.9915592353256528,3.3494540113232034,1.4214974125954623
2017-09-22,0.7517509415584189,0.423748596199357,0.8562199941018376,0.40235726587782117,-0.4574476257518715,-0.27965256992077514,1.4332123592452484,0.9442760180588716,0.29100351933277535,-0.2715473475504343,1.0978697556081523,0.9522346336829435,3.2978874666363005,1.4444597221514952
2017-09-25,0.7602699678675642,0.4438740495809417,0.8905535938545683,0.42214709741041667,-0.43207070139947323,-0.2996558283948224,1.4450454341489825,0.9537313225528703,0.2734027970349846,-0.26449287762478757,1.1560755675075063,1.01599733462182,3.4212340231855594,1.4593588132074653
2017-09-26,0.7886086324621726,0.4338301526466988,0.9090499115663124,0.4277443303598276,-0.44133362568225354,-0.30163593372924813,1.4844083294671737,0.9851845301110715,0.269802464836171,-0.26811871947187205,1.185655432577251,0.9831164272431996,3.464489368834916,1.4989521402524701
2017-09-27,0.7988992428487205,0.4429304305472124,0.9055895792681641,0.42187979760476635,-0.4544793768251568,-0.2987673676600203,1.4987021652989099,0.9966061235071926,0.33586757211933116,-0.26462877866754053,1.17667774126161,0.9364525214876775,3.4699323816544707,1.5133296526848952
2017-09-28,0.8101962202851638,0.45002017726103327,0.917556565504716,0.4288661133751628,-0.41029551425568755,-0.2908596033152244,1.5143938623708775,1.0368753286899883,0.35749578223563505,-0.2665495243949014,1.152131458275575,1.0932934335393036,3.5703732097198992,1.5291132094847537
2017-09-29,0.7697831425690957,0.46553381823482876,0.8747466415648182,0.4441534288416249,-0.4153660075344092,-0.28169167145978746,1.458259398366312,1.064423202145922,0.3895695336372287,-0.2827756039626377,1.1243082026189337,1.0752945365633777,3.6133210734294376,1.5209082210558185
2017-10-09,0.8017026729566399,0.46735989325697314,0.8926402437997605,0.4579372151138601,-0.43461937084769475,-0.28854759707020305,1.5025961782119568,1.0815349891533477,0.4133718937687765,-0.28263043519553344,1.1445837562107304,0.9886237813452008,3.602121675248063,1.5449691410640378
2017-10-10,0.8491765404215845,0.4430732666622679,0.8322296183384406,0.4318062824671074,-0.44879610280021487,-0.29280537496743353,1.5685382013137734,1.0859481668281799,0.4049133889059442,-0.2833143300171246,1.0578158475991013,0.9387596989043019,3.682679870278662,1.5058162618753101
2017-10-11,0.8445059081446158,0.4614280268013047,0.9065605928781602,0.42382886939238684,-0.4579324209842961,-0.288865188562897,1.5620506122894455,1.07159719944638,0.43458851745289717,-0.27620078622541633,1.0546729249084517,0.9095854444158122,3.8726495960879115,1.5435235245993408
2017-10-12,0.851494377351101,0.5040345189040054,0.9245538700533162,0.4793447594042699,-0.4829984782670934,-0.31659273561861234,1.4916438531595526,1.090101851497717,0.3945927354722101,-0.30814516788871904,0.9982092231295585,0.8925435504932129,3.8291641486148187,1.4736259014693842
2017-10-13,0.8451862091520883,0.49985698135727574,0.9032530514872901,0.44073708447981774,-0.4773131121182036,-0.29875729507203486,1.5136831231759804,1.1337066410295646,0.3953253178932252,-0.30688029560735686,1.015682673834998,0.8968060359672969,3.946365970412951,1.437571043462392
2017-10-16,0.7888785073236939,0.4819990667067606,0.9276765995239642,0.4344297366394547,-0.48094262574269786,-0.2950379191105579,1.5459400321875751,1.161087491202185,0.36991855679384145,-0.30752220507777006,0.9389969344204199,0.9557978336736395,3.9726800475772652,1.4636041458064812
2017-10-17,0.8743148976578878,0.513460624318534,0.8794695047235608,0.4495040554313594,-0.4691330970604116,-0.29753508947589813,1.6558620566555557,1.1302650181680325,0.3708744940002078,-0.3123464567740839,0.9801601612616353,0.8859209297555415,4.078245741454132,1.490014491197102
2017-10-18,0.8884392040277955,0.5321715544514318,0.8561367213094282,0.47605675287589144,-0.47256201860872094,-0.3173071201862727,1.6482953307740908,1.0703052041909475,0.4094600122081118,-0.30558807759057427,1.0046409028375827,0.8737395809492059,3.9685836895015285,1.4751853101046364
2017-10-19,0.9309661198285479,0.5454644026103468,0.8172012486007674,0.5092969763963522,-0.47060058719355324,-0.33162770858109347,1.5927430487724252,1.0268772008273217,0.3568102089128762,-0.30665954949803853,1.0220328111112686,0.880707626117706,3.864359602761404,1.440919368326988
2017-10-20,0.9319712914936893,0.5435389150609422,0.8181856079386121,0.5100826466053623,-0.46422749904066596,-0.33317040492965133,1.5824812655937852,1.0188550505512017,0.36043764474893214,-0.3039153865639598,1.0195135690014498,0.9033482169478242,3.875587222298595,1.442189998070691
2017-10-23,0.9513741368727846,0.5858856990213854,0.868067287232926,0.5252484517240741,-0.4710069644434022,-0.3141974726528084,1.6152571687647228,1.0486962303523315,0.36688368335875654,-0.3127498366692594,1.0749186540156566,0.8792639584928781,3.890645630672031,1.4667169851577007
2017-10-24,0.8998228719616994,0.583578480381258,0.9323491901177885,0.5230859364224365,-0.47807245855308933,-0.29059838082008005,1.5802296406499416,1.0212569537624856,0.3373579178347974,-0.3061073167832,1.0719768097974964,0.8541635742972564,3.8904645122261376,1.4238822806819327
2017-10-25,0.9130652416214458,0.5857687621839642,0.9316444919806679,0.5342577759198972,-0.49927677760316624,-0.2908570887192853,1.579288670441033,0.9271091873781023,0.32789833742785524,-0.3021589195105925,1.0871747653481134,0.778834581518995,3.965871821821235,1.4394008756842784
2017-10-26,0.9888352393771451,0.6391488602973274,0.9966674480137137,0.47814052826430276,-0.5008428139063523,-0.27241246715352196,1.7757859667439453,1.056438589259046,0.4290612805524374,-0.3297980276560638,1.1574331765433095,0.7894090864159624,4.276399066873165,1.6528230977060892
2017-10-27,1.064907822820111,0.6882352141785881,0.9684005701075586,0.5556052101352886,-0.5027314241906915,-0.3132063941701474,1.7364890857868165,1.0024690073250118,0.41719496813356427,-0.35543313028062373,1.222040199702736,0.7871796805212243,4.201700935065675,1.6152670055866514
2017-10-30,1.066533665561911,0.6954834176051139,0.9239753671853355,0.5973927318137824,-0.514051553793451,-0.320258466708758,1.6651346372258438,0.9116894636870745,0.43959666928516894,-0.35594064173230044,1.2315802206986843,0.7464952162475824,4.148289295809194,1.5470734447233578
2017-10-31,1.0718578142305826,0.7245450897275683,0.9289322333910313,0.6207778428320121,-0.5129700163038411,-0.3214197589025508,1.6845983265952738,0.9256506832713685,0.4481581154783476,-0.36536938101191274,1.2698309355187125,0.7832537247908413,4.1597474410594595,1.6006817341175497
2017-11-01,1.0777256228301373,0.736902267856596,0.9193143935191432,0.6323914797445849,-0.5145516152929892,-0.32271922894313965,1.6922015071991492,0.933195449246808,0.4368360626043717,-0.36220505228871336,1.2860953436574483,0.7756999701699667,4.0052536925921745,1.566508596173537
2017-11-02,1.0750504145476785,0.7374440340037751,0.8989754831010026,0.6277770080965424,-0.520594541243699,-0.3275288606157132,1.6887351208337074,0.9097337685708098,0.432326219344471,-0.3604021228198957,1.2868084114502296,0.7191002620762186,3.9697094578849175,1.5085948447935627
2017-11-03,1.0327517462564937,0.7478558371505648,0.957947055912804,0.6295325396492255,-0.5156302873859124,-0.34577270933996485,1.6339268548746393,0.9409533691201559,0.4252876055093362,-0.3610919189337576,1.3005123343095892,0.73690158234085,4.003230937110039,1.494379453878166
2017-11-06,1.031885923525953,0.7744714138708095,0.9877618089222855,0.6543463414544559,-0.5458215178854126,-0.3528723221450042,1.6740351297056546,0.8495278576813836,0.43376488518843415,-0.346373729547487,1.3355435200791805,0.6943598834306013,4.079417928065108,1.5323627625201004
2017-11-07,1.037945616251522,0.7879517690117517,1.0315109039378365,0.6742716630346604,-0.5401392383794683,-0.35927703313583625,1.694349316187338,0.88671806064587,0.4273883626155426,-0.3542461522111633,1.3532862438287365,0.7296855094341324,4.120376921763421,1.5516006883145779
2017-11-08,1.0167299446959772,0.760883951526411,1.0007558425763867,0.6568419546977746,-0.5274522732115972,-0.35496720438119034,1.6535595382994135,0.8115101176942314,0.43854455393194236,-0.34752364625655574,1.3176598227793996,0.7774053012516184,4.08593466070316,1.5129719831538435
2017-11-09,1.0810074462631452,0.8170070934728666,1.064524215305196,0.692158612520283,-0.5402143209501891,-0.3721387940494205,1.7381341625966327,0.8203235569721121,0.4378588796926992,-0.36131926798247815,1.391528603913268,0.7863588196580005,4.248034288362104,1.593065781041974
2017-11-10,1.204902599807026,0.9251846846873457,1.1874380208802835,0.8711092409251828,-0.5012802944605979,-0.39192036545160924,1.9011521052319797,0.9286985976263804,0.5079585140871028,-0.39289165200849074,1.5339109890020284,0.9376252569863908,4.560481999747157,1.7474469120025953
2017-11-13,1.1909910603489076,0.9130379881813242,1.2285553635474682,0.8593037262335774,-0.489799124903757,-0.3864908547513377,1.8828476721974,0.9165297305544082,0.49844425056736075,-0.405030781005164,1.517923614906707,0.9822318844486386,4.650436431440072,1.7990907597653072
2017-11-14,1.2224600763396598,0.9405147881238158,1.1536271864285825,0.8860087455973682,-0.49901843914756194,-0.3919175433567943,1.924253765146422,0.9738623432196185,0.519966276346346,-0.4095081420254286,1.5540883350349461,0.946413014786029,4.666023980469514,1.7049801212547715
2017-11-15,1.1839567918589102,0.9068960996615743,1.1706213751306729,0.8546975757612509,-0.5070483277676171,-0.37658438851530707,1.9473289383290693,0.9407979390811121,0.5427290916589835,-0.40989580476632337,1.509839715768507,0.9152153002618388,5.04736283975764,1.660072539475185
2017-11-16,1.3158037319140692,1.0220166994283386,1.2810288817564,0.9682695910038677,-0.4851389643905084,-0.40914372702965396,2.1252611681713764,1.025380124518108,0.5686307927545462,-0.41448804449521315,1.6613604270694498,1.0003375350010164,5.310913802388687,1.8229615209177488
2017-11-17,1.3363569794591017,1.023407041002658,1.4618579385227948,0.9696229759895676,-0.5119288145762616,-0.3641664459773498,2.2020832218648567,1.0585829767580264,0.5678590783150816,-0.4003836259518645,1.6631903823052538,1.0495078376573046,5.755202161993404,1.687876138232244
2017-11-20,1.3230978851503212,1.0119239735529586,1.7298632136748053,0.9584451392886739,-0.489338302893614,-0.40171205011507627,2.183911031657391,1.0333971883879793,0.7220582968460796,-0.4080372145117034,1.6480764708817528,1.14436988264789,6.419577493172855,1.6335456537024693
2017-11-21,1.3830525704223748,1.06384785906666,1.5538677601216127,1.001884519607961,-0.5011990101316595,-0.4263880030583729,2.2660816474792407,0.9935454023226351,0.682796788422428,-0.43459965367244846,1.7164182279824325,1.0945644174401283,6.5564323447844375,1.6816660199568738
2017-11-22,1.31804943543476,1.0075517527021107,1.6721539562960057,0.9472786031154732,-0.4923257412005866,-0.4144952895940385,2.2743583369904785,1.1064971273771316,0.7433574310263018,-0.4177442832843191,1.642321792617155,1.131825035897016,6.984570107589632,1.7779472972341126
2017-11-23,1.3471938782334827,0.9476110469203527,1.60807832051881,0.8891375097825847,-0.5162055716709907,-0.3682142563485806,2.3497891783114335,1.0977782352701277,0.7772380987662921,-0.4064286390413938,1.405918158731557,1.0315488852602397,7.067796998027328,1.7113348407151214
2017-11-24,1.3251910271508125,0.9500050249570711,1.6340424007938794,0.891459612911909,-0.5477909754166568,-0.33288939739674006,2.3183878896781325,1.1162362910905004,0.7925758066734143,-0.4070580668711048,1.2718028002716952,0.8989155021275903,6.98418142812511,1.7383268658023576
2017-11-27,1.3838012932498285,0.9242269366716929,1.668863120066943,0.8664554656067278,-0.5474079972107926,-0.26736607114698374,2.3585655752835146,0.934002966639951,0.7729870127265641,-0.3996113661816013,1.2149615333823216,0.9480352054826813,6.914295486795432,1.76825057699696
2017-11-28,1.3594888316552138,0.9265032206515833,1.6657059610806764,0.8686634082327096,-0.5343127648494479,-0.29179191174701,2.419816713205024,0.960354572921446,0.878326752300423,-0.40255533603685745,1.217581744833697,1.004399377864571,7.262811997204615,1.8100580000711157
2017-11-29,1.4124873003420642,0.9314121483562285,1.655604815763819,0.8734249541657748,-0.5264223961176004,-0.28977394990468186,2.4530770878006702,0.9794205442595851,0.9101521697820778,-0.40181379242423154,1.2232323704583186,1.0383609060823762,7.343174263749264,1.8065701782078514
2017-11-30,1.3288565202079536,0.8658418222326278,1.6605251571540651,0.8098232597696366,-0.5745348760637827,-0.2679870622141123,2.48963256143548,0.935987193818336,1.1042115112910111,-0.3826140441072632,1.147754916459924,0.83127637038435,7.4165216260172215,1.7164887948976646
2017-12-01,1.4030766238723529,0.8215416489818421,1.669138011639686,0.7668531199615578,-0.5504190101778623,-0.2808366925095632,2.5724859551214436,1.021540619161947,1.078264767759154,-0.3750011425658726,1.096761357538862,0.8597859353427049,7.440883707147282,1.6908551692153488
2017-12-04,1.4237949350922174,0.8529150327218635,1.7160663770289566,0.7972845739861154,-0.5416716723205167,-0.2813082198649415,2.5109551233457825,0.9844745262298853,1.1124933932088177,-0.38598977433449644,1.1328749971682845,0.8758202238160648,7.656529373102684,1.7875280566749798
2017-12-05,1.3961237714522694,0.867326661303045,1.8111474283108282,0.8112635192035473,-0.5553775880060664,-0.2550435966440705,2.483647567246716,0.9095589178877344,1.0337055774180337,-0.3788213539814599,1.149464102295315,0.8154312465638889,7.70070150139164,1.6835640642918612
2017-12-06,1.3962848815575906,0.8452964029393579,1.8535115668249773,0.7898946799320452,-0.5572655428556507,-0.2616595504927022,2.5247467801187273,0.9408755012148993,1.0559644375956059,-0.36969545994765207,1.1241052561446403,0.807722565819105,7.744624262459173,1.6566697447545877
2017-12-07,1.4510862612901807,0.8440038850594918,1.9100341853222367,0.7886409675890285,-0.5495850734149799,-0.2423297062543932,2.5533780320946216,0.9458981119066905,1.0574045156186966,-0.3524515294225238,1.1226174496231995,0.8895741059883004,7.532193238494907,1.7092933024095704
2017-12-08,1.3920719203222442,0.9333006342292149,1.8748677765916666,0.8752567416291877,-0.5424307429723785,-0.2682655497610643,2.45399573107115,0.8930765083150725,1.0322230334151667,-0.37270664371705564,1.2254061907522158,0.9195878483225517,7.952393220816083,1.7669480514086708
2017-12-11,1.309971546422866,0.9741756017156114,1.6805848636224674,0.9149045113477852,-0.5463209068996536,-0.3113721447677763,2.220575482154083,0.7651428268067515,1.2015161357639674,-0.41238671126697823,1.3395204564024699,0.9032678895663859,7.915187368899293,1.6720657110779982
2017-12-12,1.2899174197468253,0.9374323361044767,1.704214103009995,0.8792643965478317,-0.5537429770778017,-0.31557433608499297,2.275732277104407,0.7277372726325548,1.2172911345746846,-0.41279256003194753,1.3088966410744929,0.8721309294132471,8.061037480375942,1.6138912862911572
2017-12-13,1.2329568386965035,0.9527458553150325,1.7198609482956662,0.8901380027578301,-0.5493040665381298,-0.33404865749384416,2.230087789303455,0.7036627524359176,1.2219872038053845,-0.4275571192568943,1.3850272819849359,0.8907529819241546,8.35980468304013,1.6350591620542918
2017-12-14,1.2063574883272001,0.9022337770815565,1.649505746347319,0.8697974993541455,-0.5437934266469311,-0.33970617498675415,2.1785565499042523,0.6595937579990458,1.1936349683721694,-0.4240806059664798,1.4078534535120513,0.9138711377205959,8.47795547873713,1.628889032172813
2017-12-15,1.2346676475014675,0.8934419605936519,1.6444803832903196,0.8727763231475867,-0.5511780354040431,-0.32713012665393026,2.1725277271011714,0.6685932382039328,1.2376992912752804,-0.4180744881458687,1.358731395371712,0.9603803827140309,8.671313043500465,1.6089894139951633
2017-12-18,1.2484664463851272,0.9084857166685703,1.6608097255983831,0.8760917225046336,-0.5776209148824176,-0.3639932023854353,2.192117697049521,0.6818505284648542,1.372943196972917,-0.4345652850293491,1.3629070870733875,0.9725143937713869,8.146509463806192,1.5439632499771836
2017-12-19,1.2735134654973157,0.9937888062491846,1.6904500843229289,0.939047992896028,-0.5735117344056397,-0.3921177515313419,2.215311722858505,0.7570237639980368,1.3598870177213298,-0.43751256317472376,1.4421994882385798,0.9756258312863126,8.160937136813889,1.583184267810252
2017-12-20,1.34101169461425,1.052982303757478,1.7703267241472638,0.9541750912955747,-0.568205171267846,-0.3991488310058272,2.3107709539760983,0.8076489008133356,1.4094722666773385,-0.4320415939604031,1.46125182325311,1.000207476447796,8.432915747528314,1.6731255574511836
2017-12-21,1.2671639910223362,1.0393954673686667,1.6829361881459919,0.9820916668452337,-0.5801254902704724,-0.397538952293758,2.2888599500720845,0.7956857047259589,1.3904204315900066,-0.4385944572860466,1.4964122972437126,0.9449888642640774,8.484111579314671,1.7204665212709935
2017-12-22,1.2598505587932318,1.0085868702173495,1.6742815552810049,0.9678046974287269,-0.5849292029309461,-0.38348850440525295,2.2391760300525867,0.7685587652125252,1.3559063834247231,-0.4473991228424531,1.4784180910531988,0.9227365783661683,8.559023766043051,1.9191556374663912
2017-12-25,1.2717545170790268,1.019167275290343,1.715767882653866,0.9738361951969512,-0.588440789392187,-0.3705983617653782,2.256238669965681,0.745106614946903,1.4040276377451448,-0.4633615534870318,1.4860146646381929,0.9064698215025195,8.550176809498913,1.8740164512317086
2017-12-26,1.2148086793267576,0.9379939590084858,1.6792917551721387,0.9473251295260168,-0.5904352020774878,-0.3858067287699023,2.167323944370427,0.7584639144153718,1.3717385679965561,-0.455703719457779,1.458190751686292,0.8972310837993045,8.522413100289072,1.8354148494050953
2017-12-27,0.9689849741585994,0.7291974224864046,1.6005065575160855,0.8652597381949831,-0.5783918538698889,-0.3768226283220728,2.017556491248407,0.6753146481910999,1.3672557698044865,-0.4483807923384864,1.3545961423708124,0.9494336688189953,8.242404326768748,1.706700962337648
2017-12-28,1.006594151105229,0.7895989361300357,1.6205444361272678,0.8836570314377892,-0.5816405028030068,-0.36565782238976285,2.0051620524129636,0.6684333901277135,1.3708340596301958,-0.45909738179330806,1.3778198225975107,0.9414264827258743,8.350745066459755,1.695583344615883
2017-12-29,1.0413791105601886,0.8437653665563953,1.57409842431443,0.8618197116663846,-0.5720870075229805,-0.36154650191441473,2.0572575098283017,0.6973562232760746,1.3414870630017632,-0.465792859803818,1.3502536516023524,0.9513506858060059,8.490628059416542,1.7556461214159524
2018-01-02,0.9865830064334642,0.8428768711109618,1.5815586703261304,0.9038630124064426,-0.5743645287359687,-0.37441621567682726,1.9751924980016695,0.651794618442538,1.3423189127676172,-0.473235192991562,1.4033266857262081,0.9409648301319908,8.467620920877698,1.7067288814801325
2018-01-03,1.0680578495870017,0.8156436258275144,1.497229855429444,0.8657915818708362,-0.5745305300071719,-0.3668905756028873,2.0428313136615834,0.7195389346999672,1.3609805196427334,-0.4560279714726757,1.3552675111040053,0.9564287886992517,8.39219096182943,1.5857499012886755
2018-01-04,1.1362402048646696,0.8725817812453112,1.5569949036828952,0.8723972156625228,-0.5794342542140528,-0.3518583342599062,2.1205514416537037,0.7634594719615273,1.3268604966406494,-0.47531612139581514,1.3636060816126205,0.9338800798333842,8.822460345736257,1.647633458897872
2018-01-05,1.15880279774963,0.8526753696244365,1.5019889159352031,0.8636794995479247,-0.5931552613927733,-0.3416377469753663,2.125545099247084,0.7820848203864792,1.2988219617057233,-0.4761557459568919,1.352601340388977,0.8707870135909337,8.920141891755902,1.590677657620852
2018-01-08,1.0744134956294387,0.8750069122715629,1.4937269617776172,0.8383774612609487,-0.5869078238301275,-0.3368727743941825,2.115224066182957,0.7387360412118134,1.2780933617535206,-0.47442593125425514,1.3206615088873952,0.8314582030776256,8.950265588609199,1.6140379359131676
2018-01-09,1.0309437405267121,0.9187832015677724,1.5490318639914284,0.8914891302466255,-0.589400953506289,-0.33355932028408763,2.0499439146931966,0.7023004751788091,1.200895103828949,-0.48608190759954784,1.3877066116941323,0.820404827922768,8.895108825190114,1.675068580741653
2018-01-10,1.0585610105141097,0.9359617970495275,1.571852986891522,0.8143399953060502,-0.5916112260260511,-0.32997184112892064,2.0977594488781657,0.7367626384723032,1.1127495765259066,-0.49413886497409676,1.2903180004468258,0.8559151149352995,8.940299321336505,1.7272506292746352
2018-01-11,1.0500398881691617,0.980862495256994,1.5612071649593124,0.7632984972577863,-0.5774796279020962,-0.35315702465089327,2.0434642045226252,0.6936939914432818,1.055003216915778,-0.48159440196716863,1.2258861618431736,0.9201358972580578,9.186801194044937,1.592660301219591
2018-01-12,1.0355106485703165,0.9779658135803524,1.481209434055232,0.8058770230903971,-0.5800762499442804,-0.34918181578869356,1.9484034715289824,0.6407925010777067,1.0138690865443922,-0.49312529586675347,1.2101106476437615,0.9178485569603412,9.17190469293341,1.5780766842430691
2018-01-15,1.1023258033974153,1.032073575799437,1.562654545929886,0.6944806262895589,-0.5832200039854771,-0.34430947337789375,2.0451841170055025,0.6946511262220412,1.0098071503712869,-0.49332439478228496,1.0737789043795591,0.9139802923943348,9.151388151963756,1.316855780385049
2018-01-16,1.0865409704901023,1.029935770773394,1.5485032401421375,0.6842101555376006,-0.5853568431805778,-0.34094773521737654,2.0407773108019964,0.6921987296480181,0.9951756434103065,-0.5023394413176119,1.0612094566957007,0.9041672779825398,9.085848351822364,1.2825933602350355
2018-01-17,1.1324262584637905,1.1031835510204302,1.71168698829005,0.6063375246595164,-0.5612311504647453,-0.3580306619242849,2.2354819637307974,0.7360612704764531,1.027404256199977,-0.49747414012867386,0.9659055525742788,1.0149597844368468,8.983342355127153,1.3232105706558954
2018-01-18,1.1290655312142177,1.1314287222332364,1.7083699707717175,0.605717108937347,-0.5608242240143388,-0.35857030443967153,2.230382808551173,0.7337869377260247,1.026621211879322,-0.5007872003203594,0.9651462608971602,1.016828514255887,8.96760849771402,1.3194714556483063
2018-01-19,1.1100322433097252,1.1711276954818075,1.745492138525131,0.7024183700287459,-0.5466248000878591,-0.370987183904403,2.2099442584111726,0.7681963008914325,1.0419177724585564,-0.4997266070733727,1.0834934595413626,1.0820365804263368,9.035539808751663,1.3801797628651746
2018-01-22,1.0708764505533348,1.0986478131941824,1.8541917503715042,0.7698205721423785,-0.5587388856742428,-0.3801087227246813,2.048000719100705,0.6789897776280756,1.1449337018431245,-0.5074521367893011,1.1659831986881901,0.9254242984171526,8.644394902818112,1.3007209869512266
2018-01-23,1.20111824656543,1.2243986279379264,1.8025996739134071,0.8438769894263964,-0.5662871036122764,-0.37631020525427417,2.239695925155012,0.6502689582632597,1.1663760750254277,-0.506352762249697,1.2566166550492794,0.8924879671706403,8.54798226570675,1.3969924147703234
2018-01-24,1.267901577615055,1.2750842558051754,1.6641254535997874,0.8372649060742643,-0.5599857568199754,-0.3865749256050641,2.3379903651776446,0.706256981883594,1.2775943890480015,-0.4954841195063544,1.2485245005820569,0.9199836286571232,8.076224057740562,1.3883968773609539
2018-01-25,1.2580310775586572,1.2353535309715218,1.7176370220827337,0.7909826803905879,-0.5656781289694133,-0.3969052178391541,2.2738045808988927,0.6866325529212038,1.2830021408255012,-0.48600318793918174,1.1918823048664828,0.8951452023912874,7.993621553415917,1.3282311805500338
2018-01-26,1.2013117300359615,1.258468020799016,1.7325810502606096,0.7950790655709243,-0.5769962206287754,-0.381587589226434,2.266368487634406,0.6442661307479272,1.293409479150435,-0.4918528203485866,1.1968956387691527,0.8457591858465339,8.066048899110957,1.333556375376777
2018-01-29,1.2897861378306144,1.3492396357124976,1.7224994650594798,0.7484407950699079,-0.567722682600163,-0.3961657214570493,2.2543175469301104,0.7103165522904473,1.4028761512270727,-0.4798849602723301,1.1398176999593477,0.8862238786846257,8.279572084939698,1.2733321535794064
2018-01-30,1.3681897034220118,1.4296789225198672,1.7455628743088067,0.8151067539162826,-0.5415251993145329,-0.42140033048729975,2.356657085039906,0.723319825864444,1.3228142155821954,-0.48232234797447293,1.2214063926542753,1.000535494274418,8.492778620336145,1.290495942404632
2018-01-31,1.332099057901723,1.3926511959850916,1.7037211517866786,0.8420486238261706,-0.5429065679604992,-0.41669020625301045,2.3055024326848645,0.6856050971477747,1.3452482599094804,-0.49070905779207374,1.2543790219052848,0.9945079503335046,8.348110941182707,1.2403686057385608
2018-02-01,1.3562565622164646,1.4174359414678532,1.7317281762605496,0.7390754471062837,-0.5385754015306652,-0.4144291390093592,2.339743126282083,0.7030657672978393,1.3912478535874198,-0.4850943539523036,1.2376041919131957,1.0134068127388933,8.784164644241228,1.2635759022195416
2018-02-02,1.43678231661245,1.5000525189714304,1.8250857824421223,0.797437800446148,-0.5377138267832704,-0.4169369166166109,2.4843965862695527,0.7768302295665581,1.3095262616157983,-0.48807262168075227,1.3126968779151151,1.017166257883003,8.858461246045541,1.3312402321424943
2018-02-05,1.5941776478954695,1.661534565096701,2.0075622021038395,0.5552256516858993,-0.5213797865556828,-0.41472608253371634,2.564525810975741,0.8176912582137352,1.620744440239469,-0.4825717747448075,1.0010514456826902,0.987842462392041,9.23894891995831,1.1676742203255448
2018-02-06,1.5031022691025924,1.6606051654034308,2.006511970622805,0.5472237657855106,-0.5370125104099044,-0.3920235754430307,2.4393838266883625,0.7538764612569355,1.634228591534261,-0.46931314633383037,0.9907557144286414,0.9229154254484042,8.712997934547637,1.1557642429417934
2018-02-07,1.6095843146806788,1.739380853183786,2.0742164815446245,0.5123813871844289,-0.5302718790400829,-0.39088553926880243,2.5737382691142168,0.816053371505395,1.630001533546178,-0.45277150619506246,0.9459253118467792,0.9509111366279157,9.057334730302927,1.2229599461788636
2018-02-08,1.7239866768140648,1.571108962222739,2.032702354331268,0.5328045401014743,-0.547551592868601,-0.4001807854596757,2.690190744733107,0.8901360090584742,1.7915545833040887,-0.43613049152323635,0.972203028926452,0.879143693629381,8.751494927183876,1.2479764376967446
2018-02-09,1.7731202759819036,1.557051616425436,1.9995220900264195,0.5495746856106773,-0.542213349688873,-0.42693582039895883,2.5850857611290996,0.9521449395762585,1.7610126744474033,-0.4075516307741798,0.9937805561998239,0.9013148977890915,8.724461565211396,1.3279567969844206
2018-02-12,1.8956955276352105,1.4814859233006517,2.20981730005528,0.6553379244112112,-0.5506009912319112,-0.43862231059208034,2.5409242156355334,1.027722522794242,1.7798761195443111,-0.42615120519426,1.1298622120498747,0.8664786966629672,9.01183772677194,1.3967523065465604
2018-02-13,1.79803944094018,1.4799628971947532,2.228778369184298,0.6071651795900406,-0.5512626711770519,-0.429174376050394,2.6677356305263666,1.0867322018562686,1.6803201837284458,-0.4384633677441766,1.067880119250408,0.8637305563744524,8.90024105784332,1.4496466360794615
2018-02-14,1.783465065740025,1.432624644607138,2.2646029440495856,0.6497709451209202,-0.5624652072366795,-0.41561268257394823,2.570504377455466,1.0314131692844564,1.6571663216362151,-0.4459364152481484,1.1226993852633913,0.8172033177826024,8.743527348939159,1.5290066152677508
2018-02-22,1.7771509405823713,1.4720266959172825,2.2080970510849602,0.6612222894748403,-0.5679539508772945,-0.413342280209122,2.620237577925931,1.0127046403989057,1.714971154790149,-0.4488559408800812,1.0995024327991048,0.8213255355630982,8.775901219991018,1.5465608858835727
2018-02-23,1.842167109660608,1.4557121937029236,2.0757271011541096,0.6036417359075785,-0.5672402067257661,-0.40104273585031824,2.7457206545152033,1.0824681200342545,1.7634336643911621,-0.4509388731650248,1.123367491546409,0.8243343825405838,9.114749192012813,1.4582931167650477
2018-02-26,1.8225192056909894,1.3816548728811417,2.074676975551477,0.6606604685758399,-0.5771579540015539,-0.38752066584996314,2.826996256926469,1.0084243418214047,1.833257230907817,-0.44677635940061267,1.1176536338987577,0.8934863207560695,9.404463717538409,1.4752872994516322
2018-02-27,1.704934563372508,1.2348302116706127,2.008555725239347,0.7082149949258283,-0.5622478495016803,-0.3847758532980554,2.724591434947068,0.9546818442135039,1.7584974112120069,-0.43465796809751933,1.1782945761256474,0.9602537559691187,9.18071463582961,1.5784064460475697
2018-02-28,1.7358086184651396,1.2586142153340223,1.9266741801587814,0.7108491728425255,-0.5636092264612143,-0.40487261175111144,2.649918027203345,0.9427146087724192,1.7899828313030777,-0.42044908209512644,1.1816536471357582,0.9541575111073208,9.489456581581774,1.5331906874408738
2018-03-01,1.5372592557680025,1.2825885160419088,1.8943116965373488,0.8160946605453614,-0.5740825998014101,-0.3873533250651775,2.705592488425939,0.8528389959640619,1.849460036617709,-0.42975232030809707,1.3158613877923964,0.9072577542371041,9.285437825701202,1.50517925292997
2018-03-02,1.59357372160285,1.2720519677113398,1.8921019824808583,0.7743999119837945,-0.5771300708035569,-0.4009114062299901,2.783497181957126,0.8917922415230539,1.8970737240379996,-0.4104200852578953,1.262692761527921,0.8936111816928805,9.35281929010413,1.5032666290008159
2018-03-05,1.6660909391864318,1.2517612095086936,1.9891385062349842,0.7843221836068155,-0.5771685399915208,-0.3969553203359123,2.932705291002207,0.8568205998904803,1.8160705414980773,-0.408994450609955,1.2753455192448793,0.9045815128874546,9.446217858824141,1.5872568524367061
2018-03-06,1.6800127642464564,1.2830651359042387,2.0528212007413966,0.8130192350805354,-0.5682519572975993,-0.3988169344563649,2.8270335625952474,0.8510885479141179,1.8213669638032877,-0.42784914876314784,1.3210764554312409,0.9576949046481751,9.372022588990005,1.5777241021872328
2018-03-07,1.5909174835971838,1.284132184755955,2.0376462659823056,0.8073685829710147,-0.566608179178259,-0.40643082043090395,2.6878785744984452,0.8263561718767245,1.8674094209492669,-0.42304868886065417,1.290064575544699,0.966511217212551,9.541285719840216,1.5432831555951387
2018-03-08,1.6180597605053504,1.1383647873612963,1.938610119743804,0.7783062853057023,-0.5858011902912886,-0.39565737192252115,2.5717654239230066,0.845488956021279,1.7305264251291654,-0.4281213563079732,1.3365986116204822,0.8794231139477178,9.503265227803727,1.4827257287030746
2018-03-09,1.6638196465766453,1.1575925841432975,1.93270113391472,0.7989214837552854,-0.595103343197524,-0.386644465984865,2.580198160679026,0.8434402799365424,1.7099745631657157,-0.4306214686804112,1.3236987656163355,0.8777058195397625,9.625025409853894,1.4885873041490214
2018-03-12,1.6688996948231285,1.2137091025189877,2.0296514199035567,0.8501548779426067,-0.6020894276162729,-0.3824667422025392,2.619536755417636,0.794454528094479,1.7018215274644901,-0.4411974767173241,1.2851538873817652,0.8374655317583701,9.645287908394863,1.5273249613029583
2018-03-13,1.6482911959641622,1.2705065276174872,2.0807881851412886,0.774245464301109,-0.6086541540253829,-0.3834862444826682,2.692735528934946,0.8403698363598244,1.7435412888925792,-0.42784027354549414,1.2381739102323266,0.7459467942261386,9.824967189345601,1.518024358704821
2018-03-14,1.5920364865114172,1.2173587659609675,2.0153464223530104,0.8491792382987076,-0.6027500119086959,-0.40144295222735105,2.614294848173466,0.770410621554223,1.7491778790721377,-0.4228950727982641,1.2476201060418224,0.8160983596601088,10.010520740566534,1.4645367630394572
2018-03-15,1.650529638930312,1.182530710142737,1.9907331946948141,0.8909087137897098,-0.6144690296477917,-0.39063223966480354,2.5847926121244083,0.8103625662392211,1.823807256212414,-0.43862707641894816,1.2983409913868509,0.8246226326345782,9.971069300175238,1.4408017695963986
2018-03-16,1.6872617092505253,1.1529035964303915,1.9915817500061195,0.9171136619720885,-0.5962494587361612,-0.4067891467332573,2.6377432528341815,0.8354512745907405,1.8619887679141187,-0.43878635374157016,1.3301922944907547,0.8509588836399329,9.976815261058851,1.421893805117572
2018-03-19,1.8184330240031246,1.1529035964303915,1.9915817500061195,0.8767421911187001,-0.6039401305182034,-0.4120130625378158,2.8153097189376033,0.9012968631179006,1.8628799367660305,-0.4650522030204358,1.2811220217333985,0.8715562398664891,9.998882907755569,1.3757613831329065
2018-03-20,1.8400067978638184,1.1004375614376332,2.029196378490163,0.8448151512311741,-0.6082402973984857,-0.4275133491593952,2.84451411314668,0.9158503927627855,1.7874097915029878,-0.4661176703758825,1.3412560874802901,0.8512360691615155,10.17864585112057,1.3499668727510072
2018-03-21,1.8309621902273094,1.1000445455044798,2.038059657460844,0.9015216209759993,-0.5892002058274524,-0.42725028975851653,2.9094997365262256,0.943091764028154,1.9228819631525451,-0.4657724542802185,1.3745462788998721,0.9412088357385004,9.978959895573086,1.4641786820538796
2018-03-22,1.8353685906067434,1.1148627339067403,2.1095119272458964,0.8805717408197662,-0.5815338314644468,-0.42004857379079485,3.001447447037063,0.9643591278669561,2.0161575060511994,-0.4569775104752316,1.4005359622490245,0.9299885290352861,9.862402850444097,1.4434964978073133
2018-03-23,1.7318551444259684,1.012340402888464,2.050728257414212,0.8387851680848002,-0.5821955180151247,-0.4283347979885678,2.88944054235458,0.9176047059432937,2.1174949562777847,-0.4513366417401129,1.3471957102330636,0.9269367949916612,9.546802656806886,1.4460933621937295
2018-03-26,1.772504240016009,1.058110122756792,2.096122078828168,0.8254588415617725,-0.5839666466858671,-0.4229622073844521,2.947314123507131,0.8764589311992639,2.0398566231929327,-0.445866263401685,1.3990085537030077,0.9343556032989155,9.809461037697115,1.5364863634026502
2018-03-27,1.8740279401496704,1.0736903861493192,2.115887026544778,0.8355892762977957,-0.5777641145315062,-0.4133498359569331,2.972512889991715,0.85940576281331,2.0567263922761825,-0.4351870749013047,1.4123219185574336,0.9739291640297734,9.87846620829933,1.4738738386221315
2018-03-28,1.7231623693108111,0.9648367179302204,1.952325612140228,0.7688638697981549,-0.5679925761538311,-0.4384980995717862,2.7639848459734244,0.8179408030768482,2.2454710340252966,-0.43005205785826917,1.3478507316771768,1.0196105597731209,8.740416799362022,1.2865254718286083
2018-03-29,1.5866283526276228,0.9610112130058719,1.8893581574572722,0.808917289784133,-0.5836682852604056,-0.44899648200535225,2.683706253313603,0.8555659998067229,2.2056835480487376,-0.4566105739423669,1.3886598230584082,0.9463274958810464,8.459795865303708,1.3292765628383454
2018-03-30,1.6232001812069536,0.9874634985093678,1.8867172915848913,0.7844653873865508,-0.5832877591514467,-0.436982283852669,2.6157107678267897,0.8346007647647153,2.169863353266789,-0.45174446374282573,1.412956446808761,0.948106434171228,8.635244392972432,1.278488520177223
2018-04-02,1.6187758840041049,0.9785623572551809,1.887571066137446,0.7866736975967235,-0.5733690992448208,-0.43767902909629475,2.6150499423519866,0.8295324967359721,2.195998199572698,-0.43646402502623627,1.4237632194560845,0.9944756148391811,8.676636235703466,1.2813081935082016
2018-04-03,1.6225101988303825,0.9832659934612986,1.8916886767776204,0.8242570689431163,-0.5756773804282861,-0.4505158991163084,2.623644000423201,0.8363679802829775,2.157255088831179,-0.4365799571098785,1.4790937780113613,0.9836845293260024,8.9031922835056,1.3292963925327443
2018-04-04,1.631457576563097,1.0671773127886541,1.8641758386999538,0.8069002594936976,-0.5809314628409885,-0.4452878580705095,2.6360070073068846,0.7938938790356449,2.0420925659685536,-0.44219156374966595,1.355975693465877,0.9065233591838271,8.772598731634652,1.2136176260693872
2018-04-09,1.5976046322949005,1.114336039638708,1.7786142289703561,0.7249331426742542,-0.5679263728250508,-0.4585950999775962,2.589230823767609,0.8219899616077038,2.133696488590479,-0.41821871206767114,1.4124942660918784,0.9656891177773086,8.260286707444221,1.2005936412992209
2018-04-10,1.5785987914454331,1.0862812233165822,1.787929413296777,0.7462288499278662,-0.5702407237654801,-0.4743165290017909,2.5716893167791475,0.8086590448049222,2.2000337313128013,-0.4305344441908646,1.436417517458369,0.9551601380567354,8.200710143470111,1.2116607269379092
2018-04-11,1.540926181033257,1.074604128653558,1.8206894973966454,0.7913953697838834,-0.5709209850517527,-0.4747664473720097,2.5195079302870957,0.7822350397253264,2.216359841333141,-0.4299797696227703,1.457110257606812,0.952065336329506,7.962732138810717,1.2365539776404857
2018-04-12,1.520341475582275,1.0989269483711257,1.828225471972445,0.7731396312704237,-0.5675736227356177,-0.4695450550329916,2.5196292831797047,0.7854127483322375,2.2414515408871427,-0.42084681496279197,1.4323642901148657,0.967527446946258,7.938023466311053,1.2200046217094975
2018-04-13,1.5025560911738802,1.116450059116879,1.8082674314846883,0.8346562396283019,-0.5640360906147679,-0.4680986110816282,2.4947921885308806,0.7805442868445744,2.2313644709624665,-0.42223658819625887,1.4247217799096412,0.8931440774684509,7.962395658714302,1.2315632878102156
2018-04-16,1.5833895636454232,1.1592388594556868,1.8294802967917536,0.8025384466510466,-0.5618915003433695,-0.4530669332918573,2.6076752480401932,0.75174014058742,2.310433147668492,-0.4089988381629628,1.36539094792193,0.9212982278372428,8.00050268625816,1.2160249888871597
2018-04-17,1.676529371669325,1.1497056843480462,1.8224735490968564,0.7375509251253061,-0.563317002639072,-0.4509202458677778,2.674621615601202,0.8226302564774417,2.343358851678233,-0.4042123459931707,1.3214972155492375,0.9486631225843647,8.32500082007185,1.2643574149342096
2018-04-18,1.4805732346473697,1.00820087648373,1.6158324341582535,0.8398035089135396,-0.5512578958537954,-0.4597161330110364,2.4055923778008,0.8579979519502514,2.607697736801306,-0.3888691957356294,1.4581142695385934,1.1171521854954487,8.191055671135159,1.2601399896999452
2018-04-19,1.4656198860858236,1.0140084956671154,1.6998730281089203,0.9231367405617097,-0.5751823390026825,-0.43506060400782287,2.3850628448797377,0.8717757021880559,2.5755165896133554,-0.42753603004273866,1.5694536624947997,0.9915147790108185,8.580781113594853,1.2834359884995075
2018-04-20,1.4891598574008231,0.9575482472258554,1.7125323803501846,0.9137933466366406,-0.5745691170323005,-0.43811013489930184,2.400934962740837,0.9181375244354213,2.6064907504406607,-0.42205979237253155,1.556970193568982,1.003727472569199,8.672251544159614,1.2759808660933536
2018-04-23,1.5363876188751107,0.9833941770112717,1.7671857369001889,0.9160422224846274,-0.5799490795601021,-0.44498351598018826,2.469458572806666,0.9314594645855663,2.6235607986038327,-0.42612758855371247,1.5904519544824338,1.0187605340255126,8.477370548041868,1.3057832655870154
2018-04-24,1.4889248718918786,0.9535558186965407,1.7154041261129738,0.9448673320081413,-0.576770750525777,-0.43656979216916036,2.4045355172040845,0.8875633996953349,2.650978589955853,-0.44053234370427186,1.6398214195192855,0.9577849921237311,8.657992587027465,1.3497274453337114
2018-04-25,1.4982431758800994,0.9531827203910541,1.7159227254119895,0.9452387709499028,-0.5712179568873406,-0.4282970017973331,2.4172817825680073,0.8658798057223183,2.5763656120289657,-0.43772310679538995,1.678388054405033,0.9904271104675586,8.688852681700396,1.3501762061624625
2018-04-26,1.6050034243606652,0.9495321705010613,1.815979018838393,0.9488744733893957,-0.5533858213754166,-0.43312939050469157,2.484406434996528,0.9025307292930362,2.482126051677715,-0.42468666039269853,1.6215462311125908,1.0732047513006635,8.816268624063959,1.354568747321721
2018-04-27,1.597870071131955,0.9632224315927473,1.8965046429754966,0.9511419247836823,-0.5523164799226847,-0.4222901796814291,2.503387637366159,0.9174499951552049,2.4155438409313987,-0.4238653838111093,1.6103155173979307,1.0781686863629,9.0969742516138,1.3380341851344895
2018-05-02,1.7570083183457554,0.9841695383718672,1.8478569566004284,0.918006662470122,-0.5533954961027979,-0.39902540041635504,2.717995355479645,1.0349076135095183,2.3581787315824845,-0.4255508875516605,1.5761726474373807,1.0923585408321692,9.715486625431081,1.4563093562382532
2018-05-03,1.6841618928424644,0.8980388731167535,1.7726101036067101,0.9658006530993,-0.5780212201526438,-0.3782343706184432,2.6197574684619376,0.9811407297147883,2.4812544420716476,-0.4455268562656378,1.4875600206673272,0.9769861171547514,9.376247726689414,1.4423590245929767
2018-05-04,1.7213847672361866,0.901802123717939,1.8110595421091045,0.9891639813914757,-0.5679279597629752,-0.37842936349160583,2.669954804898158,1.0016395634571045,2.546723320694378,-0.4321133243213995,1.47605528212619,0.9764471722012302,9.288473678398462,1.4310633365420045
2018-05-07,1.730600939848789,0.8908700714548754,1.8205794050392892,1.0073346645645231,-0.567718693194837,-0.35691210156007847,2.682383380735577,1.0084182652221512,2.4635929867089517,-0.4451487637102607,1.4817042548147086,1.0227723852707045,9.588762218762213,1.4442407313153334
2018-05-08,1.7030994461023794,0.8335848204538756,1.7420990561867855,1.01229582374402,-0.5790736267003233,-0.37643694733632516,2.6452959242569345,0.9881902994454161,2.4689848674536203,-0.459655961278169,1.527509862173583,0.9696392852039117,9.80291061223969,1.5179941046264367
2018-05-09,1.717914334730847,0.839788090849976,1.7222170795364908,1.0335614409490788,-0.5781907057252256,-0.3734297649756462,2.665274713129665,0.9990869824738393,2.468070770105702,-0.45948887901511337,1.5419134771829466,0.9737707341902282,9.786437837351096,1.5230461698844109
2018-05-10,1.7218307234335901,0.8727902378163628,1.7219856126668351,0.999866112499121,-0.5781601023927965,-0.36150310632785465,2.670556204269956,0.9698090958943237,2.486698376512424,-0.4691386167704895,1.5480723408018857,1.009151638560763,9.728502018884903,1.5228316382795177
2018-05-11,1.6819333601914246,0.8453383497355778,1.8017610542654556,1.0218024745862886,-0.5628953172011153,-0.3682275470841563,2.616752155060826,0.936425046715496,2.5465322667194816,-0.45967683822187977,1.5370153268096285,1.0460452092056989,9.56895806147166,1.5887851407882518
2018-05-14,1.651091646958478,0.8689294044090154,1.7058512057171589,1.0323427190339802,-0.5786997158940017,-0.3679097435121085,2.575160207081527,0.9243272643421037,2.4251274195592054,-0.4713052962776989,1.5694488733680099,0.9720663306841999,9.414273872245706,1.5720532992644705
2018-05-15,1.6047673673897043,0.8685641025785444,1.7053223187532645,1.106794687816719,-0.586680923791799,-0.35807296549457024,2.574461404566679,0.9271571110620773,2.4530348513726206,-0.4577580669482547,1.5689466476688856,0.9347070599520753,9.442477263532536,1.5715505645030214
2018-05-16,1.617092026743017,0.8541208806785308,1.6465105882984257,1.0840735065884477,-0.5828877486720637,-0.34813080123219575,2.558570152086583,0.9185894034400073,2.4798249257312857,-0.44775074189892017,1.5490897605380796,0.9524625498537553,9.407132360248037,1.5516735501801149
2018-05-17,1.5555133908196521,0.8302100716775818,1.7100010785802002,1.0571972203229385,-0.5638352861854304,-0.35701523297672,2.474839089684546,0.9703645571410873,2.4694001108500183,-0.4347566417083065,1.5162166080777095,1.0416453043022664,9.932853479477062,1.518767077076375
2018-05-18,1.5329910988140152,0.8029478162162245,1.7327286776253605,1.0437544556739358,-0.5728783636502083,-0.3634624930179545,2.5085626211518037,0.9983910971706869,2.455981895422721,-0.4402423639786114,1.5366386872931082,0.9993155236995774,9.848046568448343,1.539209856369724
2018-05-21,1.5104813671899282,0.7728285515458873,1.7589137331567346,1.0434172880606902,-0.5797035894038765,-0.37308643820553056,2.568160455436319,0.982973842621792,2.534266427619021,-0.444868620780552,1.5569207954562483,0.9673672948093706,9.762064554356282,1.5595125227343845
2018-05-22,1.4674939982907844,0.7733633921625727,1.7951435511855527,1.0053184470599121,-0.5723799893241892,-0.3628676507420254,2.616093702089955,1.0097567233951592,2.583067964902619,-0.4292868936008304,1.5495912490441288,1.0517122795221048,9.906637843934773,1.6246448512529423
2018-05-23,1.442936779248634,0.7646855188888038,1.7997308506747678,0.9744423300268537,-0.5730015083804139,-0.3601564118521159,2.6220283185018793,1.0045027970858862,2.5384973875989143,-0.42301716262005784,1.530449772808176,1.040541069616257,10.042307931666368,1.61416888283382
2018-05-24,1.4063643759136166,0.7735592544542682,1.700511507942497,0.9596437191759553,-0.5639685320235791,-0.37481861582503695,2.4936676694656286,0.9334654507695692,2.534408983998171,-0.4143793422616726,1.511483839543859,1.0837078713702435,10.451067110026914,1.5042533876987685
2018-05-25,1.43924680172226,0.7431226916325664,1.7640759017561973,0.963442889609142,-0.5674332012937491,-0.36781573684559365,2.555921509601872,0.9679179690022404,2.613422229079172,-0.40128753857854815,1.516352864996421,1.0205687115642652,10.71306921417032,1.5059005889526667
2018-05-28,1.569121036745813,0.7506066374778153,1.7538959130829093,1.0005125587134032,-0.5768735410658152,-0.3762829566617949,2.536412523337056,0.9978243586648858,2.6816433966388824,-0.4158446589455447,1.5638614370810138,1.0256000048430356,11.081088889823645,1.6119581532462952
2018-05-29,1.502949204045819,0.7566210763071042,1.83802840077372,0.9866690118071064,-0.582564963111325,-0.3725035043245303,2.644451168398339,1.0588585947321496,2.578655468362116,-0.4083654813647628,1.5461195159364132,0.9983539078913404,11.408664233702178,1.5893868362001489
2018-05-30,1.5134040613216362,0.8882008763559726,1.8275797355532277,0.9649304760674489,-0.5691612479379841,-0.3624919955100395,2.631033526009473,1.0287501216346882,2.6423707007127373,-0.40637166740279995,1.5182593591787068,1.055785987222965,12.338135922711238,1.6959475631285836
2018-05-31,1.5514402856742007,0.8482931925405717,1.7678180017979366,0.9979652320747012,-0.5905473473873941,-0.3655112582554477,2.5871846693645386,1.039095677702866,2.5972406628618114,-0.4204511533859594,1.560596777477568,1.0024987549316777,12.060765600310733,1.639884568337342
2018-06-01,1.5894382274570842,0.898972199432813,1.7686424168113675,0.9909874094956654,-0.5753602214990508,-0.3632953288702844,2.6406076849829296,1.1821177195793866,2.5966511066091353,-0.423304244726188,1.5516539842182802,1.0866322170464549,12.064655845710107,1.6403172223072788
2018-06-04,1.6015831456533691,0.9261048279181086,1.8334395436733817,1.0332046101375565,-0.5901975420057634,-0.39169750647819146,2.6576827717913547,1.1923522333507313,2.485191004389214,-0.44090226420587697,1.605759644408121,1.0964188871098872,12.006835596883048,1.652700771888477
2018-06-05,1.5921609959323288,0.8845627062012309,1.7723280773115424,1.0693485712758442,-0.604078629252853,-0.38939137067881857,2.6444357476608875,1.1844121946022486,2.4382309897410854,-0.44972428431851386,1.595880948094154,1.0557468328785502,12.426289730779256,1.6430934895382623
2018-06-06,1.533177393148089,0.8416802238789531,1.709244843532336,1.0550285362087508,-0.6010473274980914,-0.38516591678210843,2.561508047240259,1.1347067552388546,2.4496810085155514,-0.43765366749561263,1.5779172726057906,1.0263922953857287,12.45427724013192,1.5829509379169795
2018-06-07,1.56935995522181,0.8679858072149991,1.7479422596663854,1.0666648263381284,-0.6075037603119051,-0.3886473223430026,2.6123787388641024,1.165197774102967,2.492587266038334,-0.43869160312432054,1.5925143415929277,0.9935982658895983,12.342443785500349,1.6198444389001119
2018-06-08,1.5464533818871185,0.8513321835005905,1.7326237688328612,1.062166151439933,-0.6041210735864869,-0.38731654199107046,2.5801733570038063,1.1458944213376987,2.4777421897618206,-0.4437313838142085,1.597890366991074,1.0107798786235205,12.36676122478904,1.5964877820629932
2018-06-11,1.5986360422125632,0.889270218874944,1.6788753968797154,1.0702682790371894,-0.6278683785048806,-0.3897237386905461,2.509754409674233,1.1036865137414398,2.384667128948325,-0.4602976059802868,1.6080973230224043,1.046984572344706,12.400004229997103,1.5556185338731838
2018-06-12,1.5632918828729747,0.8635741742704826,1.5611793432015553,1.1014482016421545,-0.5964036984345724,-0.3989149951030365,2.462018090665616,1.0837158900112858,2.519859887208218,-0.4641900200962469,1.647377388075555,1.0279903252261544,12.4195651552078,1.5593491493379354
2018-06-13,1.617832417537096,0.9032264403780164,1.8329526519156412,1.0925452343376247,-0.5546529166809564,-0.3963684464221511,2.5356813043415123,1.1280522293445823,2.5436735642858075,-0.45668928842979495,1.636161544491892,0.9968036872146133,14.162816200935373,1.6029628880218634
2018-06-14,1.618366015665416,0.9036143789105029,2.1168253636322585,1.115193959226926,-0.5006626903491216,-0.4029018702961701,2.536401989483042,1.1284859945768173,2.8521480534135213,-0.43825265143213277,1.6646941165028628,1.065059314604626,14.199867956993403,1.6316667006398489
2018-06-15,1.6922613860730182,0.9573380710151305,2.254714378164836,1.0992528878822747,-0.45518418432975793,-0.39840186506315334,2.62207976274868,1.18005364468695,2.885882181138301,-0.4391245708062328,1.64461176006574,1.050116393013723,15.755790481321952,1.6861039954995523
2018-06-19,1.8370318135435069,1.0625896155757584,2.6340755331775636,1.0099440016849193,-0.3846330531178759,-0.3728079694063908,2.816849125893686,1.2972812287850441,2.7929200395383273,-0.4219465032178087,1.592248511346051,1.07664068952023,18.196866895009737,1.6250133930071597
2018-06-20,1.774493956628576,1.0171231059521006,2.9796377489069346,1.0281599060573878,-0.32918017665222565,-0.37849214271813003,2.556849993324848,1.1407932181118596,3.153586690790113,-0.43190941309538955,1.6384911294400402,1.0663074692218437,19.11069621310239,1.874624452580727
2018-06-21,1.753006055478993,0.9949520920444526,3.3815825163771116,1.0085510929507144,-0.2506979103892579,-0.3724832321872734,2.5763242083307776,1.1525143386232632,3.1927093591358338,-0.4193167654762544,1.642639879622485,1.0993564328292482,18.933969126758473,2.1649625009304803
2018-06-22,1.7969453252584233,0.9373996540558656,3.4809605102771357,1.0184440199858682,-0.28520396539265835,-0.3755740062378288,2.6334040225563267,1.1020218715694843,3.2955933052851583,-0.4255303863625223,1.6556559505609076,1.050294303157501,18.376998473197446,2.2367465248386593
2018-06-25,1.7887232747973263,0.9317043701419807,3.5430149834434594,1.0161075208373984,-0.2468559313839397,-0.3748511866856086,2.6227230732545195,1.086316564768194,3.362164332580119,-0.4223415978528575,1.6525818311869367,1.1602903745662587,18.89170056798708,2.2815705307434486
2018-06-26,1.7148888160506255,0.880560411931055,3.5754272159761777,1.0369334212960881,-0.18442383099847726,-0.3813088219175559,2.526807569654625,1.0635048375088498,3.3332970903334482,-0.42453491004463306,1.700509985980327,1.3393682842874384,19.033618309097438,2.3209189516767816
2018-06-27,1.6279921501515595,0.8203684700539275,3.3819987891876675,1.0106803449458996,-0.15658062725402588,-0.37333480245988926,2.2320595680276587,1.036909294678769,3.2189467206255165,-0.4045453087939308,1.859655011044154,1.3379713958179709,19.674843329681334,2.1805254762714608
2018-06-28,1.6430998939844477,0.8510550299568134,3.3397247585093766,0.9998885053582707,-0.21716782928868406,-0.36997132884559636,2.196156052717714,1.0259766775584107,3.456138801303446,-0.4033668870170575,1.759974074989402,1.17002274549412,20.38763250402015,1.987443024149548
2018-06-29,1.6730373056435854,0.805982088788346,3.629180710628175,1.0375804104675868,-0.2072556813048556,-0.38184548124243023,2.1127376301472482,1.0641602665333068,3.3872276909702483,-0.42824374716992597,1.9097436385955082,1.1974993712465682,21.548229052995765,2.14955615487767
2018-07-02,1.6886949762334473,0.7976322834561402,3.5041624470082864,1.025645012933067,-0.17510770752685223,-0.37128759856957594,2.045332204742476,0.963615719408141,3.42811657919622,-0.3997575145623967,1.8006642989739863,1.2866140460515485,21.23291957390149,2.0314868167689752
2018-07-03,1.698273436199576,0.8365709552791059,3.406597386024745,1.0184286645434297,-0.16788488903026244,-0.3790352386703124,1.9431967274010615,0.9309591584339925,3.412358009345531,-0.38803487088338806,1.8318571650991995,1.3033716438644678,21.427592677525862,2.0652505072157257
2018-07-04,1.7183305684563743,0.8836221161096351,3.610239536554829,0.9667184861550588,-0.16218523726960576,-0.3731178388293911,1.9650744530708528,0.856077153149374,3.5834679027528047,-0.3428897407614159,1.7009885078164286,1.1492273403254614,21.594304170327096,1.972914884557197
2018-07-05,1.78958736811826,0.9556228985565425,3.7310897815035657,0.8915413746501102,-0.14291292752577156,-0.36463712718144514,2.0427992591473347,0.865570396132394,3.647755430372123,-0.34885186365549437,1.6590066243365684,1.2181666303519991,21.548782143900997,1.9267064072097972
2018-07-06,1.78759972673602,0.9288554735337928,3.7277187776266905,0.9174316891686951,-0.14225564811861047,-0.3707174293359091,2.0406311988117984,0.8328016965736518,3.52116980621786,-0.3687378959114198,1.588749647170534,1.2198676888495608,22.162917656056308,1.8890285170482164
2018-07-09,1.8611473231566809,0.9589736400279139,3.687295042806177,0.8957732576706321,-0.16400592680743353,-0.36613807200568316,2.1832791359791344,0.8704292596713239,3.4478766971395736,-0.39109901242119693,1.6913594369499005,1.1635773259006386,22.0839773588594,1.9324172723572168
2018-07-10,1.8758851486596488,0.9421487191623699,3.667660081940509,0.8552350522468486,-0.14470043919923226,-0.3600676271338171,2.199676268714522,0.8800638771625575,3.352765671325309,-0.3850180361775827,1.6338088404938822,1.213540497403816,21.637475736864502,1.9891375267621982
2018-07-11,1.7940612467562431,0.9543881384306241,3.5292230999008387,0.8179252846064318,-0.06672383488210787,-0.35932988593844906,2.1086399499463773,0.8422547885939016,3.316458408687657,-0.3749518431983322,1.5808415381948593,1.4153462499338283,22.848468202095777,2.1490415312777853
2018-07-12,1.8442237423601489,0.9490139110172362,3.5655775927870934,0.8325171363146009,0.014195361691405228,-0.3576296619294461,2.1644501574013306,0.8570419247383039,3.2591750823207715,-0.38290689999061656,1.6015570523727565,1.6247675180391847,23.164959051311744,2.1743177884685307
2018-07-13,1.9761485929267417,0.9701859330331071,3.656705360191702,0.8391747888319288,-0.01078233291783881,-0.3433091940635792,2.31122820721614,0.8637886773879855,3.113671166551944,-0.3849487918294717,1.6110086763251168,1.6167110133989167,23.42746156201982,2.18585028898184
2018-07-16,1.9979648284053373,0.9473156388525885,3.778697405965545,0.8606688455771401,0.013083198883801828,-0.3369714181762843,2.3355006963195675,0.8774509161501471,3.1912826229426425,-0.37788735430742204,1.6415229966561462,1.5863357327421794,23.964412418788175,2.2230826647782775
2018-07-17,1.9525630401420124,0.9474065296029583,3.7014957806387834,0.8106042205550072,0.012979576048755215,-0.3525493005697611,2.3296106886885743,0.8741356117236958,3.190853919171472,-0.3690281240302402,1.5704480933334595,1.549240330244832,24.321084755495093,2.1363598578634284
2018-07-18,1.8849252205080127,0.9116945362030817,3.6401476743671033,0.8106707849288699,0.025404761294027356,-0.35658945367440853,2.253335396967073,0.8457100723446813,3.273706297309384,-0.35105453280976906,1.5705425923222154,1.580509256180695,23.740094115820806,2.074354625055972
2018-07-19,1.6894961114159677,0.8772059531168968,3.6871660489930678,0.6813606994567645,0.022953826238268693,-0.36599186389504057,2.0539624745518514,0.7326001202021437,3.5551959911278654,-0.3438721478860046,1.4339745736076392,1.574341291259505,23.99078420050177,2.178798447267193
2018-07-20,1.6441790164086552,0.9295070761292048,4.059631578438262,0.6988756844434099,0.11732083055325782,-0.3885616886683191,2.2966455239893846,0.8702811441604339,3.240669614454287,-0.3430410077468843,1.4593296494865915,1.8118230519308378,23.702944960028578,2.1803872033310814
2018-07-23,1.6074465922398833,0.9940434902796016,4.191051889422074,0.7055833773827056,0.08869631383012444,-0.40188180686752273,2.225913211737415,0.9328366227023188,3.0820880271945983,-0.34239671049005616,1.4690398526970556,1.7397872733330004,23.945155742443394,2.2366737650259942
2018-07-24,1.6684933852578516,1.0401165533405616,4.038049526350766,0.7852742714203609,0.08532334669249564,-0.38421105281980583,2.2859412846608334,0.9688030142699768,3.1772458253719735,-0.3760531808681611,1.584402136291755,1.731298944384283,25.269555070411545,2.2969020712585895
2018-07-25,1.4110128486503202,1.0647854354849455,3.926299887024486,0.7481930030174844,-0.007541153419738933,-0.3886463103688492,1.9642489225811146,0.7760579719021392,3.1713538067654383,-0.3745701277088104,1.5307224799997514,1.4677583556307923,25.23250177890542,1.9787869433966114
2018-07-26,1.2854297508074621,1.027538656031381,3.975287112136847,0.7377704552372792,-0.06362484363087739,-0.38187310946560504,1.8393258141276525,0.7012091017706883,3.1107409131989394,-0.3682481652347541,1.5156345715590307,1.3283057268290666,25.388897269971352,1.9610277204784246
2018-07-27,1.2134610312618785,1.0380232858904352,4.083723096936374,0.7492129770897011,-0.07664668483997472,-0.3825847687145755,1.7499147774754462,0.6476376276571341,3.1232804650661192,-0.365005477677082,1.5321990168061115,1.2959267948862716,25.964041175990854,1.9305174020890843
2018-07-30,1.2947371663014318,1.0209018219768677,3.95420925082953,0.7769385661810848,-0.0722165797151042,-0.4028156710685792,1.8508889720262944,0.7081372779470547,3.096681479876924,-0.35200966393974087,1.5723351868191995,1.2599537983198523,26.450118523204758,1.8951606800676948
2018-07-31,1.1334173005117267,1.0699772709538902,3.8136632624927813,0.7663344601786242,-0.13104527704336233,-0.40690526082832335,1.7700120877597119,0.6041168294016328,3.099112744850145,-0.3544422378490977,1.556984450719463,1.1251390499014615,25.963624553870087,1.7910411490525857
2018-08-01,1.1435582055603395,1.0378410943064624,3.691415633059317,0.8111922303982331,-0.1163964002699277,-0.3974409963347745,1.7452836967248304,0.635825233408851,3.043034668263978,-0.3387084701583668,1.6219215413619041,1.1609647370701746,26.19905551002272,1.7583429129828292
2018-08-02,1.2350397908510482,1.0418219998607374,3.586037986176576,0.766765615554126,-0.06028876600117661,-0.39517979359450983,1.8175618238483815,0.6984500935454165,3.090510675716512,-0.31357835245812893,1.557608600684182,1.1375554900879776,26.573162468701998,1.8639415035940443
2018-08-03,1.1979862083973152,1.1152272669468624,3.536180648982352,0.685287944321777,-0.05172289393438867,-0.4106479838555722,1.9474989099786968,0.6363083915500158,3.2421217262074107,-0.27312441757348105,1.4396597392885435,1.1239980283348223,26.365654457105236,1.8328060228850704
2018-08-06,1.2297030020052837,1.327817350004615,3.99208769783771,0.468308313686121,-0.060551602705620655,-0.40838462023025746,1.9900311216142157,0.6143470842567962,3.3173129947312203,-0.2964512080232815,1.1255552737038559,1.1723860995111477,25.50255064462563,1.6645632407343092
2018-08-07,1.3069668911760526,1.3011391211315528,4.160043848124578,0.5345364931803482,-0.05712440546507158,-0.4291734309866654,2.0936419760597547,0.6702875992442159,3.262880727294708,-0.33141364395507733,1.2214286368658196,1.1803111709329461,26.697950592161664,1.7847486070747434
2018-08-08,1.2698149515932262,1.2044949820839048,4.1683200919153816,0.5429217701332618,-0.07536278860507961,-0.4301068553940709,2.16260024202201,0.7075188423529739,3.493780128581835,-0.33471914927112567,1.1252604515664548,1.1381366245448525,27.270921733070143,1.7999655070431286
2018-08-09,1.2978616875855478,1.2341901835621458,4.154595626714448,0.5714698813015724,-0.06325837643686172,-0.431201569151476,2.1686524358449915,0.6224168099927836,3.485147978895399,-0.34348849018141836,1.231182552826438,1.1661269397263156,26.83579811740384,1.8517722338064684
2018-08-10,1.4563192207452564,1.2485685911888829,4.118125629133961,0.5986377431244336,-0.05513167165275479,-0.43184258263723396,2.387158558792745,0.5855899665637194,3.3787431861790393,-0.34236386869675195,1.269755649274562,1.169593314069461,26.63885318447227,1.8132423294108873
2018-08-13,1.5719718017731474,1.1596869975258288,4.329384372607816,0.6484533301742756,-0.0523971698312542,-0.44102352598711747,2.5269688942413397,0.6602453983725314,3.2422959746089663,-0.3338462537808782,1.3372130737012196,1.1545929729369786,26.478351346459537,1.8968522465800604
2018-08-14,1.4927972231071456,1.1675389297799383,4.512226436435327,0.6833852821847819,-0.0636618533518909,-0.42325166155738847,2.5394003280139787,0.6731783949480521,3.119351887390441,-0.32426575552308434,1.3946435691700674,1.1456425145792375,25.682013503748834,1.9684491748093413
2018-08-15,1.5600492781320527,1.2489409999307792,4.5612385118507515,0.5886390589620216,-0.06088041071402017,-0.4173956144028951,2.666358868697103,0.6911374102414869,3.189291662607558,-0.3064896722189506,1.3457615249999884,1.1082170942353504,26.684058313720648,1.9078539924833322
2018-08-16,1.5412312693788035,1.2900573222377574,4.588055079123487,0.5737362862423805,-0.06921586688608572,-0.4416100053373371,2.6840382325724144,0.699292158510697,3.118850201311103,-0.31230086087383746,1.308529938569337,1.107170497863474,27.722447241265645,1.9336635802990219
2018-08-17,1.6012329388185451,1.438104384159225,4.595034883645319,0.47199777028692824,-0.05402113383865048,-0.4317970179503049,2.6886398097491275,0.7014146728603134,2.857720470134873,-0.2919471309215844,1.1592886634955013,1.0792037221830562,29.579288938620444,2.0176308434859145
2018-08-20,1.5845915582495502,1.512796303804412,4.629280951202139,0.47792691661908737,-0.07355341233592483,-0.42974801362170034,2.7112172218197284,0.7118286851123652,2.8174135970499226,-0.2791080030421855,1.0931383311338347,1.0489993499943617,29.76645853034053,2.0361011465093397
2018-08-21,1.5556285080483576,1.4963349078696089,4.661556691003491,0.5223591268573553,-0.06077138810544813,-0.4203643280767222,2.7324956555017725,0.7216435331727338,2.7320819435744714,-0.2974390653365522,1.1068505364418977,1.0890170731076059,30.190938067161234,2.0020784593882057
2018-08-22,1.6243423861538755,1.5101045652308995,4.755955514086431,0.5660667761237699,-0.0703643124666048,-0.4262845067077502,2.832852280376561,0.7679338306502519,2.8425037578752117,-0.29061558320533654,1.1673392100268583,1.1238486157140573,29.69821686248457,2.1215636118563923
2018-08-23,1.5626780239912361,1.541253947987466,4.827384594739713,0.5958735971114368,-0.03698419271791975,-0.4056842951145574,2.742791474141814,0.7263925620307361,2.9054010308708103,-0.2887701616101085,1.2085900001194236,1.1502047183100443,29.990060843328035,2.0578846127192665
2018-08-24,1.6001877055651006,1.5784500473393765,4.912679484893997,0.5676042710042666,-0.04490321122022767,-0.4105714392586217,2.7975743673020643,0.7658579866813284,3.0407873960520213,-0.2932815986830022,1.14339152990147,1.1816770662005598,29.685926537030834,2.0259453864414767
2018-08-27,1.552646520658533,1.4981823096953848,5.0172629339673955,0.644131926786516,-0.057172839943307796,-0.4181435195797333,2.728140462662817,0.7282013766391626,3.2380514585798785,-0.3194120760637419,1.2545463057577337,1.2343163675071431,30.17713714271406,2.1736666648487675
2018-08-28,1.4536726098474264,1.514630321427382,4.997861620956652,0.6584027816990652,-0.06839639358987859,-0.402509670103954,2.5835890574225515,0.6611937249604691,3.210935093258934,-0.32281740752687393,1.2572650109294945,1.1997552100955735,30.426377814383343,2.201213685727665
2018-08-29,1.407280545614296,1.4495212462771847,5.027197476358177,0.661891331239856,-0.0686747026135146,-0.3913912998695187,2.5158334436255556,0.6297852128049575,3.2674440285688178,-0.3182120763120958,1.2683054123505912,1.1841381252666983,29.832193189943922,2.2079476303740173
2018-08-30,1.4912926497389187,1.4528281927577082,4.897724548925339,0.6792554136775677,-0.059263058462488694,-0.4064808568441136,2.6385331289151766,0.6902477926210375,3.161639034668503,-0.307672354705702,1.264951926306595,1.206210252878162,30.199922482958765,2.241465506099453
2018-08-31,1.6544225994840263,1.4712575995843542,4.858621171447143,0.7504846963997696,-0.05351260612346154,-0.44171650529282813,2.6366500499746612,0.6893730252601902,3.1340463350178744,-0.31513028076684835,1.3760419980724543,1.0989992818117904,29.993059253586026,2.3789593388348678
2018-09-03,1.7923643804917129,1.4477347434013748,4.9627189179191955,0.750272463211946,-0.05647037922932574,-0.46255358439156014,2.701267143968525,0.7141110235622965,3.0605893713502157,-0.3112097046639374,1.3243920355412029,1.0086414960695929,30.269478409523057,2.318919350582966
2018-09-04,1.6736973279786471,1.5605260259843634,4.701668277416256,0.7329665808318262,-0.05889514361829318,-0.4646245684616894,2.529712088596511,0.6346613648041579,2.8828148576087034,-0.31381434464695845,1.3764316533998122,1.0009014415820188,30.189119387357895,2.173615499408034
2018-09-05,1.758362939351954,1.501814140641673,4.77104154995842,0.7684454578405939,-0.0483119583583248,-0.46904325646219125,2.572658760834086,0.6729331657655406,2.836617409772642,-0.302411141811215,1.4250841359596569,1.0234025587525495,29.580964989702842,2.212229477330341
2018-09-06,1.8053473828905138,1.3919748272318508,4.961828077720679,0.7595979641861206,-0.04126765026642776,-0.45660413724483584,2.690768317654703,0.7282391459966191,2.856317889445475,-0.2942547413010502,1.4129514934688525,1.047148139613729,28.907856690785106,2.318423498470225
2018-09-07,1.7812407722246544,1.4573645655453622,5.110422476825226,0.7300140802853303,-0.040316998457073816,-0.4430603750548884,2.6590532026446256,0.6991824936881961,2.7640256760499495,-0.29890825854199454,1.3723828645581917,1.049178033654,28.58416451510999,2.265921745162189
2018-09-10,1.7313977476328146,1.4856328752166457,5.073314648018596,0.6569136102523534,-0.046145032879399195,-0.45373430856299135,2.5934787724897044,0.6170658675991754,2.795805283092214,-0.3038203662846939,1.2721395749378082,0.9854243898400648,28.594364122934124,2.246088212296832
2018-09-11,1.7313977476328146,1.5111561011628911,5.04032991130159,0.6581456796269156,-0.051325507921466396,-0.4397890568217516,2.5934787724897044,0.6094858713448044,2.8642241357841014,-0.3091790292767297,1.2614889206802875,1.0249063418466644,28.649440482964394,2.224831066706846
2018-09-12,1.7672847253389388,1.4225880431495184,4.985706465004725,0.6073261447669256,-0.047440151639916106,-0.41011098541447,2.6399361580422545,0.6117374492993166,2.9675917061685246,-0.30024792429000335,1.1817265825959855,1.0070209818077087,28.63121789672886,2.111091811362603
2018-09-13,1.8030280358633708,1.4359904581409575,5.037145332893892,0.6481204097759183,-0.03513652341500684,-0.4106307418124362,2.6631648508185286,0.6596108388824646,2.9770719270887596,-0.29578237179664035,1.165616469531097,1.0035479160105436,29.013946068066623,2.114854692506328
2018-09-14,1.7597962548224366,1.4989411952219593,4.922507601377943,0.6973107379205794,-0.03707920155578215,-0.41585646607022886,2.757828163902369,0.7024984147455495,3.012335186845955,-0.2984617032926582,1.2259405178593936,1.0467554189916015,28.339535115517513,2.1424729835861616
2018-09-17,1.833189743566348,1.5123436102133985,5.146132811123813,0.6481916015295277,-0.04355479535836604,-0.4313404874644323,2.9826439047405446,0.7116293179938191,3.1164844533545093,-0.29801514804332185,1.2528481031080223,1.0316882559912388,30.094801464895514,2.263758008629985
2018-09-18,1.89501978161702,1.5671716715420128,5.024616059760203,0.6340325571831606,-0.02995604837293997,-0.42009737594717544,3.039269173528325,0.7489830131003767,3.154552676517417,-0.29265648505128605,1.2699820557265733,1.1161957725251708,30.294151922152654,2.199229420876743
2018-09-19,1.95135381628541,1.580881533606322,4.968726989684151,0.6289851520044549,-0.024775573330873102,-0.4229050945810716,3.0017977403853564,0.7574510765175246,3.1734814010343175,-0.29176337455261336,1.3020307801980846,1.1274972185733692,29.861262247671593,2.214719152577433
2018-09-20,1.9490638148761263,1.6014463267027867,4.930225305612522,0.5190495344439301,-0.017004860767772523,-0.4168003647701297,2.994457090807701,0.7938861137842195,3.2243140727509525,-0.2877443773085866,1.155711624375105,1.144449387645667,28.226154733816387,2.18071262841604
2018-09-21,1.948770007577195,1.6065726745626114,5.013081083055938,0.5686897410280425,0.016020667625405105,-0.42489341456648966,3.0023284723343684,0.7937073937338011,3.282934795537863,-0.27524083032716995,1.1512488628967832,1.2164961062029325,27.817672239753268,2.1803957425686336
2018-09-25,1.9356985553836514,1.5766693551603637,4.915391077131994,0.5369592657632616,0.004364598780754347,-0.4223440539115829,2.984586754548802,0.7857561596985425,3.317875724070058,-0.2756873855765062,1.139653383031738,1.2337719916760657,28.905346428754957,2.1403513056890553
2018-09-26,2.0211170432125787,1.5484666401785274,5.091393436591658,0.6247421784410887,0.016668227005663727,-0.4006019593152452,3.103141328731297,0.7185430034710887,3.273500428543806,-0.27747360657385145,1.175698661354657,1.3828426821786683,30.92072087030768,2.2337870958382817
2018-09-27,2.0287597500183248,1.5419966604392465,5.054757129054601,0.6149702675084892,0.012782870724113327,-0.40491422359130347,3.0784632400226624,0.7016477021168082,3.3412988462599937,-0.2685425015871252,1.1895174328986156,1.3717277622727724,31.005504896151407,2.214337684174801
2018-09-28,2.0548348673555763,1.5638811500199914,4.98687241128226,0.6951775909391038,0.032857211512123286,-0.40634632984858154,3.281019675130933,0.7353760133480238,3.0770149407137906,-0.2685425015871252,1.1649690043123226,1.3864386856776347,31.881708985898662,2.37397741713878
2018-10-08,2.044280726510816,1.549228130033054,4.912417305459349,0.585390606874773,-0.007939029444154921,-0.4042953173651438,3.168492080384538,0.8435398607553319,3.0911006087707795,-0.285511601061905,1.0247563098744892,1.2921780980928754,34.011269735013414,2.1554641434211748
2018-10-09,2.196410479842317,1.511529090265007,4.87931150706241,0.5716086790910282,0.004364598780754347,-0.4340640590053175,3.145151160536911,0.9516918540971,3.1286800311876055,-0.2908702640539408,1.0071549407725362,1.1904909495593285,33.815228762668994,2.1280334403753467
2018-10-10,2.178514640255057,1.5356123516798212,4.887512328037402,0.5694165037989916,0.010192633203079504,-0.4112872810770277,3.184899359906801,0.9434871965564606,3.1460364625728463,-0.2944427060486313,1.0043552390866206,1.2015261684487966,35.22351137908908,1.9839908785608351
2018-10-11,2.183183674459633,1.696888672839823,5.236791413225973,0.4763102255978746,-0.027365810851906702,-0.4314198896898154,3.4331702319818556,0.9564571259931869,3.1756978594874816,-0.3136445817700926,0.8854460419088606,1.1196745544936495,34.08654450243002,2.003904645527421
2018-10-12,2.121975790824702,1.561833170210031,4.988704626366039,0.5350348222711496,-0.007291470063896854,-0.42317945825232384,3.192577865758225,0.9211951197342698,3.261880704789819,-0.31319802652075623,0.9604452232736584,1.1634228309179524,33.30705881477391,1.9603690560346285
2018-10-15,1.843879585202198,1.5941977059951302,4.979485300983446,0.4788395393139664,-0.020890217049322923,-0.351569488462147,3.186123591929773,0.8811925290893459,3.20147791076987,-0.31230491602208355,0.9400884537045451,1.1337869017272957,29.404210146265847,1.8519944613036632
2018-10-16,1.794871988043786,1.5396444374754705,5.011897418573869,0.48920662726317343,-0.018947538908547723,-0.3567000357355111,3.113985566214443,0.8416330148166193,3.2242522448877313,-0.30783936352872054,0.9431726759240797,1.1380206058973896,29.27230467925385,1.8719877578209463
2018-10-17,1.8302841079739816,1.619647953170428,5.254964650411037,0.5565528365762973,-0.015709742007255834,-0.3506458534556729,3.390874907172723,0.8896499826024804,3.2550548303600344,-0.293996150799295,0.9248852171416186,1.1450767795142127,28.399291995596485,2.001867309215635
2018-10-18,1.842335014493687,1.6349131069709761,4.874855487032092,0.446780950317039,-0.029308488992681903,-0.3536158912524454,3.0798322717884297,0.87062267314439,3.5966793041953915,-0.3073928082793842,0.9061113610121783,1.1561443945268612,28.218687213352712,1.7901683362739913
2018-10-19,1.8171637508213276,1.5846960131138395,4.822828707730205,0.4448192930427395,0.001774361259720747,-0.31568291386004943,3.0437019305976394,0.8540567383418036,3.8664349027109433,-0.2931030403006223,0.9035269081161574,1.2251870435844263,28.179070262144585,1.7863852106998173
2018-10-22,2.0507832939122155,1.5623083298202025,5.30569967389248,0.5646341326988074,0.023791380188505684,-0.30063406616329924,3.4329350446312246,1.0325219888092323,4.035982272573126,-0.282385714316551,1.0613810926326441,1.2740922533335346,30.59880928529215,2.017452375187191
2018-10-23,1.9173309615123761,1.518525261087333,5.099738441348454,0.43249644201361326,0.005659717541271148,-0.2602131647813317,3.2390223789025505,0.9436121011086487,4.472692994591337,-0.2966754822953128,0.8872917438768644,1.2791011034699964,32.235313634099015,1.7626201557711116
2018-10-24,1.9091922798347194,1.5669251243013465,5.082721575539932,0.37710243940976773,0.024438939568764306,-0.24788665469318338,3.2271964824850707,0.9381898708562524,4.507701967524134,-0.29488926129796766,0.8143110084918772,1.3158717846283228,32.16521413881706,1.6557908585987513
2018-10-25,1.9645879134021138,1.4802642900897376,5.198546238566412,0.34343622433858223,0.034152330272639864,-0.22702551985650576,3.3076890057824393,0.9750960790207015,4.705713406391795,-0.293996150799295,0.7699562946594869,1.3348967739966664,32.79673239986595,1.5908643697109706
2018-10-26,2.0812846390255713,1.624689641340776,5.7603707491424885,0.4106047226825966,0.03220965213186466,-0.21019453469984728,3.4772549679542593,0.969256935886667,4.7164317158590325,-0.28506504581256875,0.8584497447340111,1.3305106185038733,30.72323172862882,1.7204011992036956
2018-10-29,2.033628669012022,1.6928544664404575,5.953101541903372,0.38004746941499534,0.12506966726091728,-0.15144011189082274,3.6048966212579456,0.7369765396788499,4.878800226060701,-0.23188031561661426,0.6392394247537156,1.5401688510593665,28.363308618772674,1.602180100715997
2018-10-30,1.9192816621481734,1.4831863447296536,5.8722983353990355,0.29832523534829836,0.1403198355673596,-0.12639042524722566,3.519839413961206,0.6536168307014241,5.118337456189333,-0.23216621624355593,0.5605702439845517,1.5755459711114117,29.63906534425877,1.5040957475197807
2018-10-31,1.8970111405326269,1.5136164511935442,5.8198711679175785,0.35745743467582525,0.12515257816668068,-0.13909084551912787,3.523207497996027,0.6547431126904593,4.912630254896942,-0.2476636221930988,0.6316463874804039,1.5600245416995069,29.5961834525121,1.618144742984179
2018-11-01,1.8636695103466185,1.48508874631756,5.74138143785906,0.38780842103369384,0.06389568485943209,-0.1719770697541685,3.471150013803876,0.5432836904118017,4.790693941706332,-0.2850572622779738,0.668127882945571,1.547481589250208,29.591296990252378,1.6177266037251785
2018-11-02,1.928151549265944,1.446834222394965,6.227417735687617,0.5421692685509794,0.028936448736770037,-0.18949125624666563,3.5718281361090387,0.5106404418043304,4.900580661087133,-0.3236723632744173,0.7883956215396566,1.5603495686817856,31.21633726357348,1.806457972648574
2018-11-05,1.9707786446739228,1.430181949692284,7.020756996296063,0.7030689289031316,0.011353309792060395,-0.17007011048166576,3.560838946888061,0.5070093530657283,4.986479430522646,-0.33685556410433826,0.9847042495938876,1.6212013859342864,31.13889965750949,2.114517278803772
2018-11-06,1.962441989183711,1.3322234570486362,6.838479787494272,0.6646706350066389,0.06607426409390937,-0.17151939499333424,3.5141387091430305,0.4915784869703195,4.935635524734247,-0.332516261595904,1.0108401461802181,1.7458739520738167,31.144657564647304,2.0437377356001236
2018-11-07,1.9314287022872034,1.3859535475448732,6.57805789323288,0.5887403355936713,0.017089103233114633,-0.16607849345521908,3.46688098075934,0.4759634127464305,4.747605759904986,-0.34204191469810996,0.9853621967810728,1.6197034949339248,31.41454963316722,1.942614052407818
2018-11-08,2.176490557917961,1.5255351905382093,6.493936973353067,0.6566050406458213,-0.0014314568683451157,-0.16590680758792797,3.599911211210019,0.4717361883413942,4.68380394017206,-0.3370108200182733,1.0840479236554952,1.6181578200468132,30.601051835466272,1.9099492978721133
2018-11-09,2.3464985345486205,1.5637552613285468,6.607346124289841,0.6761677060395788,0.025388095108804576,-0.18383938272823908,3.84610164793245,0.5351770759516459,4.7865273867985625,-0.3461254198080518,1.0341542218221962,1.5879724472941916,29.95910083378145,1.9434988049243382
2018-11-12,2.3311086504681326,1.4649492876589916,6.525646651443771,0.7755639814929622,0.08838389425213644,-0.18616349933265064,3.823815386087724,0.6233714324578479,4.7700495464115855,-0.3535477310731804,1.0339888924644458,1.7763440554932575,29.87402331507063,1.9688223579504922
2018-11-13,2.2990043941216602,1.4837816101962717,6.917493188606487,0.767140548837228,0.03575148471773426,-0.20678938221157206,3.690150356420065,0.5783887842190865,4.929934156844507,-0.37311380044712616,1.074889399786136,1.726115909183724,28.68007496270937,1.9547380019601177
2018-11-14,2.2855680186778176,1.5467822579521409,6.771632378191885,0.7533347632994372,0.03904324063967701,-0.19930993347945547,3.7256593812005327,0.5903387308503982,5.101224282359823,-0.37358268113305004,1.0248478732850352,1.7347798679811408,28.563548471845973,1.9316541113198045
2018-11-15,2.288578796745712,1.5164609036035084,6.802453176302277,0.7563578722793185,0.03691968414275926,-0.19713487948104125,3.7023910230056716,0.5825081683287323,5.055072163624009,-0.370623948010943,1.0541255352019916,1.7291906303737474,28.703184857105693,1.9456181280633364
2018-11-16,2.314335903323321,1.5149181875361606,6.791212386412649,0.7600200553587768,-0.0013343691656392265,-0.19597046045960598,3.712195981954669,0.5757083509400112,5.058784224917072,-0.382092582535544,1.0249597020012375,1.628505297208903,29.134657293334193,1.8985860102689895
2018-11-19,2.28392363785325,1.6352102109179216,6.72249022224668,0.7581455742337551,-0.017941991435635574,-0.20853695676861983,3.7071773332190006,0.5740301680389792,5.041620861134539,-0.38397379949737964,1.0587563210818183,1.6446219226089824,28.868855417722475,1.8730191159568448
2018-11-20,2.356677421707947,1.6935920538715372,6.870824227365225,0.7160261510572603,-0.0026717655533612383,-0.21836724225131432,3.644089840852992,0.5529343798031621,5.186358355828611,-0.37260553483330605,1.0490014247217205,1.7136559118197847,28.839524002700433,1.9282042207594814
2018-11-21,2.362160075772846,1.6673588691586052,6.754048397269199,0.7708418231763094,0.020346692907034614,-0.1822347238004246,3.751585903397711,0.5888799228352286,5.271703970204859,-0.3626193253531441,1.0964293584728142,1.839100017547401,29.10200813853769,1.9959829319483795
2018-11-22,2.3586116018972945,1.6919609594136582,6.711926728754631,0.7592073189492434,0.0029015549956903364,-0.19697688735460284,3.7471663932283885,0.5874020855153179,5.229867599744575,-0.3705947111515814,1.0876603020895477,1.7879184890287707,29.61667015198437,1.9931963303159868
2018-11-23,2.3681638174784743,1.666019169898068,7.208816508618446,0.7642106743694115,-0.02917479912472165,-0.19100882877738057,4.053032689301078,0.6499703969185011,5.197771549994227,-0.36725799969308914,1.169946561555308,1.8007091580300907,30.610113398528217,2.1111747818973194
2018-11-26,2.3764545080465744,1.6585769434192486,7.0564979850634995,0.7685532555473917,-0.024184315712985183,-0.18720217676573903,3.9592712466008866,0.6414887980804669,5.188081193244359,-0.35971061205072274,1.1705736494300196,1.8069937928449877,31.411211312083424,2.1413037742774916
2018-11-27,2.4668876457125326,1.8288486482415633,7.062976593274172,0.815921232710225,-0.002590772930100904,-0.1638050141736892,3.9455223360908054,0.6524165924234444,5.186410173609452,-0.3557208649970274,1.138976046879642,1.812614784598412,32.834710660204365,2.0913647458983817
2018-11-28,2.686883465746215,1.8214478895987294,7.041882448224477,0.9311528529794058,0.028990778827460595,-0.13732808323345014,4.105354793122253,0.7058204163389052,5.25643823944654,-0.3629085447610576,1.1531678103001628,1.9925720800684723,34.98173579570287,2.0902443917750735
2018-11-29,2.6616116576434017,1.8411282490062022,7.128389915667347,0.9179157314996744,0.05185849981371948,-0.1477173780985387,4.166839391502884,0.6963215969862755,5.169913029752067,-0.35056576011266705,1.1132723758770884,2.0011003103932454,35.415069552921295,2.123486511121274
2018-11-30,2.579610151842268,1.7582954848559407,7.298970726252303,0.8970078407162747,0.08180093427488888,-0.1589969866165034,4.235220377004299,0.7187717127611177,5.232569914497323,-0.3437078834888133,1.1268248275553465,2.031577173738079,36.75900784063731,2.1890353918278045
2018-12-03,2.5621781176247866,1.6722454574955044,7.477537147877722,0.9132638815887815,0.03304925896547739,-0.1937223333079453,4.347865016921506,0.7897404758443207,5.114064454544253,-0.3640012272751787,1.2310697315624193,1.9095410702133582,35.19992348882762,2.216363212283122
2018-12-04,2.472991624972041,1.6737721614064434,7.593296611542449,0.9032250240938484,0.04421745373175856,-0.17380884051050893,4.311387782441309,0.7775328410611877,5.107934506974781,-0.35948396927639836,1.2266186545392364,1.8648584553633492,35.57900523586213,2.2621197250003564
2018-12-05,2.6490286449943996,1.7683168700113696,7.63965327466204,0.8973451135376151,0.051053714198637135,-0.16992359201308305,4.343497588879195,0.7963252506924767,5.070432527834698,-0.35487370870871204,1.2197396368898312,2.0158579426818313,35.46599638178547,2.249918105968642
2018-12-06,2.681253972196662,1.6621882340501504,7.619701956610866,0.8721946184143603,0.07186496870829373,-0.18480740472583268,4.190756038503711,0.7449780760740354,4.896911858960264,-0.3553214554981503,1.1903156008965046,2.0068003617056416,34.634437099141515,2.2734435879875745
2018-12-07,2.6951454966200457,1.7362581505892152,7.434702620595843,0.8721946184143603,0.08507069727554173,-0.17084270515951794,4.210343797139574,0.7515628990026166,4.918580301486626,-0.341485118316619,1.1903156008965046,1.990360642350911,34.03421349059266,2.2435175917542143
2018-12-10,2.669294522240024,1.689716539875711,7.375694042571629,0.8809480072857026,0.11495878748116217,-0.1904853843469272,4.173892603503447,0.7393090898715471,4.8872016195580406,-0.3167255178353806,1.1823025103430065,2.072729624252581,33.75445889785822,2.2208261739893973
2018-12-11,2.690998169732072,1.7338825406232532,7.475218607486362,0.8741586507289076,0.11275203174762827,-0.1862738951490983,4.235371617381219,0.7599765091375636,4.922024048744646,-0.3187358676561436,1.1874485286520469,2.0322512824628793,33.78792752736876,2.2590977873032303
2018-12-12,2.577325217106085,1.825268636297738,7.214204356337705,0.8127630949634823,0.09593767051130819,-0.1641129717694939,4.07413605928144,0.7649720249425029,4.883406258140342,-0.3149480850221179,1.1893663751437842,1.9864321179338775,32.84466328890203,2.23823349563799
2018-12-13,2.776147230692419,1.827213310636432,7.250042271790175,0.8206720351011276,0.02889229100815993,-0.14564542021593918,4.3845527799571835,0.7895255922803839,4.887455893997027,-0.3455326391948642,1.2111741938395206,1.8037333385280632,32.71094979000631,2.2254398824397446
2018-12-14,2.8322224190381595,1.7988078264391754,7.337324808386239,0.8457946225344388,0.029338710432085913,-0.17326098166224468,4.441519448682879,0.7887491465911816,4.97488368162399,-0.33818185153225133,1.1865234503605184,1.8049498322590067,33.330895821379876,2.222048921798922
2018-12-17,2.787275113706003,1.6686841909193326,7.401033125613752,0.8176460604368532,0.04141160084631501,-0.153611400716266,4.5725006147689164,0.7709164010884553,5.224045654763859,-0.33158392547134896,1.1531787378075093,1.8378484802930033,34.14685793448601,2.1975331019101123
2018-12-18,2.7726485185589267,1.7096300224403471,7.2211501717784845,0.819018157675595,0.04543357057645747,-0.12548100305873244,4.453182210014948,0.7329975322469708,5.255169368752649,-0.3156718059583342,1.1655712201395612,1.848808355021875,34.17338945113935,2.1683499487626445
2018-12-19,2.8645025275152283,1.6684212670452725,7.534771342539928,0.7983392359886969,0.04716677265126212,-0.0979362973444422,4.543382559787245,0.7751914366261325,5.250323621323966,-0.2971923957263911,1.1672488423673526,1.853531333784574,34.75518773129645,2.1891007455416474
2018-12-20,2.8182779807978697,1.7317521941968632,7.432684221665699,0.8136977786395942,0.02736579451086718,-0.10434125640182712,4.477076393784597,0.753957805929728,5.319741434270109,-0.30463388800693525,1.163322190442067,1.7700332557379097,35.00906172360308,2.1758388805132096
2018-12-21,2.7539079685710415,1.7171727115927142,7.290522757994534,0.7662058344481775,0.02686482196253248,-0.09302409593538141,4.384741714065569,0.7243889044561258,5.234125712838146,-0.2875698165984232,1.1633173659055136,1.8412100616687925,34.967400834203424,2.134363322212876
2018-12-24,2.792777870221066,1.754278326439691,7.070792804515344,0.7740558781234101,0.022174238506558863,-0.09275238791361651,4.242025858761013,0.6742329069328841,5.33654821165707,-0.2934523994488918,1.1801307184221796,1.837685751679372,35.2469403039384,2.158723666322449
2018-12-25,2.786320054262343,1.7141320337394559,7.057050978245538,0.7799862892505383,0.027805805953148077,-0.08661826309294052,4.233100464391748,0.6767467484366305,5.337979387075613,-0.2811273201830399,1.187418578759928,1.8533196994945276,34.940698941494055,2.169282820748913
2018-12-26,2.760563195783318,1.659873407385395,7.00290324915021,0.767908663622104,0.031214548903382378,-0.1019990436367123,4.197501723097777,0.6560496923906325,5.41569257566479,-0.2659827191240649,1.1605975271040512,1.824354767401989,34.453705901228034,2.1304226322725133
2018-12-27,2.8794578431454325,1.6353319130850896,7.201548213244223,0.7646855964300998,0.04665905102916845,-0.11606670878844805,4.361826879293689,0.7084076595195188,5.256444740016334,-0.2566213040137574,1.132358273989122,1.866655133756887,35.60566594572838,2.095214716704321
2018-12-28,3.122561736368488,1.6312199086471062,6.838584959519455,0.7141872034727001,0.04987965223622903,-0.1170640206965845,4.697822536895028,0.7362883605461288,5.318063627855204,-0.2435192389382005,1.0923398400246125,1.7870805115566721,33.985665517642396,1.9582345788886841
2019-01-02,3.201784566690712,1.572029374644175,7.050777299873399,0.6893276012160576,0.047787855941930024,-0.1298789813896718,4.709883360003229,0.7234733299638747,5.475721383988437,-0.2568127156310748,1.0860368626628851,1.7815274896711926,34.38764598244986,2.0043249786801427
2019-01-03,3.112181884952185,1.4947722293857462,6.991042743924348,0.7007362266877373,0.0625080762422432,-0.14990363521819983,4.686901899072629,0.7165365971971529,5.785884375173689,-0.24468851025259597,1.0893715334170349,1.8206047677548645,34.99985418639069,1.9161445113240938
2019-01-04,3.08760416985033,1.5704185783379145,7.549996114901388,0.6564298375345989,0.06436302318785647,-0.12786591869117547,5.019308193107771,0.7088249105362934,5.991645595114735,-0.27329950053982854,1.0742745020081181,1.8255290335705494,34.42101609377819,1.949669322569135
2019-01-07,2.999655588163717,1.6130457659501776,7.828171936174824,0.6380406317033749,0.06226230669472255,-0.09379272826376084,5.0507406118707365,0.7177482782153342,5.94191560756034,-0.27709428121586077,1.0677386785610792,1.8199523315306076,34.32647638351578,1.9751336353187492
2019-01-08,2.979840319907661,1.6784732780123708,7.916113363233116,0.5830817109261157,0.07019702164558406,-0.10759821489441046,4.902425833997824,0.7051870402914024,5.746257083660783,-0.25937453284420176,0.9983626911626837,1.84101635478051,33.61328419990665,1.9879961494305123
2019-01-09,2.94038070742689,1.533032772072735,7.431970381778372,0.6426480743431651,0.01719901338705343,-0.12799325240756265,4.832327836407405,0.8129529908115574,5.646633356043511,-0.3061812499735078,1.0735547658858722,1.7574652847242866,32.72880034392154,1.911069521212036
2019-01-10,2.862174644970491,1.4571599914592155,8.290306847202956,0.661720400176163,0.007648509028589601,-0.16758073731594691,4.7165716623451965,0.7586490015181573,5.514715386191566,-0.318063464941165,1.1387847679087044,2.0122728812739474,32.05937348846456,1.8885471658744128
2019-01-11,2.796933266903569,1.454491100192898,8.127311104897709,0.6706053423674563,-0.001855896567169113,-0.13984405658142307,4.616276068575264,0.7289412086444,5.404666243265725,-0.3249405075080464,1.1502204938108918,1.8723932034657373,31.29618391970945,1.9039917464325486
2019-01-14,2.878687779832993,1.4705704638860815,8.323837833518558,0.6617167112264479,-0.0031033814719054753,-0.14683827355128154,4.737204165591305,0.7605635991573576,5.274767328026575,-0.32359586617764924,1.1387800198960671,1.9435114086828502,31.507756121827498,1.888540753420643
2019-01-15,2.893519337334157,1.438126990952581,8.35949088032433,0.6826598549571687,-0.025368474142719144,-0.1339639229073334,4.759142428815355,0.7754270005576132,5.219678270834654,-0.34441343160712823,1.1657357440953002,2.089216227038175,32.34435278672748,1.899586127709743
2019-01-16,2.8481996016993953,1.4383015166328241,8.250548400366677,0.6826056923079744,-0.038940689069163814,-0.12023749244267856,4.692107237836811,0.7455294451190071,5.11572963354214,-0.34250294810088366,1.1656660318566625,2.0214236612103575,32.83365238591449,1.8658355628934906
2019-01-17,2.87754797223939,1.3854565766883224,8.291064693835363,0.6953711290119846,-0.03230130131325193,-0.14363820323464271,4.735518206513084,0.7531746549158524,5.111337842582387,-0.3408404499251654,1.1820963059120002,1.9844226804676124,32.02398067126036,1.9498027352783716
2019-01-18,2.7304548061519838,1.4023956874347507,7.938612027376182,0.6932753885132621,-0.07588216989634611,-0.13249583457954084,4.517943714027633,0.6903168785781872,4.879506788851783,-0.3468927795695411,1.1793988979391057,1.8774201220973556,31.59429619854332,1.9429356578363248
2019-01-21,2.7225387216826955,1.4029665989574305,7.654273139757402,0.7178606620113688,-0.07806277238977177,-0.12138619470039114,4.506234549647734,0.6792174797999018,4.6296594569797245,-0.3441452869005779,1.1647195160490798,1.8452506713684436,31.663461813818742,1.8178767628664727
2019-01-22,2.7054103443975066,1.3669931941768656,7.8035621788318945,0.7117566959948651,-0.07264433969104644,-0.1345323878006882,4.48089891989652,0.6812578368026319,4.713892813960875,-0.3322499236376547,1.1660301751464037,1.8251824316237584,31.893845093987096,1.8600390323801532
2019-01-23,2.7756974080786145,1.3837740541896144,7.830682324575667,0.7007330377389749,-0.06162805884180389,-0.1599397633857722,4.5848648118239685,0.7120065378122702,4.717776327370879,-0.32850145915414897,1.18779693092943,1.8176845300922584,31.503091199579295,1.9440006790777402
2019-01-24,2.72320923405672,1.3666418025881013,7.945481092584629,0.7100503239333931,-0.06792880934000334,-0.1708605367385,4.50722634548274,0.7018378436814154,4.83763199536971,-0.33102771640905304,1.17511275429879,1.7987650308744585,31.05277649815278,1.9822726538304853
2019-01-25,2.757185083700176,1.3344103135783816,7.827274103731176,0.6983510917890459,-0.04672931377782941,-0.1574583587657089,4.557482101338483,0.751688793034182,4.877569891308356,-0.33769171848213,1.16160980207551,1.8195070984157775,31.371894869224377,1.9444072121680898
2019-01-28,2.6907162876688067,1.3310674825804178,7.862339044263871,0.7047244112720201,-0.06059626997342993,-0.1568704022819446,4.540526122846711,0.7276577686757286,4.940270377848773,-0.33674330566850064,1.1270700981808282,1.810904731220277,31.823232273138487,2.1058228339993073
2019-01-29,2.6879979192376022,1.3752859520706875,7.828680686491721,0.6934010551435432,-0.08113246736249835,-0.14301185038091602,4.637547908964407,0.7210962815789828,5.037910818369862,-0.3430423443900793,1.1129413791499534,1.7555137861863632,31.452477617625725,2.191915915891068
2019-01-30,2.6740575463737812,1.331461020441557,7.8894123441845725,0.6866132452254434,-0.05283529535417053,-0.16895903230452403,4.7020896717523835,0.6933431707358615,5.146181759516034,-0.32969759729435677,1.1390263209714573,1.8403717714883587,29.97570623225352,2.24646910843504
2019-01-31,2.5994135782791776,1.293725184589904,8.017709977998404,0.628653934402502,-0.0993073981298852,-0.15550822816583165,4.784385844362569,0.7171309544795779,4.815681084441604,-0.34252904901271686,1.0655201441721247,1.740911567818066,31.052085009420814,2.2933242084951018
2019-02-01,2.7094205202504558,1.333589668969561,7.928427388478905,0.6773758283945106,-0.08801664249325103,-0.12444626772458478,4.727115767122931,0.7182419819248966,4.756699365602065,-0.35675618485688576,1.074322790163706,1.775270640679997,30.20909103036528,2.2585867825540267
2019-02-11,2.6841216741478404,1.4338197607064274,7.738113545641953,0.7120392205482664,-0.10834090688069198,-0.08735326832175305,4.688055914077603,0.7065232945368094,4.634953462773892,-0.3847804742692448,1.030107574616371,1.8343321453753036,28.99608073805858,2.189672363962619
2019-02-12,2.6562339005188327,1.459937835713796,7.5555103719185315,0.6923612810894801,-0.12815818223197484,-0.09663088191788871,4.569190777248972,0.6936053891199969,4.745392789838223,-0.38912282108770135,0.987683762635833,1.8128770414860083,28.917894803014853,2.1230167530283857
2019-02-13,2.6162676866244916,1.4540592380559203,7.458883696577788,0.6794269876631185,-0.1264372757761939,-0.07955475524276057,4.506291854128009,0.6750926251459597,4.724414424104404,-0.3913269423984276,0.9652346900191153,1.8184293081487883,29.2692543016357,2.087745131259443
2019-02-14,2.5889616533352307,1.4812876854604333,7.434991689560215,0.6667458221062574,-0.10067951727581304,-0.01929455398075164,4.464714459505005,0.5991982955220163,4.527684913747324,-0.3984785643636062,1.0790564575371042,1.7971476633202288,29.41597019986507,2.064429912738763
2019-02-15,2.623928961324112,1.4453973525867299,7.517173941916802,0.7073654386303347,-0.07722296823538377,-0.08094234796353139,4.517957255621043,0.6147793088445874,4.611739745848667,-0.37523141123605064,0.9990334706319597,1.8701043373851243,29.009672709106383,2.139111946597447
2019-02-18,2.738134796640415,1.4548278789590152,7.785587306238229,0.7611719834577801,-0.07741681516687071,-0.0673761230669555,4.691852197918035,0.6303707679790056,4.43691086304723,-0.3892932998578432,1.0915395149674203,1.8695014171782947,29.775077385273946,2.238039079507237
2019-02-19,2.8523002376919466,1.3768339150553466,7.707031098512276,0.8149594970701202,-0.09475776606113095,-0.08842809840239085,4.865685634090387,0.610552088615081,4.33026189308986,-0.38844527510645344,1.1143896285663284,1.8155660279534205,29.869335135570964,2.3369312221839205
2019-02-20,2.8966181369121546,1.405123816326523,7.712195017490526,0.8358392798276824,-0.08507720747726655,-0.07538832069655677,4.933166061042984,0.6084759188129372,4.400575782186708,-0.38882161647561864,1.1666060035675976,1.883428618544369,29.52022542539272,2.3753201774793977
2019-02-21,3.1188405485227895,1.428665792126441,7.7974722422527805,0.9405363832539182,-0.0789489849453181,-0.09971112302520102,5.270600978385062,0.6999542177729288,4.433230572003094,-0.3911724432920364,1.2898266433078183,1.9027420429926831,29.33568370491502,2.5678131966675433
2019-02-22,3.3761195539370075,1.4278779843612157,8.346997013115237,1.0888399285443935,-0.062432815148011245,-0.156302733204843,5.662287416367453,0.8061400545990673,4.357382362972131,-0.3840719591141408,1.4328582354320871,1.9547936445611396,29.147842320134444,2.7906728631024476
2019-02-25,3.0855435439286136,1.4700118164617328,7.7263528409998035,0.957922706553274,-0.05838046851804546,-0.0747223638697968,5.219908987004037,0.6862116650491108,4.134133376308737,-0.4253033816469737,1.271315519275733,1.9675648339342744,28.75495603406958,2.4895707379195695
2019-02-26,3.1143041045600395,1.4384176371971744,8.150466543702244,0.8765477338911689,-0.05279605908682716,-0.09792431208318508,5.263694610047638,0.6980819076027927,4.103684663331567,-0.40765671420906113,1.2873046543817104,2.044013280295934,30.201091069781903,2.5794667558034945
2019-02-27,2.9761747071781612,1.3203762670196917,7.560118485975956,0.7157847852438868,-0.08461811238882622,-0.0800818730718843,4.727086882596274,0.6410722591564668,3.9645831988507902,-0.4133418271331911,1.0913523564188052,1.8283257735476508,30.962737543108876,2.3258389989717094
2019-02-28,3.056242892558341,1.3478557708250851,7.619213361436811,0.7237065816662229,-0.06975579690690903,-0.11330770596605955,4.753528903044958,0.6741185127909461,3.905789164088387,-0.4121723384259064,1.1010081522723438,1.8686088137984966,31.837323422453657,2.35580650075144
2019-03-01,3.1943918056441474,1.440814372539844,8.021144140637057,0.6209842023976517,-0.060421977521755044,-0.0775047360978548,4.67895204563115,0.6524187004277631,4.332642263808059,-0.4332375155659902,0.9758009049603005,1.8815149592048446,31.59343081534815,2.370904595146861
2019-03-04,3.162819036283717,1.5102408176297724,7.9974665969608445,0.6051668646800019,-0.04333684441652863,-0.06548886067359594,4.636204431327598,0.6319575723069843,4.336070479114914,-0.4350734293192122,0.9565213153564232,1.93391195598949,31.912393584846434,2.32916425973044
2019-03-05,3.157627229714266,1.4972413057102227,7.950872392352467,0.6334231680408924,-0.04194396218520513,-0.06830004024847702,4.629175040201468,0.6535501803212391,4.262656177334222,-0.4297141100694791,0.9909626317299585,1.9381836725366508,31.75002700241162,2.3732127938928858
2019-03-06,2.998752469362775,1.433309503986501,7.755961818176848,0.5647569664210987,-0.05838382710878698,-0.04053307152073371,4.444510937687676,0.626485571414664,4.377253648089081,-0.4108336309780404,0.9072661076676638,1.8877655959413087,33.1267798250733,2.318001475777562
2019-03-07,2.9717758805507293,1.4131481699174273,7.73762977080173,0.5675595561359268,-0.06302533338496619,-0.04945728029893104,4.433111957824968,0.6522354361141538,4.413529952189917,-0.4015061862380235,0.9106821553296947,1.8735309401191378,33.45452693217509,2.2835631902419053
2019-03-08,3.03452792478621,1.4411420369559034,7.577858326174892,0.5962230794702947,-0.05948118929113633,-0.06323864281202063,4.375505891743183,0.6347171547950325,4.327998924950077,-0.3890436966512272,0.9928919731230996,1.8844001856523733,33.22420235339077,2.32201628690463
2019-03-11,3.433313460333725,1.5231664047306972,7.579511495914025,0.7539988310493588,-0.04284569875195099,-0.05132809171442665,4.43069011836143,0.7369192521156287,4.5407639060659335,-0.39681176502167825,0.9679372184635722,1.9354182104417763,36.60703105568726,2.4130777201535287
2019-03-12,3.3801105738237283,1.6065263901292548,7.612944478552794,0.7478448044651531,7.766656708807496e-05,-0.03807230581758292,4.664666449913505,0.7875348282272718,4.431887555515272,-0.40524010998323345,0.9610325742049286,2.0670563674731572,36.59974353017817,2.342675907415542
2019-03-13,3.2982980503848447,1.5204478572801392,7.654343409550014,0.7151982327353428,-0.034273353181923705,0.011975673106090046,4.477595189505517,0.71493031464759,4.245311169568752,-0.4361847751802419,0.9244040414915415,1.9617080356660344,37.089157516365034,2.2802407824535504
2019-03-14,3.1223844219049806,1.4207750007819864,7.797242274921107,0.6847340040285854,-0.028494629771379287,0.022720116284750347,4.253417239574034,0.6320608321078658,4.0784549234336716,-0.4373273408409746,0.8902240360989797,1.9008324791615778,36.75486159859596,2.3344034917168948
2019-03-15,3.1135821954111593,1.4083482598746166,7.778458165750354,0.6832978173158002,-0.05070165289675155,0.015188699626032198,4.24220000127778,0.6299672961311835,4.03662709797153,-0.44578822174483024,0.888612675113601,1.8432213143813496,37.01010745271532,2.2855759600779275
2019-03-18,3.169818683309548,1.3818631669631087,7.835638937574359,0.6953454629442088,-0.08404414550504125,0.04134999125303107,4.163187984334367,0.6120422161084957,4.483059121847396,-0.43841849460613636,0.9144317638794095,1.7433579932792211,36.43720766763599,2.3207236702184915
2019-03-19,3.0260012954651296,1.349600017650734,7.849458951115736,0.6505604440923722,-0.08972049333314214,0.038406814745334916,4.121502336237382,0.5990271903643101,4.5233494971076285,-0.4346690300278351,0.8484028555746981,1.7263568964354872,36.134953659201315,2.325917685774563
2019-03-20,2.9974046995757786,1.336436715188519,7.914179671986938,0.6267651390545692,-0.09794337205666781,0.06427597404166141,4.158958560959803,0.6107217123712156,4.554293283066417,-0.44700956508018386,0.8352736920145345,1.7017287443654423,36.27913107879318,2.331075921587223
2019-03-21,2.9666307475477014,1.3498574359472366,8.073631353196166,0.6477403853046666,-0.08628578693814071,0.041535324252722106,4.119242406304092,0.6051166771613838,4.629259204678356,-0.4415916313611784,0.8448085905043894,1.7366441053627013,35.34466764084277,2.3906602776891988
2019-03-22,2.784917276439486,1.252054747047075,7.657963459287728,0.5393859300006254,-0.0987680675717415,0.06468659452946879,3.884727180083706,0.5253899468502068,4.4771832549482635,-0.4243507174217436,0.7234950439365793,1.6163994393384713,35.19238918370831,2.146877274211545
2019-03-25,2.6947425486553604,1.3347568584312,7.133743572296778,0.5297004195345809,-0.03815892281631139,0.01913110929757811,3.7683497505145898,0.4987601740705674,4.214723155155471,-0.4123546639973251,0.7537130031104049,1.7923560678720647,33.982112605540216,1.9565779231973903
2019-03-26,2.7807047918374366,1.289347845653121,7.197258927586255,0.5533453463734046,-0.07567350474743051,-0.0046806792306101075,3.879290644347667,0.5402116278790223,4.359462272762532,-0.4110912580512144,0.8149287528818991,1.6834461107346876,35.766968439559406,2.0828688533326454
2019-03-27,2.8392235319678854,1.260998079865883,7.324138250722269,0.5562624977056567,-0.1160020027781371,0.012582719880944726,3.9548135843703767,0.5876840967537063,4.293094245524186,-0.43350340804260235,0.8408120268947894,1.604636445928517,36.262493762487075,2.1305863058229653
2019-03-28,2.953584582744952,1.3354799076689337,7.977667402670262,0.6393149060107719,-0.11023689778469681,-0.04219665395414085,4.343816628568135,0.626441786122292,4.432939839113195,-0.4211605283045414,0.8251088855648756,1.7436369872334407,36.38003703264974,2.2070084932283334
2019-03-29,3.0989365518235203,1.3541415584923642,8.04940344875115,0.6502725222004873,-0.12099831695057262,0.0015670457938543603,4.296111656949121,0.66362993193349,4.653740345838738,-0.45273098342302265,0.8922082898516712,1.7104535167286423,34.95354190492143,2.285453886718314
2019-04-01,3.0746841139175762,1.349280428204811,8.030717091921705,0.7445158448635163,-0.1827981589680272,0.009003417182298579,4.264775817157709,0.6537866271853994,4.709660673909033,-0.4624050294999025,1.0002680157497705,1.5198900600713414,34.214675336892086,2.5055746594641524
2019-04-02,3.1011845897375148,1.3177581703690855,7.849292498171039,0.7135108002757256,-0.17986113497330114,0.0028004733229975987,4.2990162785872075,0.6645423400946213,4.70762749855918,-0.4642310894746804,0.9647175223573157,1.5289465467297112,34.39765628247835,2.49185863128669
2019-04-03,3.208818091688306,1.3159885378072134,7.717247928563843,0.7122025168896271,-0.18942730372669558,-0.006768981029613208,4.438086263485179,0.708227406516178,4.7109387949670225,-0.471287822845328,0.9350407769414777,1.4994487013452678,33.78591704348392,2.4946647268626143
2019-04-04,3.1871201998772136,1.2727760898771656,7.241472204504106,0.6783765138147189,-0.21491761460618675,-0.012028928650558157,4.410051075260363,0.6994209119973183,4.776892492004633,-0.47635608280544617,0.898936173032137,1.4695261361055358,33.60658378456981,2.3039306036170215
2019-04-08,3.238313255088565,1.2940785787779467,6.9353698325548905,0.6233795277229388,-0.24020872446921904,0.01202339468008562,4.476196069951501,0.7201985692945114,4.824706534424805,-0.48669480110286445,0.8367118953222099,1.3899713556393496,32.22248888082416,2.1681679626976886
2019-04-09,3.1008930664449377,1.275278004087883,6.567317677522568,0.5781168874477296,-0.23689058783337047,0.023024000381783427,4.298639610178567,0.6644240199232168,5.013562860651616,-0.49056347345909657,0.7855011781809282,1.3703849145320244,31.473335440390393,2.0212244590198236
2019-04-10,3.043982812218734,1.2437027721689042,6.576123600799369,0.5611664238832992,-0.24805526579540538,0.03796414903717937,4.225107595960574,0.6541688588007089,5.0781541966753645,-0.4948644019832814,0.7663232117668237,1.2977486898494264,31.273254641783666,2.0014280025435864
2019-04-11,3.0684494829385685,1.2572774928017347,6.463769867440012,0.5777566290362377,-0.2306220464388461,0.026011976562478667,4.147619374207095,0.6296375738473539,5.2668192855130895,-0.48155660918581733,0.7850935773097347,1.2796982904669196,30.930293182153758,1.991071987738688
2019-04-12,3.1330031750394953,1.2930934951553947,6.392380392124905,0.6018839832760055,-0.20174010667325348,0.021989986001570205,4.110626103391255,0.6424274915663337,5.167384273647841,-0.4757985153844264,0.8189995289868341,1.2975900929309083,31.91699366445556,2.047884215158067
2019-04-15,3.315090102010024,1.3941198747891255,6.434834956010176,0.6181723210612118,-0.2148430985436346,0.0028563037932267665,4.365563709431205,0.6913623119854171,5.132335542124407,-0.49213360050987387,0.8547463351793922,1.2598764302994585,31.078303963389118,2.1077809466307236
2019-04-16,3.0376132236608635,1.2401687651840851,6.572809613297689,0.521758990762645,-0.22327630187474212,0.048732947470935706,4.120110743241969,0.6380533817260492,5.036824692117397,-0.5077702781226677,0.8836339258540213,1.1886488794879435,32.17322691149976,2.213858271667938
2019-04-17,2.5968783585400614,1.1686177804996931,6.976224824752188,0.4731540124531439,-0.18878488295978424,0.051853555598274426,4.229330590645402,0.7457354589292491,5.719311351955882,-0.5047014420728502,0.8234706630345312,1.3325259107501233,30.700126928935592,2.282414818119817
2019-04-18,2.825076843782577,1.3609204255653706,7.3682875227398235,0.5560502991212604,-0.20896757905549135,0.034797551540727945,4.486372675727478,0.8005370819634641,5.736211423411112,-0.5065978380948193,0.9260797219217931,1.4057478900738802,30.474505105633053,2.4671205565737506
2019-04-19,2.6769353784897985,1.2499852907115963,7.314820979321432,0.5859035554861118,-0.23192221892223452,0.1024337853365691,4.257160583313826,0.6845683825997619,5.411500030328819,-0.5197385124316396,0.9630320953445191,1.3359364955410422,29.634487859735202,2.5336382256244843
2019-04-22,2.7421018811958793,1.3359221974432964,7.666417100888189,0.6202005939388489,-0.20156456930149935,0.06296158716043787,4.562965039247969,0.775420880819168,5.447190764080633,-0.5110546405399587,1.0054849841252311,1.4282624857140909,30.149081621866802,2.610057327960853
2019-04-23,2.8512792270593947,1.404073678551296,7.7607269606302385,0.6326021988891402,-0.2176658955839309,0.059525964290138234,4.619619325085067,0.7935021021379127,5.843442345664061,-0.5144538206883544,0.9411460248000187,1.3683456024936578,30.618219921269382,2.6376900204785327
2019-04-24,2.7977045405330627,1.358943657978679,7.6388575315426674,0.602437270167941,-0.22094687236300725,0.05779554795493391,4.541445470116719,0.768552908054231,5.807459443104676,-0.5069064522843163,0.9462604409067017,1.358413162014907,31.605563638692686,2.6472743898119897
2019-04-25,2.703308883467209,1.3684300199767159,7.424130286628085,0.6099948977205631,-0.2062878444706041,0.06946376308247304,4.403707428448833,0.7245937974836989,5.654506473681031,-0.5000892925887208,0.9538992254097107,1.3916671052444949,32.31235299683327,2.70158819721623
2019-04-26,2.849862829914764,1.3156779012527897,7.683976054875771,0.5461125493949635,-0.20377737323843037,0.03555350680785185,4.554706906108046,0.7727852967538786,5.529767937207364,-0.504021622885717,0.9129970197701198,1.5540887974849276,33.339886245023926,2.7414461438723934
2019-04-29,2.7028248866312556,1.245868434353672,7.793155305914313,0.5384155267299611,-0.2347141222500042,0.10271440022576184,4.342555794470931,0.7585204294458523,5.861255067176696,-0.5172454152203394,0.8643747628502259,1.4675662583805948,33.5192595709697,2.6911700920180572
2019-04-30,2.6249233046045783,1.160218410020521,8.04384356252209,0.5388011911889055,-0.2509714133579265,0.11578903393313222,4.230156866301869,0.7606629976885471,5.9017821717108205,-0.5128129331712448,0.8183408180884921,1.3764678737175333,34.3802405801104,2.703897009115684
2019-05-06,2.594948675643923,1.3316086117124684,7.328748141080331,0.6076399352631217,-0.20799049213078957,0.05886972990502515,3.816609108353738,0.6618531949600859,5.960712857898955,-0.48393168388058816,0.8600700396829488,1.406522849500682,32.394673440461446,2.8314338595161725
2019-05-07,2.547977023794043,1.2484882079363588,7.0579942255176995,0.6500611938488847,-0.212638012032087,0.07669698652653967,3.786036875283484,0.6513049935050934,5.6417429147317035,-0.4858773152381777,0.9330352285557826,1.3750791868355177,31.188997220389638,2.6948456140256316
2019-05-08,2.539361286194024,1.2495043811775322,6.911590989372939,0.6044906917463562,-0.24725478908929688,0.06806871526700986,3.8938892102622438,0.6590764149692199,5.521071116124676,-0.48050884580191455,0.8985719948069535,1.3693116582084133,31.052055762334746,2.6965154485526655
2019-05-09,2.785165060950146,1.3641788855182702,7.189960096281283,0.6585864240956121,-0.24114594607920092,0.00012232712593429618,4.033807058563727,0.6687529855744792,5.474490438272575,-0.4703026831905385,0.9761444324450477,1.3258682841601255,31.644087666712593,2.642313690878932
2019-05-10,2.597318060305277,1.254007063377665,7.138609287665108,0.7089825672657415,-0.20347474751694317,0.08580334855804694,3.783993498903845,0.5859375103944746,5.650219303846267,-0.49871762943697273,1.0907446682938682,1.3706580447904444,33.537178113065316,2.741172382395118
2019-05-13,2.6332874426630957,1.2909963180249187,7.0586978325487095,0.7523080568337699,-0.21026235086149414,0.05732353813767488,3.8625009519801408,0.6119634476595985,5.3552498992401825,-0.48281121604449917,1.2330874889617096,1.2903564025175158,33.186776747110656,2.7980606475274343
2019-05-14,2.7526860164852547,1.4035541997025676,7.25396117710922,0.7481456002900266,-0.205850408687536,0.01787215021464572,3.9803200114040402,0.6911600790914569,5.0430130525187264,-0.4836441541157138,1.2452741604902484,1.3085922336312885,33.45897206413612,2.8187878773317654
2019-05-15,2.6744912322706273,1.3537350052976995,7.395624788859314,0.8120599064988223,-0.14578011908825994,0.04578068188727169,4.065797772366063,0.7201856390269805,5.3670067434006885,-0.4981011688239013,1.3586327879264433,1.3482148471688244,35.19872476106278,3.011589522610482
2019-05-16,2.6371833232621182,1.3203085159373766,7.372272177596663,0.8155298310418555,-0.15154958193112822,0.06254556344719098,4.004104286366992,0.7062002110471346,5.392781972959791,-0.4946638000317458,1.352072200002019,1.3196172666284238,35.42370994231249,3.0004311999099302
2019-05-17,2.6848869541380425,1.3745697691388168,7.341317159689442,0.7942626997861382,-0.17529203947967187,0.02949488308910131,3.9856024824948495,0.6823694650771974,5.243284456179685,-0.48451425452568575,1.3339146085857712,1.3110408858678313,36.07895961688444,2.928464855843387
2019-05-20,2.5704397043681744,1.4572283937690607,7.082247934427965,0.8304058480423473,-0.2045135256932643,-0.00512095298789339,3.930065784241771,0.7409326405671448,5.530159336753404,-0.47107720940152753,1.3366822578346618,1.2291548697042094,35.621951961657665,2.8548717628900233
2019-05-21,2.5306764284698544,1.429862730529576,6.966520803869236,0.8002103774198803,-0.19926278988925938,-0.0002494158532581059,3.9223620376132002,0.7324079681128477,5.429122961512863,-0.4748914661920288,1.3221009203544538,1.2438687632336105,36.18857661652845,2.8347653002142814
2019-05-22,2.5250101849497697,1.4399365603326162,6.789862810218411,0.8475935216545925,-0.21857973971967937,-0.0034215643949071506,3.933512471945506,0.7363323241715036,5.422868046915573,-0.47395005242746313,1.3199931980937398,1.238084599442662,36.27281844561496,2.827553708641575
2019-05-23,2.4697557950803537,1.525047192581773,6.666659790586177,0.8768147167470406,-0.21099013023108193,-0.04446193752700722,4.011156141135515,0.7033360220618696,5.38150594058651,-0.45056500586548254,1.2609649907671274,1.2522100863114667,35.68856854735394,2.754277858860911
2019-05-24,2.5235944375601176,1.4844547073388572,6.784654190253763,0.8177578908193679,-0.21160418129319358,-0.038190625036810255,4.088280779069738,0.6759533091595504,5.318974282033053,-0.45106181514293553,1.2442741565180677,1.2509488105868845,35.87359669154262,2.753804957826526
2019-05-27,2.6188161390098608,1.5183615752176118,6.787849858966186,0.8271668979273412,-0.19480986071635753,-0.045943712743720666,4.2149239271021335,0.702403960957753,5.420179491477018,-0.44054029085047364,1.2558908803939857,1.2988982733187542,35.56122390501482,2.6812526195151496
2019-05-28,2.739282884692334,1.4216430914655476,6.847403244992351,0.7738415401385235,-0.1759265884400969,-0.0320473277500295,4.2548022482500745,0.7154221780645795,5.544395009077569,-0.4512022782261834,1.2756353786189112,1.2549421860848038,36.17792254161221,2.7433463688197013
2019-05-29,2.8349948783867984,1.4683363325440326,6.706739584072993,0.7626402383646835,-0.18882422021878564,-0.019847095940457526,4.488491592414102,0.791709707988248,5.550146200440088,-0.44898864675476113,1.2621825575101324,1.2196499249944952,35.51151321781244,2.661148213724605
2019-05-30,2.8002356665833696,1.5230704081490032,6.4163127304937175,0.8033442375069526,-0.20367528005058833,-0.030587720718417644,4.438745595928623,0.779269818703177,5.609471734580851,-0.44566887087740903,1.314422302681261,1.1312957532963597,35.18058411322509,2.6541884435625045
2019-05-31,2.711913815221145,1.5433427948913523,6.274816937381197,0.8401720026194213,-0.2103114260720963,-0.05364359300567678,4.312342887711205,0.7453231388222956,5.500251048777082,-0.44195935585733626,1.3598905088785758,1.1135346698092201,35.75037558354398,2.6297350686653975
2019-06-03,2.6304464984252762,1.4875227183738806,6.515530992259291,0.7670671778393616,-0.23314689059466598,-0.04150194626977355,4.40679446130188,0.800649911062939,5.362187764592159,-0.4497274886097343,1.3566134262824767,1.0524174806246442,35.841484969737394,2.680262327146267
2019-06-04,2.595251935689532,1.4959504802587444,6.442673334912121,0.7901844691972713,-0.24123425237135843,-0.060693456509384736,4.354379485086116,0.7583439437580011,5.234567362606157,-0.44213342383002996,1.3320750979214409,1.0307723409244338,36.32732009475952,2.644584835847902
2019-06-05,2.637749814014471,1.4722081668455504,6.601447065960221,0.7519946609592119,-0.21337040612683222,-0.09292208659556911,4.468603873291723,0.7958545015715106,5.160488994699784,-0.4395922269777769,1.2995403348778147,1.1053475684462346,36.67803966007473,2.679253342341951
2019-06-06,2.6929246899419645,1.509704912319124,6.8572030094448895,0.6521622202904329,-0.2314322738994643,-0.11595728892234014,4.743008134427721,0.8859671041716439,5.503117164115352,-0.42288590013759275,1.2815126983490943,1.1587164696986814,36.97342304335539,2.413797165721295
2019-06-10,2.6145818732628063,1.4810528613554177,6.920512874633604,0.6899490637520025,-0.23386843393378887,-0.09605054549078351,4.611658956538886,0.8428328750603669,5.598607657103716,-0.42648323132335464,1.2995141872437577,1.127018301772213,36.53989938606645,2.4364178246368033
2019-06-11,2.525816164285168,1.4430652752931024,6.799241309174717,0.7055753386401353,-0.25350985700767725,-0.02735093865762306,4.525738426233286,0.7975771933750126,5.4947306765173645,-0.4437370645051617,1.345733611961096,1.1396576726948355,36.887015639249334,2.5054886117727144
2019-06-12,2.634802635610536,1.4754470039715897,6.890638251169241,0.6754609469819342,-0.24905427724154217,-0.04587511491457097,4.5904928779035075,0.8503812720262893,5.504705625464947,-0.43848422662591746,1.3171655793582953,1.187296660453112,36.828826768054995,2.5092599188541556
2019-06-13,2.6137454010905112,1.5083215075229184,6.973042946206081,0.6923341313567102,-0.21624106186112002,-0.08585720063668878,4.6488763503229915,0.8436466760213408,5.728319686296663,-0.4457995175422377,1.3097287345075679,1.2828724580709272,36.940661904648834,2.5446008736740806
2019-06-14,2.6569758511700163,1.5695142962145225,7.015786373100825,0.7060929546230057,-0.19626237413424863,-0.11185481399389674,4.608926729740792,0.8375687199465451,5.611759787310639,-0.446036237407464,1.2721590924034638,1.3424494454923783,36.67234039188611,2.573418786204947
2019-06-17,2.6805196025126987,1.6128455804682185,6.960532590475112,0.7183725886428451,-0.20220869924124707,-0.14220432942055683,4.57026372103978,0.8493990581216444,5.7235593911027465,-0.4443681441071182,1.2501961950159721,1.347176322045844,36.91487636991279,2.4585195259023997
2019-06-18,2.6686972068311254,1.6641043234950752,6.8097351105864465,0.7374490645788236,-0.21418241716370623,-0.11278146552298829,4.55237117627086,0.8434585035805637,5.648917942690331,-0.4485093182332893,1.273658183802898,1.3119485285518278,37.6331031646519,2.339890401522499
2019-06-19,2.672541339477947,1.7568276787273605,6.5313118929838065,0.7784703575243255,-0.24631367510696545,-0.057581409264364614,4.558189059323795,0.8170532871699665,5.6946146392511965,-0.46320794047641367,1.2482054172878443,1.2174153746176621,38.191553308583224,2.2916115390274023
2019-06-20,2.7180275375641534,1.6689140873331745,6.210562617630098,0.8053599881253242,-0.27156855101329935,-0.06613884808316339,4.321472649435384,0.6765026360845614,5.495349698008552,-0.48904060831622964,1.2302977475519414,1.1431131771793397,36.941758034739784,2.3413791485869115
2019-06-21,2.754820839993558,1.6742350746091614,6.421880377624359,0.803862015694776,-0.2551224656974064,-0.059854617134834975,4.477427425751994,0.6660104609616715,5.449393898396174,-0.49592699854912714,1.267292474955064,1.1914990921512087,37.017402137594054,2.348040822718073
2019-06-24,2.735173853394473,1.5342042549061445,6.033248875897321,0.823652224550016,-0.25860275952984535,-0.10204801240011752,4.1906132037809005,0.6866641947627379,5.550534166220441,-0.4987318006945374,1.2921669893164034,1.1750994604911305,36.96318552518765,2.1727275508012824
2019-06-25,2.715811431846492,1.5308467042901923,6.023930570535906,0.7963229617082634,-0.2484115039918755,-0.11806002399646309,4.1837361943505105,0.6426286323778538,5.497110367318761,-0.48775723580753383,1.2696987134942694,1.204998404285834,38.01683998291712,2.1685240248535145
2019-06-26,2.706130961182362,1.5941780347238512,5.983337644301028,0.7948029213568195,-0.23687685867451924,-0.10842822403619257,4.153778178842638,0.6258766123309407,5.49373802631806,-0.4811732414108645,1.2736911474669945,1.238838563700007,37.336749854276974,2.1658428341795855
2019-06-27,2.620562847709027,1.5342829789985495,6.029672446251793,0.8072344394265736,-0.2412740149916589,-0.11928746663100853,4.189475293994062,0.6555358306329109,5.300722633986525,-0.4916633618793549,1.2850118570430769,1.2259382562655734,37.60228541413042,2.2303649518933386
2019-06-28,2.7002450115185685,1.5900580504353217,6.020318037619244,0.7961179761533688,-0.25398531073728536,-0.08354394574970436,4.303686436806638,0.6223119484865427,5.479008148350906,-0.4923275961607504,1.2853242773288085,1.1886460584946157,37.42993624947836,2.236760465755456
2019-07-01,2.6741222459313927,1.5026170480813938,6.197062029782784,0.778847717083254,-0.27046810417096334,-0.11214106459313211,4.252689765092194,0.6529326850236967,5.416710375751892,-0.5133857462908173,1.2058146649525474,1.1402891006480442,37.15863091346678,2.2056379601440934
2019-07-02,2.556563738991235,1.416034367068792,5.966782303104152,0.6723123669470215,-0.27270940141528033,-0.13022705535892265,4.084622856897214,0.5915938139982475,5.411046076642516,-0.5084332402838022,1.144286247245009,1.1337136183548773,35.937693944906414,2.0136520137282172
2019-07-03,2.518718491452007,1.4013611385616533,5.8926490609743,0.6653941886708208,-0.25537480295513704,-0.1412162663464327,4.030517595531233,0.602149620622386,5.6424208485953296,-0.4947011709563096,1.125996339681922,1.1477135633963496,36.80730333150174,1.9879467624684017
2019-07-04,2.521582868114964,1.434513291420247,5.949606242499804,0.6468033311339696,-0.2674205088679952,-0.12296282230439648,4.034612636733943,0.6362033029418948,5.693653818359881,-0.4899118174851729,1.1145442040438995,1.1317143263360259,37.26012431796327,1.9903790698545603
2019-07-05,2.5164091307252363,1.3728527354561488,5.9393962207546815,0.6557935138396087,-0.27882707131510165,-0.1452169857308696,4.027216029975856,0.5947620811234531,6.066407957771965,-0.4927906957262681,1.1360948764817742,1.1318136225703839,37.650057715918216,1.9859857511162038
2019-07-08,2.486086043812509,1.3967152503142004,5.930487883754967,0.6436406906388172,-0.28986864420027203,-0.12501024583410902,3.9838647864376577,0.6107997531151581,6.1813764429851075,-0.48735206364425354,1.120657528644374,1.0991743282278548,38.18432189568963,1.964406325415121
2019-07-09,2.320725454101945,1.2674411661399665,5.625869875865052,0.549363463602031,-0.26206232117376327,-0.15463885722654303,3.7474578791595627,0.5496220325256111,6.252646770475042,-0.4898111010437308,0.9911149830400214,0.999601139138864,36.72343538242833,1.7833225170147133
2019-07-10,2.361983474988744,1.3586957855426967,5.7081923326625486,0.5844577031323186,-0.2484091964247057,-0.15244647845942583,3.8064421941969933,0.5837674909631831,6.435615214433314,-0.48580397703141265,1.034988606717798,1.0244449832639333,36.13528471380312,1.84465219698073
2019-07-11,2.415807848060745,1.4168271792880276,5.650261331820689,0.5460677171437853,-0.25347339114398304,-0.1437732462295198,3.8833919292965486,0.6474964084889427,6.3595246598099555,-0.48333687490100785,1.0618449303990074,1.0536219127073294,36.32053353966872,1.88219388144539
2019-07-12,2.425902558283485,1.364159693705166,5.7951837928959185,0.61622805522874,-0.24377620384168408,-0.16345364856425237,3.8978237792784807,0.6882674750855837,6.798671040627694,-0.48817398696870495,1.0346895270165684,1.0802979294753658,37.90384108283378,1.8126920553703316
2019-07-15,2.321783274147957,1.3173370929000563,5.929763609555205,0.6279118439966447,-0.24450956677492575,-0.160725597329768,3.861944686309836,0.6759000424411494,6.787896523386784,-0.487708361191846,1.0779610759239167,1.0763880007751663,37.67947022325864,1.7925843935437715
2019-07-16,2.328999915422946,1.334638433770437,5.903866107883078,0.6560304716566927,-0.23723301852604806,-0.1523352139863695,3.8151165948642767,0.6876409390337626,6.7930954249254745,-0.47918522081536064,1.106087689869601,1.0963868476255936,37.46633294440597,1.79862458989651
2019-07-17,2.3214243385136166,1.347472504699327,5.92927790090944,0.6556590675452796,-0.2240507219709048,-0.15007696890785305,3.7985579591979795,0.6844774746913938,6.843859411304537,-0.47197541470894344,1.1133674503340525,1.1326170382223353,37.35238512710883,1.8124765861195686
2019-07-18,2.339199905702148,1.4688042345896748,6.041144994551736,0.7262062099495961,-0.23944921137906783,-0.12226999578186082,3.8760264545081657,0.6398967949105712,7.0640135605295775,-0.4622733359875375,1.108654274093793,1.0511105373309864,34.812354702965024,1.8578815454999549
2019-07-19,2.3387104378148673,1.4466334949712834,5.982929909543171,0.6913660230758849,-0.2273686931371074,-0.13866481426258692,3.8558137983484384,0.6661971049070259,6.901256794981159,-0.4650343687423747,1.1107404222404424,1.0836901870180689,35.12949308841056,1.8342530280863207
2019-07-22,2.30950183414959,1.3918643597211364,6.072996642381833,0.7013835311009329,-0.222765041698209,-0.13592211227854645,3.9285488792605756,0.6812865792451734,6.854177894747343,-0.4541265741816015,1.0993197491090605,1.0961056602748194,35.13827814056626,1.8708095901003476
2019-07-23,2.1849732649982054,1.3440947882882752,6.203325357931406,0.7178054576722548,-0.2133371963692161,-0.12889837790881198,4.019363491147767,0.6693975818146809,7.074710163955045,-0.452705844526353,1.0790108435707668,1.1163374849102037,35.86002059727382,1.769864356950524
2019-07-24,2.18944937082849,1.3970851488501839,6.118989242306765,0.7209429996547425,-0.2154468757090957,-0.1224915571632359,3.9605970744281,0.6477215085831822,7.096364993864107,-0.46175123364538995,1.0863769954428548,1.1134181018321145,35.694800724729646,1.724253300501482
2019-07-25,2.190988155878765,1.3749402732812936,6.132244492583362,0.7241014218443824,-0.22050485459249058,-0.13944169902318948,3.844838799892898,0.6092710164576716,7.034968956688015,-0.46395941935837126,1.1074034268364108,1.0997929899054841,36.13293372329817,1.7768755633217346
2019-07-26,2.2042482645370254,1.3156481126240203,6.27248933971084,0.7876503377908881,-0.22305791125347363,-0.14541774133144292,3.9401052587972174,0.6409149075111091,7.0278964391265095,-0.4598584568732761,1.110864044863193,1.1241220788740716,36.61169758736087,1.7961592374578497
2019-07-29,2.2553730836610923,1.3199413247455993,6.2585099218597335,0.8272994047355726,-0.2201490407080593,-0.16443019977633933,3.930609226226351,0.6440181619700325,7.013271487604753,-0.4472027122250989,1.1576818078544355,1.1320747902017199,36.75251575239479,1.8583672470066404
2019-07-30,2.192395494213729,1.3123679212251642,6.234235905630644,0.7688655617373406,-0.20725716540934902,-0.1634630199799465,3.8388952403070817,0.6660107012796177,6.857396739014868,-0.4522423368929134,1.1703661931647975,1.1151281007244584,37.62168942607645,1.795867833505044
2019-07-31,2.2240525264556807,1.335375864851983,6.103458435571907,0.8183831255772274,-0.2095061517818897,-0.15679369694751577,3.8349156482788196,0.6646405449574506,6.955677962743314,-0.4413214558172438,1.1975133835750693,1.0864135999832762,37.97421012606153,1.8235927436265902
2019-08-01,2.256879426012741,1.3155278393114056,6.042210865038562,0.8348603846295226,-0.19568981313772327,-0.15554008977984635,3.8841441546541144,0.6665055844529484,6.778692439540518,-0.4364492607867626,1.1984786868784711,1.0764648891601447,38.254404299829645,1.824833065266156
2019-08-02,2.190657487449742,1.3362277439417012,6.0571700468830985,0.8446047886397665,-0.1884525893429495,-0.16183956110124564,3.784835137697873,0.6414078015893407,6.789110002988453,-0.4260170912803568,1.1804224110943204,1.0951490253930425,37.93200483605014,1.8270504834267887
2019-08-05,2.145762353346884,1.4006678793796086,5.97695158616873,0.8338061443209599,-0.19533936519507855,-0.16139295253517727,3.7494157986641437,0.6118044563757563,6.890207446667062,-0.43303852131493425,1.1827850408782532,1.0773696307141702,38.19161877846352,1.7505783678283344
2019-08-06,2.1365476646256916,1.422868692003977,6.030243866757167,0.8588304533139857,-0.20330522350236202,-0.20085677126695933,3.7355036262631858,0.5923892991445046,6.9631742317002825,-0.42957245887363527,1.2338372715280141,1.0568043993428917,38.49097741939167,1.8149104750330434
2019-08-07,2.086234224007754,1.4893783438291344,6.223229592053418,0.8486248956284392,-0.18285136359457366,-0.1658335301769437,3.8966315005691223,0.6056890998835942,6.912856315529769,-0.42286367215469867,1.2555550817462908,1.1096095516834468,37.73701511495965,1.8422775944993548
2019-08-08,2.05962719031923,1.4165142020352675,5.966104892413448,0.866687900770782,-0.19796731337621543,-0.18606976214064586,3.7878505788334333,0.5997206716252421,6.844638021233768,-0.41147786655619745,1.2686738031578662,1.0705851311295618,36.60318209636514,1.8292305505543305
2019-08-09,2.012521624486991,1.468793669990562,5.878576256937312,0.8557690503529187,-0.20160795495213368,-0.1594160906898754,3.758619023067938,0.5899537995702622,6.6749251754716505,-0.4122299862419717,1.2403442171295,1.0611861896143457,37.06144661649093,1.7774776550386835
2019-08-12,2.035579079305601,1.3817348999946524,6.049106257406825,0.9239167515582196,-0.18609219982647607,-0.2070396049983778,3.876592172441632,0.6293710876920258,6.860819160211778,-0.43001651698094445,1.3629257028092452,1.1122860202701728,37.77940873532901,1.8463354023581409
2019-08-13,2.1157265646235994,1.4640621388156023,6.073735941031659,0.9793393345815053,-0.17021343135163325,-0.20332624579022673,3.8936310590733063,0.635064134857422,7.0683660142949325,-0.4214129734999913,1.417817581606697,1.1512223915591702,36.84152954569578,1.856280541201322
2019-08-14,2.102027351971055,1.496260992054025,6.245074964011384,1.0052041274125258,-0.16740107554007788,-0.22622274596059022,3.872114763875098,0.6278750921672569,7.069392903517279,-0.41883697340825976,1.516248100471648,1.1177681598604656,36.25094828652092,1.9254649610559964
2019-08-15,2.127007813836452,1.5077742873672322,6.244859615088643,1.0144525623140246,-0.15632633201203427,-0.22058683969434756,3.911349645858161,0.6409842840109956,6.961655010139466,-0.4268985469130533,1.5763340816098235,1.145937472278837,37.14047097536209,1.9253780060236454
2019-08-16,2.052100623335877,1.4430585332768722,6.260635786679587,0.9945605126028674,-0.17321176673806116,-0.21946315056801668,3.793698707504455,0.6016746533068587,7.010366802453518,-0.42814651407091087,1.5326362497719974,1.1029882983396826,37.375424425626946,1.9002010003177867
2019-08-19,2.101017697536483,1.4214400646861667,6.196386885327089,0.956754284280692,-0.16010035636484088,-0.22868784090094418,3.729691057941526,0.5802883634755436,6.7750238104733524,-0.4205108657412845,1.5544653684087728,1.136338002024781,38.28960599877399,1.930564950417669
2019-08-20,2.1681773935622037,1.4686866451772342,6.247437444807929,1.0080850691745558,-0.16679600592054866,-0.24332689637629734,3.8321234348993443,0.614513155616625,6.978983029045747,-0.43557545396159125,1.532024625730069,1.1193071928054925,39.26777505089991,1.903713601237567
2019-08-21,2.2055096657601294,1.4716758995902586,6.996421198277698,1.0072128514019103,-0.16643296289123322,-0.23497400457636874,3.8365495292331433,0.6335377988437021,6.073626743748709,-0.4381098980041226,1.5517072067980746,1.1218733947133064,39.549581286062896,1.906373324336648
2019-08-22,2.191928506057689,1.5326681401284916,6.844293125134332,1.0710018273963664,-0.170890026394794,-0.2478723517522291,3.8160579511646358,0.6266167971811447,6.0276062534247234,-0.43881302322356863,1.5487499081078044,1.1743207882988091,39.64159267196854,1.903415360059348
2019-08-23,2.103173992830598,1.542299399053376,6.568605440624637,1.0937477988977302,-0.19625265594332852,-0.23604637650794336,3.6821430222062137,0.5813872183334872,5.78062102929475,-0.44801106324016393,1.5371408293068045,1.184451704976225,37.257700375872666,1.9296949029216974
2019-08-26,2.063933020072206,1.4961452119611218,6.576275572336986,1.0722163157858526,-0.18992960689949245,-0.23276504978738355,3.622935305458853,0.5613898953027894,5.801184325093101,-0.43479504084353016,1.5197524156139584,1.2016367014388472,36.92357717340957,1.9326638971384908
2019-08-27,2.032609176006779,1.4883607991220167,6.5602968731489755,1.0570163556024372,-0.2000596830964141,-0.2554246588670931,3.5756731415394407,0.5454271659332532,5.731653027945351,-0.42606291335934676,1.5012697233884258,1.174104837870606,36.73712570264451,1.884021238675281
2019-08-28,2.0224744069896623,1.4526624598189666,6.394182934233862,1.1822768463614235,-0.21118468574102822,-0.3007650239951247,3.7603706378802784,0.542959558688378,5.743401210755507,-0.4251464992155318,1.6326543534739164,1.1668391306620602,37.972614465742865,1.978442203880657
2019-08-29,2.003731652989601,1.4819783244737352,6.575854466915428,1.256337222618627,-0.22246724013618424,-0.32449510457654196,3.817269776515495,0.5604782693849673,5.972253398668571,-0.4316733664405714,1.6468311227527592,1.1546995759595315,38.93015293423531,2.0417452838175754
2019-08-30,2.032607696588522,1.4820348792292242,6.576027091548275,1.3317638401741076,-0.2221768226712577,-0.3470764141845216,3.817379543595912,0.5605138266926604,5.97631175338258,-0.4405794980532891,1.6916955987831135,1.175413543146333,38.62227621180637,2.093303657603943
2019-09-02,2.0570306596739387,1.492180120917638,6.637040268491387,1.3836008783178468,-0.2361193010846857,-0.3454535615807882,3.8572280057180883,0.5730813512117305,6.1487406726255065,-0.45534981031620136,1.751534217523782,1.1364192610914312,39.933561438798314,2.1188908866185803
2019-09-03,2.005150802939279,1.4435903294604584,6.624316117760255,1.389879156179259,-0.2556731232238356,-0.34441292469103735,3.849135328567331,0.5759145435767379,6.323296584678944,-0.4461067319970867,1.7577187096576337,1.0817311896355672,40.54966081066226,2.113694470682551
2019-09-04,2.0503581874889347,1.4488289800069345,6.7671801051517715,1.3489075851397998,-0.25780092527191456,-0.31670404700828136,3.8410623525817718,0.6398981229360265,6.161112588326659,-0.4544391144990171,1.7025575056910922,1.086194074474618,40.850805907051324,2.051412869885008
2019-09-05,2.092362439591823,1.4147641789037468,6.691054931901981,1.3258862319014586,-0.24905271612978863,-0.309124530616267,3.817139298436122,0.6238256839001775,6.170362636612876,-0.4619516345256972,1.6656068018202248,1.1107837872565343,40.322896903965315,1.9737258148841437
2019-09-06,2.121541474431308,1.371667903450724,6.70050772495779,1.2379426779421592,-0.24747366474614096,-0.31000102471412927,3.731167854965716,0.5947511218024435,6.230295186189749,-0.46702857240351436,1.6916007087853502,1.1152222293834844,40.36303373496448,1.9744923392551135
2019-09-09,2.0438274503677016,1.3126227624428726,6.7318319469337995,1.256231182179799,-0.19225881396702793,-0.31292068185237676,3.784310495077982,0.6061769467836262,6.259706671698715,-0.4669849747834457,1.7096588920925577,1.2704216879122985,40.72947209257972,1.9991782639011944
2019-09-10,2.033746315413417,1.3073432656088344,6.664286295483795,1.261460315147902,-0.18592048634570846,-0.30831646400389834,3.7266689286834263,0.6025101982575967,6.252235791414422,-0.45787470279417863,1.7081466473335394,1.2882376378048792,40.59249527685672,1.9729773000105815
2019-09-11,2.0120486897593146,1.1762019002510522,6.605812584307538,1.2237705149745355,-0.17346924627665106,-0.26217514933091446,3.690607400824728,0.6949414329670227,6.184965612026548,-0.45889259034273866,1.6724574561191616,1.3063250598259768,40.514401737827896,1.9778720405227448
2019-09-12,2.0920149217423125,1.2264110311905942,6.6206942671630955,1.2531784842768108,-0.18185950512229065,-0.2719324198823593,3.6997851357432854,0.742540819917878,6.1077066526589086,-0.46988615192334604,1.6952860548622142,1.2829131490810295,40.89709993685966,2.0947781407491486
2019-09-16,2.0971999663288003,1.2301445320813555,6.721934417779863,1.274673071559108,-0.1859678507989715,-0.2696665722883278,3.788752069611512,0.744150673399183,6.206912892463395,-0.4599842575371903,1.7326501561831562,1.271449352306532,40.31231866400089,2.1133468095936436
2019-09-17,2.0789335387558268,1.2574790145807562,6.7175690214213795,1.3236536725426822,-0.20194929573360088,-0.28539286309247947,3.719456988433423,0.719898154031243,6.160334274085951,-0.46309292996009666,1.6771219408465097,1.226855237956975,40.57932213054065,2.1265769280796105
2019-09-18,2.116483113874122,1.2850104233523232,6.536512600700026,1.3100234649244018,-0.19683295814850577,-0.3121154247951844,3.6158145443951764,0.7175556271691097,6.003088526086575,-0.4578500173308693,1.6877262612345976,1.1952614770579078,39.66621230082415,2.2361517484012605
2019-09-19,2.125852281960537,1.2722343966733347,6.592665435404549,1.2997030892958477,-0.19030730071381308,-0.30886781393555707,3.6554992900185166,0.7195253010534779,6.044182269109355,-0.45947989759335517,1.672698556297929,1.2130977721651295,39.52816875658774,2.2458806795637423
2019-09-20,2.1420476136384514,1.2642589994182996,6.3996941423298965,1.3373651623853577,-0.1937475826358095,-0.3281157734416752,3.6510808251175817,0.7199699589882476,5.987427412313846,-0.45461193675389666,1.6633175554818855,1.1717247321833,39.073105254462035,2.242800062649886
2019-09-23,2.1750401001502264,1.2521689585110667,6.471131939745538,1.3205248022364016,-0.204402415307959,-0.31755535278351166,3.6666931064043453,0.7255483590499845,5.897011540910987,-0.4535305338793415,1.649096736130831,1.143024832334281,39.53943473981486,2.246705257977273
2019-09-24,2.1964487584066443,1.2673548818530094,6.422507941825797,1.358653756310873,-0.20708367425031038,-0.32054953693074284,3.6567959293865657,0.7218887960204765,6.03717950447366,-0.44589040300491434,1.666959063825317,1.1044655633792453,39.81278401317112,2.2987515178953446
2019-09-25,2.2812819170930587,1.2810517632026768,6.635316924024957,1.3455221408013744,-0.1895005575247749,-0.30349006674276924,3.7758817262150064,0.7712566653462072,6.468599923157323,-0.4605963691956507,1.6695389203661688,1.1511326106377076,40.04000591299393,2.3089720077729607
2019-09-26,2.320836378040017,1.236316521398967,6.676506879038154,1.3084314372644776,-0.2050054938958238,-0.29143879973421405,3.8334529535584396,0.7415250196427585,6.4548393151509735,-0.45856884021487665,1.636073186388677,1.1099812260645523,40.26140287845301,2.2135405996080304
2019-09-27,2.394636585864537,1.2633390468152599,6.527390344213806,1.283394718416364,-0.209882428867339,-0.29891196243403784,3.9408686139148177,0.7584289636062367,6.5356927955612365,-0.46472903207504523,1.6255148426152863,1.1354771792373892,39.93098266281924,2.200669308114454
2019-09-30,2.4570519228240872,1.2850770868539403,6.716969423540886,1.2714642603289663,-0.20605305969915788,-0.27674216708024046,3.888035858160575,0.7029615764898052,6.363917197405742,-0.45620864912077586,1.6380065965589874,1.1458269433336405,40.47060808936791,2.215897549373336
2019-10-08,2.5037220077776507,1.2015763034206,6.821148251808671,1.2991197573952573,-0.24390474871810153,-0.28554796483185807,3.914090340049598,0.6883672080995924,6.3766204249712795,-0.4517660311784465,1.6533157476505038,1.067414607963625,40.45400814295094,2.2214451780744757
2019-10-09,2.5628841167356664,1.1235500989367324,6.789588186553073,1.239143246808187,-0.25423384342603106,-0.28185710354829385,3.894260897260555,0.695003466332738,6.298652455349183,-0.4561331527800705,1.5955266353857667,1.0455211816530077,40.12379384626276,2.238087173197467
2019-10-10,2.5538484836110906,1.1765460689985305,6.908721464205035,1.222766215873679,-0.23026160635059767,-0.2532536627983877,4.040989457305427,0.7730775030233836,6.191465864847452,-0.46487938375015203,1.5768696414289893,1.1242774903111177,41.05791603570453,2.281356517673342
2019-10-11,2.5635851148524256,1.1533429921295402,6.691612333176259,1.2166764078586594,-0.2296679413527738,-0.24362418364269411,4.03625558119966,0.7714124471258608,6.114801218213277,-0.46953066073907657,1.643389809526619,1.110930165650041,41.12475678885907,2.272208036094399
2019-10-14,2.5726879429551466,1.151372419164757,6.604875969246393,1.2215251865202408,-0.230372889674627,-0.24527868716223677,3.979463002737198,0.7514366776735859,6.186549636159448,-0.4768187950013403,1.6202824016394124,1.071769537656734,41.23236034189888,2.289936229122905
2019-10-15,2.599139038313001,1.193960447034509,6.537566132006181,1.2555990989670778,-0.21513754477019653,-0.2523313109081248,3.935390378066751,0.7644037823617349,6.031094158175727,-0.4848433858009966,1.6129926395251846,1.112781766884663,41.50632979755381,2.1652936279700845
2019-10-16,2.58586369868872,1.1654217236939273,6.79671293902341,1.2639188231500715,-0.22534692320292493,-0.23404727497673372,3.9171863068292163,0.7660778143493301,6.233789241438815,-0.48960384157516024,1.6209074218700303,1.085299004191449,41.953682728354494,2.000085176056866
2019-10-17,2.5643863869708636,1.1460084891102111,6.687452084695366,1.298344210032643,-0.2322917698978244,-0.2510224434772492,3.842415056528491,0.7047106336230977,6.205382650254257,-0.4943079924166309,1.60628477315707,1.0907282148063007,42.12235887641612,1.9580428600249085
2019-10-18,2.5361200081451503,1.1872849680289557,6.7313768815111645,1.30996078389181,-0.21752561555297478,-0.24042237290306345,3.87008379450726,0.7144510609306969,6.066793811219412,-0.48740830371247057,1.6194577780678405,1.136954154378849,41.39487754827934,1.8773190308717873
2019-10-21,2.574486615998166,1.2114854669438686,6.793026104341589,1.3130771659136231,-0.20886818372834093,-0.22412819944810658,3.922923798445135,0.7330527122848369,6.186223979360494,-0.49819833286722726,1.564879559618375,1.1605977844728583,41.13478273786103,1.9091541859166368
2019-10-22,2.552586611487009,1.2203917210838258,6.710788082512232,1.341494606873745,-0.20568208048722014,-0.23081855155080544,3.8927622493959646,0.7224347225440884,6.077242975547568,-0.4936627926931477,1.6141061107842187,1.1755209950177243,41.36932404166396,1.8784545472598264
2019-10-23,2.585546965419821,1.2040054397897784,6.607767120060989,1.3311417430240713,-0.2115440717486925,-0.22712512199962165,3.9381565474343985,0.7384152078326525,6.046997166475643,-0.4852094418111852,1.6142037446197142,1.159465855446196,41.02396561317115,1.9174619753853728
2019-10-24,2.590566346204151,1.2311038673281773,6.638405725959288,1.320932236385631,-0.20184994148330748,-0.2244476559707187,3.9450694364087324,0.7408488024762416,6.1336405742601805,-0.48693499675483487,1.633923295257934,1.1832362370042455,41.19320787576755,1.9813931638186526
2019-10-25,2.6285753421997087,1.2083350639007882,6.420401213922121,1.3450443593835426,-0.20938944051825603,-0.22517881912700077,3.9974169232069965,0.7592770694353361,6.082180003373502,-0.475784179158121,1.6364064644273548,1.16261291269785,40.6177547102245,1.9598860255418322
2019-10-28,2.5733110985022574,1.2092532183709426,6.404197615711844,1.3545516709546481,-0.20864118124336783,-0.22905342567139286,3.8855340689599416,0.7324827748354965,6.100042183833446,-0.4813646707416347,1.6140388639355345,1.1646596791500712,40.6903991831185,1.9650525551071327
2019-10-29,2.5853160689440977,1.190176859395105,6.4843253125721585,1.3074539516356642,-0.23179459829048532,-0.21363230503277075,3.8232247689786947,0.7103869737611732,6.111167731839454,-0.4855181432654919,1.5658467825293303,1.1013265019256262,40.377808757104326,1.9597372490197054
2019-10-30,2.643487582335179,1.1865003104473644,7.016615161059651,1.2856844572361292,-0.22159358489655878,-0.14989965549957907,3.901481268222141,0.738137887999923,6.155958633210313,-0.48141395466687076,1.7142594680430516,1.130263572415107,40.415981785617504,2.1716913133416127
2019-10-31,2.5735323572251922,1.1274627165112272,7.125632341996571,1.3966225264241485,-0.26021541598096465,-0.13742068999029133,3.8020764285495696,0.7047655148328649,6.350480086545984,-0.4744562339904286,1.8489316247210996,1.1592328224853086,39.37021882424272,2.134167661024215
2019-11-01,2.6576007941740136,1.1442773542101903,7.099290163715942,1.2625777428102798,-0.29872686238837465,-0.12104220844478752,3.915046738903891,0.7448706427202574,6.37680730676243,-0.4853185138550107,1.9972403080242365,1.0468282375282856,40.31994051599515,2.2078999096955108
2019-11-04,2.732666006598722,1.148443369532203,7.151815899540075,1.2536963257952922,-0.2956349075367315,-0.09827251729044373,3.946921933069362,0.7806807523577177,6.420166103288153,-0.4832933113608474,1.9840252977594792,1.0558528246115153,39.471928311615166,2.242356384794777
2019-11-05,2.7565869040810274,1.2479605690544209,7.547999941209593,1.2314102916475846,-0.2628553103787259,-0.10133877032509142,4.187345852036617,0.867223101459591,6.437084852380209,-0.47968060573062843,1.8286147529585244,1.151527678643876,39.11642714041249,2.2741604955795083
2019-11-06,2.834677919513807,1.3232385395968849,7.725693686189437,1.2349828020640108,-0.24416345982662568,-0.10106119748793929,4.421927428610539,0.9516624566615715,6.431021988028249,-0.4796217445090385,1.8331433937498773,1.2060841780586387,39.645775287907696,2.3412116459651657
2019-11-07,2.815262758525814,1.337015222021726,7.751156550409961,1.2197077778734906,-0.24584392644262387,-0.10945893201869272,4.3944759460868035,0.9282881460639845,6.358549733646034,-0.4854913667687082,1.8414109250369894,1.2011793466350889,39.92678256638793,2.3014593665767156
2019-11-08,2.7234577466931507,1.323340546449994,7.870806177061679,1.2231877850437916,-0.24416000055293485,-0.12537804775059602,4.2646710127424825,0.8818885853337062,6.278095653041529,-0.47685546415123214,1.8802599336664674,1.200680542349434,40.584942304514016,2.3465983580164487
2019-11-11,2.7377323160883016,1.2643506780397322,7.7737083077230995,1.2140052965367238,-0.23267100772377847,-0.11605321073992092,4.22722819377235,0.8891031560453373,6.36176507622581,-0.471223314836274,1.8887517211953684,1.2341315412232867,40.597278010624755,2.2206252519606675
2019-11-12,2.7692231764749615,1.259932432814289,7.847627893190081,1.12558706882059,-0.20997189284684614,-0.1177779849628674,4.2712682424807,0.8854171011067122,6.3610107060853895,-0.4686393766190672,1.8238866070736952,1.300221587363691,40.947740259796355,2.175442294115374
2019-11-13,2.76988954486548,1.2569440810356851,7.979460544246793,1.1692044363938514,-0.22186287483171052,-0.12362723931813702,4.264297943900446,0.8829239780975053,6.429242772858082,-0.47025160466153904,1.8813785665481602,1.2971799604672531,41.17039129999494,2.240091632098519
2019-11-14,2.7688123763125065,1.2844099063575802,8.06463590391342,1.1486282818297924,-0.220729457374651,-0.11271183709752197,4.3283616878737705,0.905838175002686,6.558067018598536,-0.4757326293413645,1.9174021677249868,1.3251354353313882,41.60670589293579,2.2941908996208875
2019-11-15,2.726693434189152,1.2202096102215818,7.9111896238038835,1.166591722226996,-0.23595334616594288,-0.10354531706076153,4.178615183391725,0.8522771328788776,6.563886205817546,-0.4708372714072284,1.8850608221242608,1.2797114120224573,43.012296767379524,2.257672600039831
2019-11-18,2.7497768347145604,1.2136239611901347,7.884756999134185,1.1857603993447259,-0.23500338936511667,-0.10906021970447766,4.163254227421744,0.8467828556493966,6.738557200184,-0.47217593685142334,1.8240406138581062,1.2825458297231362,42.310721633364324,2.1928218406885227
2019-11-19,3.053157005298141,1.3372612539312332,8.421118175897217,1.3077446692248067,-0.20765971620241808,-0.13138120567136968,4.580993473603002,0.9499310129499736,6.948135812203191,-0.4732469359650153,1.89358309985044,1.4100326079168122,43.573659990905576,2.37100881910131
2019-11-20,3.034954512233325,1.311352275494016,8.368146489202953,1.289236387463244,-0.20493372270229815,-0.13710909094215418,4.555929555559548,0.8777032074412368,6.927590632447735,-0.46681164696691224,1.8706330077477928,1.4252489413268736,43.80464221203748,2.3345861209936394
2019-11-21,3.103157888332434,1.3524082538280453,8.26640819143039,1.2872685171888385,-0.1828601719889461,-0.13636733383079191,4.495592026019594,0.8589254138108833,6.81931650546543,-0.4599877600158564,1.8681653581002462,1.4925815109848837,43.10662707086305,2.39403466589254
2019-11-22,3.2416862555084975,1.3568738146024666,8.099395160581645,1.25920556687618,-0.14054467203778664,-0.12322624917658109,4.396542268917101,0.8254210870999759,6.700337332766725,-0.4539188246803848,1.8329752694298609,1.6216595820698179,41.39366449437822,2.376808413944004
2019-11-25,3.4712315901981645,1.4239053592110036,8.37075859039596,1.2763149436294494,-0.11999858107003902,-0.15813703033136006,4.559574964404956,0.8805681248512429,7.006944129776475,-0.45021600625160274,1.8544299090288558,1.6853512000923159,42.65793426138727,2.51126387572089
2019-11-26,3.6269552388752935,1.3449931459982412,8.190604386501652,1.2852437125627945,-0.07392806630256965,-0.1378709143252127,4.4621441698818805,0.8476114244322139,7.025841637775073,-0.4429089356276209,1.8656263145023053,1.7948121646278286,41.97825129290111,2.490426829993759
2019-11-27,3.5124974011419186,1.35982768851273,7.963254725388969,1.2727301686788381,-0.05840695422749265,-0.12481020641156804,4.497299378950407,0.801906722810031,7.195449306549861,-0.4482038287454967,1.8499347099507144,1.841653658530774,41.43242997433808,2.4391296317888203
2019-11-28,3.5896862600503585,1.3775218976488284,8.124937420306262,1.3424110507625349,-0.05736343080077999,-0.12479191951187174,4.591333841115832,0.8327293718730433,7.252860943465915,-0.44397445761256316,1.9373124229793364,1.8421521871535291,41.87968040854619,2.501165997380718
2019-11-29,3.4651129313768365,1.362216465053554,8.109712502985186,1.3002715167418337,-0.042498580063,-0.1271050863778339,4.58200472558063,0.7997589153463627,7.292219344102634,-0.438528975568383,1.9036447186610834,1.8405836704939524,42.084176237599294,2.4953243175551814
2019-12-02,3.4588380496427407,1.3309428192960926,7.999776405986658,1.2970389150258868,-0.053829458254219587,-0.11381627883410084,4.469401882903121,0.7972296905502048,7.1921487623090155,-0.4421973146836309,1.864041820575543,1.8602784672082975,42.95329064313535,2.4904122924727146
2019-12-03,3.4471463611860687,1.3596984821850904,7.938198463758326,1.2991490951757094,-0.05763162048657189,-0.13133515498496373,4.499452585964,0.8071042649404583,7.023072927819356,-0.44844956030920513,1.9101619736762174,1.8356967964930928,43.55969668303172,2.575597344085114
2019-12-04,3.519922018745963,1.3346237971726707,8.003561556225383,1.3278071602554373,-0.0538345117459994,-0.135685419993833,4.481230465240944,0.8011165286048567,6.9644019484517194,-0.44744782294164276,1.8961893275610362,1.8471227412994509,42.68285021153136,2.5405231672238497
2019-12-05,3.50599018747456,1.3462791709410542,7.895981801958532,1.3774046268684916,0.009806361661093277,-0.1332099730128653,4.443102047578205,0.7885876404843151,7.158644436291507,-0.45477933902948553,1.9578970394073347,2.012425335954125,42.548205831367945,2.6159593900249947
2019-12-06,3.622464819574719,1.380803877583903,8.173495278063585,1.4494604563512583,0.02078251776610518,-0.13004784454106666,4.468531330971261,0.8170452282299259,7.127273652960531,-0.4552300942706329,2.0475467869893667,2.0451690896058,43.02155589475238,2.725554092701857
2019-12-09,3.6917543738089567,1.3878340428799945,8.075264566827032,1.423231387116485,0.014422564789789538,-0.12707773176703085,4.550503203776952,0.8442822670829513,7.05313791827488,-0.44547296719491003,2.0149133490969966,2.0085147296461168,43.62849103316363,2.685660484302507
2019-12-10,3.7247570712227285,1.3811484797993292,7.998404224151308,1.3881124154923459,0.023974752723254333,-0.12131702695077862,4.5895465046690465,0.8572553012097806,7.075685449042549,-0.4475507862845076,2.0361208261005745,1.978928889509577,43.38394609397573,2.6752203649690003
2019-12-11,3.7697799805337073,1.3337040644546398,7.906313010061989,1.3623722816726676,-0.006185564884851558,-0.13527722154907384,4.6428101204646595,0.874953361815479,7.015584879654096,-0.4452604816063559,2.005048644185582,1.9500605613114343,43.14500871220412,2.6376075286232643
2019-12-12,3.7342229414576327,1.2175211676970958,8.103576756652886,1.2851856939190451,-0.04825383950351714,-0.096601913117914,4.600744947485804,0.9244372687275473,7.262772780815226,-0.432631764086012,1.8572461314927033,1.8251841724707298,44.122765703455045,2.5458718387771233
2019-12-13,3.7851284318309695,1.3121116715174899,8.159505818064495,1.3004217289016347,-0.01788999224921728,-0.09961634282137344,4.660967854504199,0.9572075626664551,7.317863225095834,-0.44829029772915685,1.9393458447858598,1.8556619547048827,44.75096950820572,2.6367435172013973
2019-12-16,3.8396150858091413,1.2810642446117808,8.122168318581275,1.336535388129001,-0.04226088923665827,-0.11008091348313254,4.750174069458583,0.9880494757514502,7.2638338363079935,-0.4360127122821408,1.9074038530411594,1.8483482380695264,45.88627223006025,2.6790110097430775
2019-12-17,3.760956476561055,1.327623327819678,8.258081943700516,1.326131432173674,-0.007146156209706711,-0.11680356351789256,4.656716080089909,0.9472984104910449,7.3146622023677015,-0.44103672800704274,1.8889265535652773,1.9245882105778906,44.72049894824046,2.706803090919059
2019-12-18,3.6946777291645088,1.2874201136723462,8.091251582488804,1.3355509715293268,-0.024952998878635668,-0.115251038569959,4.577967186246403,0.9123039909463107,7.278938224640603,-0.44918870523720655,1.8908413124259766,1.8721356945677248,44.46064924592225,2.7002870951133557
2019-12-19,3.725817372900809,1.3028220793973744,8.105702026988531,1.3421673952550464,-0.024855135707033682,-0.12598282889289547,4.6149656600443905,0.9396276042176248,7.333852150942425,-0.4470955950208171,1.9024845612833192,1.8799068366439111,44.22680667140481,2.7451706801420834
2019-12-20,3.7126378183390853,1.319506431925082,8.18361073835543,1.346256096758423,-0.023413888999016863,-0.1613110249005585,4.606666840997608,0.9308322994432205,7.291845946844241,-0.4496027581186861,1.9031210118230169,1.8647593661121542,44.15996225821443,2.7459919130721158
2019-12-23,3.6280440797489844,1.2561347990450145,8.070611980784918,1.2739726449263813,-0.020548953753701027,-0.12820278494141124,4.537680207614019,0.923929738167915,7.262203302710937,-0.442525972496685,1.829150328602613,1.8536868619060343,43.009299489131266,2.6923193206669582
2019-12-24,3.6396238152784486,1.2851779563939312,8.18737770379066,1.2917205401227414,0.05225364665941812,-0.15698670468819476,4.608966603128061,0.9336805481557551,6.647811391590732,-0.44548209969827557,1.8361392698713015,1.885531544774755,43.1194142676726,2.7298265302770592
2019-12-25,3.5709729953288054,1.2698515822833278,8.047376728373271,1.308582532164448,0.12052898128997813,-0.15133273051606944,4.52597277179482,0.9218833259019275,6.1515841904686885,-0.44565857322031965,1.8188362229221084,1.9494588287575967,42.82351142705791,2.757269800156339
2019-12-26,3.62504845629194,1.3071240662654162,8.154408878332127,1.289613102417046,0.11241593108696923,-0.14870825841823576,4.616712947597412,0.9298862634814158,6.136567853440723,-0.44589492885850335,1.8563048129894724,1.9281036403162672,43.90321698154588,2.8017190009313047
2019-12-27,3.623036084381967,1.3089522152878135,8.081544273343606,1.2992917345105468,0.11040528585384024,-0.14186224691253146,4.6211635917714196,0.9232574938922935,6.132642348570843,-0.44749337961259095,1.8550620265351685,1.900866544426079,44.17635414052099,2.8000648620397057
2019-12-30,3.7615403841608224,1.3010751594227377,8.266977692789252,1.368177589144378,0.15221781352475983,-0.1781277367626367,4.601986833003549,0.9166962464909794,6.278281704672485,-0.4496562503703796,1.925340819468401,1.9163690438993441,45.098797017439324,2.9139132753387345
2019-12-31,3.598460468740427,1.2261324157972533,7.924524468061579,1.2720350912185423,0.1141131197550187,-0.15021436940100563,4.419538093204696,0.8542721771073716,6.0837880482889455,-0.44660141915118956,1.8065787912500193,1.8978551475077872,48.20217454523195,2.7692779619844
2020-01-02,3.5594753700580926,1.2536843381266825,7.783423774278445,1.397203958762081,0.12038523015373137,-0.1477621357087363,4.373592014334928,0.8385519193602742,6.06376724767667,-0.44816548100210374,1.961196248669689,1.9141691708168773,50.551996359162,2.9492930052157575
2020-01-03,3.602676849987988,1.2750382200538173,7.861401403448236,1.4476000026555043,0.1354723636202917,-0.14892300174409,4.424507329961643,0.8559723805751578,6.126478080847906,-0.4456903658894743,2.023449014263344,1.9534114403871543,51.040456621647856,3.0299595333867373
2020-01-06,3.5215269089842254,1.2349269492964203,7.786039172120979,1.5094595759028873,0.15332836336973688,-0.15512685499776768,4.32886766979258,0.9028794157511453,6.1128991618729085,-0.4528764652208195,1.9753739876954377,1.9998556477753642,51.51540289152692,3.1685903217046345
2020-01-07,3.604506919124616,1.275942797404535,7.745908657790622,1.5941834485667163,0.14772442406049402,-0.1556713766025184,4.304527896636804,0.9409153432143595,5.869317710903636,-0.45669247909117894,2.007633166511534,1.9852795656113007,52.35002079371243,3.131981933461752
2020-01-08,3.510328033363738,1.2293915031009517,7.857976269961863,1.5686004131040021,0.168193842869383,-0.13358101868398753,4.196031040064,0.9012165768554912,5.851328028038118,-0.4536215563035345,2.081237038377896,2.003717091675718,52.23650080670069,3.1505150341075376
2020-01-09,3.504090677090609,1.2661241298882775,7.816904809720294,1.6742988756822559,0.22316204355752567,-0.09767284382041919,4.188845421509567,0.8957198064548311,5.8802868609519,-0.45266786461559627,2.1320051201690897,2.0914093367735855,53.03335780966455,3.1375306314119955
2020-01-10,3.439603171676964,1.2832251591685226,7.699738845124633,1.636009490412894,0.21127226291435286,-0.09710943994891619,4.1603936617128845,0.8705279909005217,5.740912173075318,-0.45371750513582565,2.1556404147054615,2.0933395812273967,53.06709568707607,3.078291364682878
2020-01-13,3.489796298185963,1.3090387746722225,7.001503614552329,1.678618621534246,0.2449384909719765,-0.0780555433802782,4.243807583767952,0.8859402133353298,5.553554554574967,-0.4623537687341561,2.2066489928957327,1.8111960827663989,50.106675635813666,2.984753232786868
2020-01-14,3.5969513961085084,1.3641471269391006,7.118811965234848,1.714163170479098,0.2317463389628962,-0.07368542671238265,4.3295575852431085,0.8926341066817052,5.660722352734052,-0.46144416091147533,2.2492003629043746,1.80927639174535,49.428503790467,3.0431728564142224
2020-01-15,3.5732602563138167,1.3519631086075283,7.181558065235853,1.7236638480365514,0.2424059592121135,-0.08084443311587841,4.285376218637641,0.8953168491781134,5.596064456066177,-0.4601536966079406,2.2605738887495677,1.8251464471416368,49.76657147530689,3.0096554585136674
2020-01-16,3.579413818861294,1.355127798847537,7.065763658524819,1.703973882281669,0.2317526102785319,-0.06783553277026655,4.218937562495338,0.9109681672880099,5.528167723215019,-0.4582182412744631,2.203318682817187,1.794893079851588,49.128421484417316,2.959252968844547
2020-01-17,3.5601890522201023,1.357192343975162,7.160874154473042,1.775506001672162,0.2695089395465058,-0.07882750185552823,4.320824561695426,0.9482751497533788,5.633611460041235,-0.4710696514895404,2.288060690114877,1.8066851905130816,53.274179799043175,3.0059399943257956
2020-01-20,3.6555040792862687,1.4064613215314261,6.644849525754253,1.8237508011433432,0.26504127367333163,-0.028248281138622877,3.9843806382927145,0.8250827145113178,6.113775611181107,-0.4754725215343444,2.0685801847107785,1.8224946140636593,54.76949024377415,2.7526382451365023
2020-01-21,3.63096660476259,1.393777736174468,6.475620643947161,1.8867700203772055,0.2999414783199883,-0.01828794127282496,4.024776013412963,0.8479574481339391,6.1452835224727655,-0.46584520073236046,2.178105748574228,1.9861855805747517,53.781969528310384,2.783051096923601
2020-01-22,3.7051791850914855,1.432138717303693,7.011347045917315,1.9833282489833803,0.32259067812650266,0.0842816820088752,4.105299503508231,0.8339396644782588,6.657336931128587,-0.4691788101194465,1.8815947965362962,2.0381880458783606,55.614346163744585,3.054156393614263
2020-01-23,3.699147959309996,1.4875628855647163,7.474440657702422,2.04666381285771,0.32052954099149056,0.07995978310888696,4.01453266381875,0.8287308431095861,6.551379406935372,-0.47197506088034225,1.9624408948306828,2.0815706841263864,57.52421088078841,3.288505737900538
2020-02-03,3.3308998168459123,1.4619379831718389,6.550007272690384,1.8247756492624703,0.2743395337232575,0.19434388638252287,3.467522944604527,0.6854225791704431,5.727638052357751,-0.4360357471888422,1.6713937119503015,2.4692199829000487,64.33045943489962,2.8206945824436094
2020-02-04,3.481264521707038,1.5759948206786776,6.89978454513299,1.733895814649884,0.3474219654514823,0.27200922746098266,3.6744946644584733,0.7439388412408519,6.039316545231076,-0.4593248016586309,1.7641419499729971,2.5249148225338742,64.90702601900459,2.9976999920565666
2020-02-05,3.7856646993820666,1.5475831130976627,7.436395541311567,1.451362768921853,0.34291553747338366,0.40000090566366486,3.992020443066183,0.723620087115787,5.938134159811846,-0.46014416168642613,1.7319367376569983,2.507784018012357,58.27874814571359,2.999746426140606
2020-02-06,3.897713389516622,1.607230699956049,7.505945940438526,1.4094234261921939,0.3598686622529206,0.43228517633751085,4.033175105927239,0.7639758966391472,5.880935561471081,-0.4654839097533887,1.8046935181792794,2.6107900866466074,60.01946843199557,3.1171989696196345
2020-02-07,3.9125223553177673,1.615114050246409,7.531664934695717,1.73468940265212,0.49015456442187855,0.3592012334641128,4.139053593382749,0.7881476193622541,5.838251833244871,-0.4421523167381105,1.7799764843373609,2.9249106623903907,56.71186853452778,3.17361685609933
2020-02-10,3.8024851832871267,1.5565372675239422,7.342017938920485,1.6800242025585166,0.5223838517761961,0.414377364785794,4.093680754162606,0.7483995951945914,5.522880022519224,-0.44466323385380535,1.6671246535749265,3.0097992213347977,55.55823447350567,3.0808431824571247
2020-02-11,3.8480743670544104,1.5808060456354625,7.507542946074329,1.7637855103449378,0.437491005131579,0.34104672649094625,4.142034208486947,0.7649968583618698,5.055021115146071,-0.47087975910519453,1.6924432191345304,2.9754963299638955,55.70217813762466,3.119581940135741
2020-02-12,3.897197362726639,1.606956000155991,7.560251775220555,1.801782945145629,0.4630772198695148,0.3504724093523883,4.194135745106614,0.7828806461238729,4.988624561334065,-0.47351313251930405,1.719724334601748,3.0462570529355304,56.32394793006278,3.11615007871169
2020-02-13,3.800590570506145,1.555528696336891,7.7176848982788915,1.796346987766671,0.45895846230228887,0.3349468384613514,4.091671262765806,0.7477098397673714,5.098762427867832,-0.4624592490411481,1.6872039912716592,3.034866299508855,57.17075757155161,3.1106518242197545
2020-02-14,3.762020767553804,1.5204296139334992,7.945787116658449,1.7052547284033341,0.43475539759820037,0.2708309201335233,3.9868323224392563,0.7019802112953186,5.067043667697154,-0.4612489194523467,1.6582216329033677,2.9034287171704807,57.638123955785154,3.2072018094021164
2020-02-17,3.8574646336439313,1.563193623000827,7.766489177965978,1.8169077001653542,0.45770729323894943,0.2846298377394567,4.190106619542006,0.7108863380971662,5.099652313109868,-0.4657251847629591,1.67348839130766,2.9658721752732182,57.974895751121174,3.2965203010977877
2020-02-18,3.962826778545735,1.5507671466083952,7.823060271493553,1.8516037139311519,0.4920330925618748,0.3187347425303222,4.176824654933133,0.7036735725594983,5.244055574121383,-0.46231507000300986,1.7305119130871476,3.059259738784905,56.5787231781415,3.388161888082882
2020-02-19,4.0049467373068435,1.5184607797079228,8.127470363770529,1.7556154419914298,0.4604279345101041,0.2875128350276519,4.399369798855406,0.724271027845462,5.3769142935841305,-0.462415515534487,1.6385997309113365,2.974032329752229,54.94557541280247,3.3918500978731325
2020-02-20,4.217087421770142,1.556634240258611,7.89291539154714,1.8331541060085308,0.451715403410234,0.3197616552858489,4.265581083212852,0.733020986589995,5.55635058478111,-0.47260096823629794,1.7128457577309897,2.9503242922334376,53.507902940147005,3.2789896626527897
2020-02-21,4.297440568667857,1.5858990128518462,8.07231992996778,1.9354403339474149,0.49544286887939637,0.3331993581628858,4.24475778235046,0.7403533398898654,5.577539066268083,-0.4697189782885265,1.8107884566296533,3.0693129512191115,53.468501513932054,3.3653134531686186
2020-02-24,4.24274549754902,1.5991840010871652,8.174299366676209,1.979274483935615,0.48249736970958335,0.3142900093874419,4.303712652598092,0.7336808664141943,5.49843582909214,-0.47950366683665513,1.8527612132781663,3.0340864049377467,54.2895978045604,3.5280689759232207
2020-02-25,4.152814587078632,1.5498355357533082,7.627864624111737,1.792786283640381,0.47409133153695393,0.3965582192614425,3.9878157386075532,0.7265882650316635,5.629620429057268,-0.4818298801174552,1.7951722259583955,3.0112123783091294,50.82873589162946,3.244633717209793
2020-02-26,4.433707481320335,1.4945690159424556,7.671975024613401,1.6206670034735797,0.4032696189931262,0.389418243721799,4.013316202446963,0.7354155361109036,5.632723674373044,-0.48602131180411656,1.8094626873564086,2.81849641564713,54.287915385518176,3.2663346248394456
2020-02-27,4.623137603018673,1.600563825888318,7.612579961008125,1.7403838364046011,0.4205806278996451,0.32594709247118847,3.9789795912514094,0.8146924726797669,5.8993240361055,-0.4848414603900909,1.9378040503462053,2.865602135436181,52.31189882142629,3.4085982067728393
2020-02-28,4.985488580418372,1.528555429569666,8.139777621037469,1.5389747492501198,0.387138472935868,0.2795758818029692,4.51904359618046,0.87815615643191,6.406401379664103,-0.47337096594652195,2.0405453522383183,2.7746012706470427,56.23014586895784,3.6665599686277144
2020-03-02,4.959174165602096,1.572164377192962,7.814557127096627,1.614635280502584,0.3895547981700176,0.28697610106485194,4.322659596607053,0.8113257697180281,6.534136514937704,-0.47906440719469034,2.0229608520908493,2.8219840424547105,55.243121260168564,3.639571677071366
2020-03-03,4.740243098307224,1.5573678899052172,7.696979780066435,1.5618793620178817,0.3638480628166394,0.3602251858731469,4.127113114166775,0.7436173920831273,6.32817994896747,-0.47124194531893426,1.8509070620913723,2.693885821013766,56.34183566108574,3.733434088451265
2020-03-04,5.061459651131205,1.4858173136740467,7.562990812472039,1.408808818512557,0.34547493620156255,0.3653812766320932,4.4140197089339805,0.7734320852045373,6.3405862143031255,-0.4682145622851047,1.9306768438730129,2.6229743145885314,56.613570008795854,3.603799798595599
2020-03-05,4.90333030559191,1.599767000304432,7.590281315825154,1.453734670667599,0.3280056414104333,0.3399160272117949,4.251470590218733,0.8127530942493626,6.72127943861693,-0.4867320856953511,2.082665906400731,2.648781127884626,55.110566335749375,3.722456993705931
2020-03-06,4.767379124863849,1.6415139642624514,7.6060671734957115,1.4323508381197687,0.3182672329552667,0.3515931414069722,4.14018178132183,0.7973025334822428,6.610751150963896,-0.4869661044639553,2.1267935392301793,2.6220242227339035,55.8418336024352,3.7285118959175962
2020-03-09,4.86164511891129,1.5124390045964922,7.780407501965177,1.446140620684372,0.2783689216135554,0.34393052331598195,4.224196432467602,0.7452244036460456,6.350022775940003,-0.47028575977678033,1.9740251971612475,2.5124010397303396,55.519578887504,3.8243013314968213
2020-03-10,4.758947239813191,1.562540830063762,8.139899866953632,1.3674673244840405,0.27115358952546353,0.38715430335521916,4.227466009541136,0.7463166569278843,6.788713609252825,-0.47857434850904423,1.895159869785774,2.6605025745084583,56.64666458857959,3.8666603723806823
2020-03-11,4.726791985263381,1.550777900641143,8.371859376200415,1.3979763493344972,0.3093274827097232,0.3692783543717604,4.251582645339125,0.7543731957415702,6.805420768201603,-0.47204052994851964,1.8750467566212525,2.7245621905491264,57.47103049915311,4.052885845799725
2020-03-12,4.646637308553467,1.5578222450729302,8.352799719516293,1.4028531410276193,0.28204170824202235,0.36649363745575547,4.047923507809232,0.7521577129805741,6.783864962691284,-0.46364213040918023,1.8695529880861552,2.6469440505006756,57.39719127246919,3.937930778572201
2020-03-13,4.683852928213095,1.6262960815520895,8.344663148361096,1.4049435295897372,0.29371767833147344,0.37969610295362677,4.0991078341975635,0.7637057603345616,6.493512085111009,-0.46466245246621174,1.9463719705048854,2.683922894239499,59.575516899884065,4.122124931184392
2020-03-16,4.491472096354952,1.526055274873885,8.91886664905517,1.1598929211279096,0.20921473171213445,0.2935485613452773,4.41243379601421,0.5979046958665784,7.247416603020332,-0.44861506783833727,1.7653256264098047,2.4480375713496514,63.29771354924823,3.6002083807286915
2020-03-17,4.522969700033261,1.6034130086833627,8.752480426057835,1.1961245227756025,0.221368943087342,0.27897353546399417,4.443478057307115,0.6020300567537735,7.488822608121298,-0.4361829342232909,1.811713192914683,2.413853564970544,62.86541460322954,3.5856993283593166
2020-03-18,4.513275496862306,1.6490445043620512,8.735362366063699,1.2516851127469,0.17498074800278562,0.3127124627751663,4.433923381994692,0.6137522954080923,7.5995679109372425,-0.451231059943076,1.8166484578954782,2.4388331251546838,64.4327880890561,3.698240734156119
2020-03-19,4.366224289316176,1.414584065462296,8.767125296402673,1.079879141453842,0.18068640278589165,0.3255752363862665,4.288988670226664,0.616731922161478,7.8569945866986295,-0.4509008677010733,1.8917746795403425,2.4451825749489897,65.06330767439343,3.871699291098312
2020-03-20,4.467467394741189,1.5254123863685822,8.951399013409201,1.1536450992320773,0.17815582443782807,0.3545903775158714,4.388774592070735,0.6154090235459388,8.17112086245318,-0.4561737699155285,1.837216347096248,2.442363537855576,60.584990570008564,3.8882484946712257
2020-03-23,4.735770588735698,1.3303873104673611,9.439740680079145,0.8970197358978458,0.08836076448413177,0.37726426126595736,4.653216120548743,0.4956297448104181,8.621172201080748,-0.4375297467019489,1.4991375818479655,2.179998209048876,60.71238943525878,4.171188736270879
2020-03-24,4.839602863960559,1.3343555792570472,9.48539990471045,0.856760278112604,0.073418673131872,0.3820929961150079,4.755553946487459,0.5172353775620091,8.366871657350982,-0.44270240657955806,1.453896731083669,2.2259359644952523,60.414147233529,4.146197535502618
2020-03-25,5.291731405531135,1.3652285225576972,9.682809922566026,0.961675986161246,0.1340533270921591,0.3855722786391649,4.538798119036099,0.5458005697051407,8.719630755015054,-0.4500632912002882,1.4401083906936618,2.3302217747026877,60.41520917042978,4.436981954234507
2020-03-26,5.508705607465078,1.359849182634325,10.075893357831902,0.9362529278121663,0.13267444864995315,0.36925035959427555,4.74260309241448,0.6026796682363342,8.829679466869354,-0.4552709931057217,1.415948901676893,2.320035038835998,61.05131116652805,4.366519395463072
2020-03-27,5.513948828766632,1.3621955054222052,10.033378872018996,0.9920614935624339,0.11857967979889938,0.3920225391633789,4.717473280023035,0.6097799509771897,9.113000052187044,-0.4490341035926487,1.466984908057238,2.3928440450903867,60.57361837254392,4.521198438799729
2020-03-30,5.342201076017834,1.3309439105257583,9.731812320750656,1.0573701491721939,0.13000730251498172,0.3988730426889291,4.566725521166111,0.557370567428106,9.329571771980294,-0.43833902114048606,1.5320298025078833,2.4275059850326266,59.50446243656675,4.702207935021596
2020-03-31,5.1581989460346,1.3105182616993098,9.70831055556183,1.073577818894774,0.1211027394957016,0.44936028822831986,4.554534861083832,0.5539600570414389,8.675900769087324,-0.43226079073537815,1.5855372952230793,2.4004969179454005,58.97427254371617,4.747129118959981
2020-04-01,5.270156675109306,1.3179612642207932,9.688830270184559,1.1025984803271607,0.1609792371765404,0.43578081099456845,4.572427996862949,0.5589659160361813,8.643067823822225,-0.4420294047782015,1.6384072346843026,2.5214491756511888,58.790774408770815,4.765642669461958
2020-04-02,5.228689948164564,1.2680578177603214,10.022169336914654,1.1655464808508151,0.1732363195667146,0.48320310237789577,4.540757495987169,0.5336468015123383,8.456178846487862,-0.43731090942314044,1.667229525637917,2.55862700906683,60.731173402793495,4.657502713412709
2020-04-03,5.239248945243634,1.2893987919160899,10.078750949136879,1.0880704640882621,0.14748306940766231,0.49369827665810617,4.4879601268615135,0.5190328220435616,8.304324226444818,-0.43207298248525583,1.6055237263227977,2.4805129837346587,61.72250024147467,4.70949060044146
2020-04-07,5.304467575333288,1.2562967197683,10.010830305850087,1.1427800194801292,0.16496354834307403,0.4960401052701693,4.666388283787654,0.5349112139116126,8.24066158435765,-0.4402383547730486,1.5678508513846001,2.5335342748705765,61.293336340206466,4.626937936200398
2020-04-08,5.3769816928962095,1.2683531323018142,10.054306879220922,1.1299732261167699,0.16359477647209109,0.5081961292748067,4.8180459190825236,0.5525657947123312,8.146971166130008,-0.4368963391532409,1.5401894569535002,2.529382554992752,62.37832719361833,4.6792233300733805
2020-04-09,5.424616196225806,1.3279784989241876,9.737620667435275,1.095036302390663,0.14744570374667942,0.5406344667860619,4.769407469112385,0.5623799153081741,8.081008709598862,-0.4438330371728276,1.5650700413421377,2.4803996472753553,62.0547479533237,4.665806345401188
2020-04-10,5.4764765352193265,1.40699769646888,10.02638719836144,1.0777412215493491,0.1325690137978055,0.557437633319112,4.850819912133632,0.5825473308426523,8.281188839196211,-0.4549405685818775,1.5438947072068672,2.362619196760817,60.35984713599279,4.698984131492567
2020-04-13,5.373481371667489,1.4544413212013194,9.6413043203075,0.9539494985573853,0.08877191684194918,0.6085744137727136,4.861869654434503,0.5855360983055642,8.61941715319684,-0.44641941254357176,1.3923295817479575,2.202794706962394,61.55275544194213,4.370201916710485
2020-04-14,5.206707668149553,1.2401244092125463,9.363772656749813,1.0858259582075505,0.14496672707842695,0.5586660349595995,4.9828213281457145,0.6182514700427242,9.666726476793963,-0.44956224166698344,1.553793302171751,2.368100624574773,63.833791103211695,4.73264895892175
2020-04-15,4.93438538707044,1.2020908011821372,9.122724197100379,1.1031136422156442,0.1537873794156266,0.5838648841417755,4.886097457252001,0.6394235019007335,9.727169268216633,-0.4533560991986806,1.5749595799506846,2.394047967797476,62.24827395067651,4.780162138696506
2020-04-16,4.822598424339609,1.1353459889893438,8.815907000892024,1.140811158125762,0.1963783435783868,0.5792261257431064,4.707691340155529,0.6420761802193482,9.623259635029777,-0.4471679164686122,1.6211147556790095,2.5193360216816902,61.66951590012871,4.883769356971698
2020-04-17,5.065595768783461,1.1940339452453057,9.011315851799996,1.3523677262830143,0.31815447501550076,0.4351311106428728,5.228484313650809,0.6920783962264583,10.592569053465986,-0.4640019888395449,1.8801352864498098,2.828736251718637,63.003908374474435,5.420628404905815
2020-04-20,4.845474584372236,1.244040705597019,8.73429347821918,1.2884419816814812,0.2809029500739584,0.4741308910869073,5.059224850922917,0.7296471322401608,10.705272894899132,-0.4634202705804381,1.800439277943322,2.7116009560494994,62.274101161066966,5.246147414111957
2020-04-21,4.851274723177782,1.2040420727412058,8.664075672181978,1.26643017113134,0.2649395991612722,0.4726681931207395,5.015516956120907,0.7080912726604192,10.991033194677462,-0.45620068651749346,1.7735027248925124,2.7201131346599494,64.48599541034687,5.252345118246811
2020-04-22,4.946331532760093,1.1781398359574742,8.624014559819747,1.306019284338646,0.2758670325850239,0.4487439805971174,4.990580448081162,0.6880175249131044,10.885165466089171,-0.4520641206454792,1.8185596283654952,2.752250075138985,64.21453211584495,5.353917511864538
2020-04-23,4.98762873648127,1.1707407497351414,8.608962417266346,1.294579143252482,0.2563424976299742,0.45593118655342635,5.032184960007472,0.6822833718502683,11.0247175960316,-0.44639738790415784,1.8045767792075296,2.6948295635330806,63.34566890551888,5.322395783803003
2020-04-24,4.770282410183334,1.09194452704592,8.531191101043651,1.2961897201812476,0.23332413252826578,0.4549092609485377,4.813221277002343,0.6212177769786276,10.863644805033395,-0.4358658550808425,1.6981714731921675,2.6748345523891612,62.18889434628092,5.09289767069543
2020-04-27,4.801242703307522,1.0618845146242428,8.648369154168707,1.2895934099005109,0.2557359374811614,0.4590888079742843,4.884689988982076,0.6299163768088234,10.882094653019514,-0.44773782651259375,1.7370175280388813,2.7416131656102234,61.968673824055166,5.167804770907081
2020-04-28,4.897386894176944,1.0571030860199015,8.96467369144599,1.3975425921072184,0.31044491364080007,0.39029605075079643,5.051895655027652,0.6439711543888991,11.494227969653547,-0.44576045714877466,1.7404703574428821,2.934370936315619,62.19413255086555,5.3430547682203615
2020-04-29,4.761356038284679,1.0915993625133766,9.027887703384732,1.3494409319248692,0.32869625626069165,0.41818942307553963,4.9123008547378895,0.6619302245658958,11.481258729125642,-0.4645993327908323,1.6932763169964593,2.8877063484176975,63.534350749158335,5.017763726981541
2020-04-30,4.882474115097388,1.0831840191898636,9.436968075133093,1.3988320414777031,0.377553573769003,0.38837554343720115,5.0365921681553445,0.6842540499088698,11.990422584149151,-0.4730310235113758,1.7526509542132604,2.8837291837858756,62.51803956448176,5.14427213307239
2020-05-06,4.8595903902771,1.097425870440091,9.396366671588197,1.4188884323208049,0.3816124327451429,0.37676747665524046,5.087063501617419,0.6777020438224084,12.040957316627104,-0.47017776429808256,1.8237270163802872,2.8951723024846108,62.27094466698153,5.195643767774821
2020-05-07,5.047263509913283,1.1546338198590682,9.729345333266684,1.4963614821262627,0.42830962742339507,0.3326718607251131,5.282022213862502,0.734406787566509,12.458637901726496,-0.47111591346519355,1.8427031704415082,2.9568983777258993,63.273587628015704,5.394080128784313
2020-05-08,4.9706178681417175,1.146426488349936,9.657934705775675,1.4647215134730485,0.4237353533179513,0.3495627221649591,5.202401138409876,0.7329654935179661,11.874073975735223,-0.47612542691979265,1.844427483047994,2.944226098942933,63.220176202281635,5.35152345267393
2020-05-11,4.8867769001610615,1.1149180495221236,9.599606843629624,1.4301112533532456,0.39965076927771204,0.36851363268640824,5.168457151271389,0.6679993787355012,11.984398903161214,-0.4746196985264909,1.8380645306457644,2.853047502833552,62.46203961046637,5.316763361287349
2020-05-12,5.170007166777368,1.104466107649484,9.505824809340515,1.5470311009825477,0.4492887336227256,0.35120409009435005,5.4652398887857085,0.6723785891044596,12.058298679759083,-0.46797446497661954,1.9527409083947935,2.8178867628706556,63.522038774999274,5.516113171140976
2020-05-13,5.116968022633234,1.0721882212930045,9.09237673898209,1.5486465209542297,0.4544668688919553,0.3551747977763027,5.469340379601872,0.6271955471659625,11.858013068476419,-0.46953789857958084,2.0085792564793548,2.83152761554694,63.396693077518435,5.382901063965734
2020-05-14,4.915262573477421,1.0444441673198779,9.047843218491192,1.464605556648653,0.3884597113207251,0.3383602908110752,5.331582832767969,0.5925461928819595,12.282002746308981,-0.46295612129611985,1.8738827749500109,2.65764380116305,62.352910218805704,5.068968391281607
2020-05-15,4.904185302740571,1.0432520715954934,8.897884204398155,1.4696774707127687,0.393107538169873,0.3400861984812775,5.763277556514699,0.7203375913338037,12.353827367414643,-0.4636486763247277,1.8894237701866095,2.92201195477997,61.97881212540613,5.015760496848114
2020-05-18,4.762598632757725,1.0566919035371827,9.281434923471462,1.560583610886332,0.4523923618661154,0.34778754129458744,5.683678660272003,0.8046691642142165,12.033592847065085,-0.4667310343228006,1.9957803148724231,2.850498662163549,63.70209395400083,5.084267352866471
2020-05-19,4.789166955520116,1.0790460873820216,9.199561504688452,1.6010654076773356,0.48521320419775016,0.34157359916634533,5.705306328520496,0.8105088803295217,12.239648706693481,-0.4703509610013532,2.043142396478177,2.894389178755364,63.52772352190043,5.141826066358063
2020-05-20,4.710961538671123,1.1642579068074825,9.008676290236915,1.5523863612380615,0.45781343223180904,0.34665506544690583,5.498497862475906,0.7860508533313604,12.17072154393941,-0.47235710791261876,1.9754748774984674,2.8215055245705494,63.613551163341256,5.0268815380798735
2020-05-21,4.820588595766859,1.1401254126810771,9.202331423046024,1.6244154703787315,0.4544912267009411,0.3057889693069382,5.6232423895370935,0.7700571972964168,12.514705884483764,-0.4688536319139519,2.0594436715460502,2.7788939396315984,62.89307966175593,5.196961943882416
2020-05-22,4.751111576484501,1.1040742004033381,9.030469337917422,1.6020821218452004,0.44012328603409756,0.3213754214168174,5.738822799737463,0.8132780565754205,12.565936954695388,-0.46007086464537883,2.0469527039965953,2.733787455503737,63.2105885790602,5.144226806285554
2020-05-25,4.760820189119636,1.088386970910331,8.878237222345863,1.5829074581731373,0.41854584747393586,0.31914477053454626,5.688580531783259,0.7785127987476181,12.35607441041321,-0.44971901842340634,2.0244998025937804,2.705949663147664,63.299392426464564,5.073208628452566
2020-05-26,4.836864499407436,1.1725380285176605,9.07983390035292,1.6170025018901684,0.4381020349292897,0.3083071216612083,5.6645332468718665,0.7812680095105984,12.504128010511312,-0.4538131245664211,2.0644239789963383,2.8552800257372475,63.261724358259244,5.114835647468092
2020-05-27,4.663690772215335,1.2040123954732067,8.69318145861762,1.5393587468622107,0.43616323716681427,0.2730473301550935,5.408888354465566,0.818605203692059,12.290282899582076,-0.4574588486272714,1.9735056919273957,2.850082475002968,62.37276439878338,4.982474313890251
2020-05-28,4.585833130525674,1.0897607151198248,8.856881499928596,1.53413342622009,0.37666812687574414,0.30780123850369545,5.328973713720842,0.7996705905251085,12.134931842894968,-0.4490456950844568,1.9673870130716846,2.6505017497894183,63.243937310915,5.042133537049416
2020-05-29,4.790330223811558,1.0642936276083805,9.053146317093482,1.5873475880106942,0.35989121676938773,0.39436755934042966,5.443257778086543,0.828787680311462,11.691604450633484,-0.44477643219982976,1.9433770796768024,2.60601452842961,65.34241913979973,5.15123804739954
2020-06-01,4.715418650961337,1.0925051144875453,8.92308516797112,1.6240570965080634,0.37847605019903363,0.36739007635081533,5.38061076677451,0.8110066002365,11.784719008325705,-0.44307163214496337,1.972655696530511,2.6197156858121593,63.82419644787278,5.071657280967276
2020-06-02,4.722457238660556,1.012951278062653,8.694748404778377,1.6876699376874966,0.34938086883498043,0.3423401156459771,5.388468544340632,0.8754166771905054,11.813338260216641,-0.45317609622953026,2.0447193246261706,2.5256718612092497,64.30041764461481,5.0791345796327905
2020-06-03,4.7860787191725365,1.0148410169217934,8.84553544634615,1.7194252583123086,0.3287191325999268,0.34928734672087614,5.563312384836997,0.8657105283044673,11.95579516577608,-0.4536894491314726,2.0806932502225757,2.5252491809386264,63.23645684983886,5.2455123632001595
2020-06-04,4.8358118028378225,1.012281359196522,8.833027660047867,1.7171753338324498,0.37047093291623057,0.3132816990770293,5.511446051169036,0.8509668197751543,11.859152523820287,-0.46546620601904454,2.0781444296078426,2.5347109820775677,63.54078708488677,5.237578052832999
2020-06-05,4.548244020221337,1.022218703403062,8.730159062988905,1.689806083686256,0.385284337831572,0.3015183155874024,5.443326307864499,0.8316028591990452,11.724626005109553,-0.46810591953452296,2.0600737472710233,2.5412563676717506,62.96267956253612,4.930212676746301
2020-06-08,4.688865615903386,1.0734723288481947,8.494423694573024,1.7510873131656646,0.3761905381952668,0.3243223072049173,5.556311003772867,0.8188739670245706,11.69201946988524,-0.47394110491646213,2.1137326006757617,2.473253203569423,62.94838723242275,5.034199847958835
2020-06-09,4.745939575192605,1.0942745912453198,8.348968220318158,1.7579100735194775,0.389460071949437,0.32517783028490177,5.622087672195254,0.8371219527839768,11.98269784313985,-0.46860991897357873,2.05215411353348,2.508986829751432,63.63371572031835,4.914864970689397
2020-06-10,4.818291600599066,1.1005127995988464,8.466689052107098,1.792637271238282,0.42557354372056144,0.2793122892832791,5.641812861436035,0.81581930029087,12.118550746624729,-0.46664268130772446,1.9615262869799328,2.4787399014127436,63.01238170669305,4.739234469505201
2020-06-11,4.708532436528126,1.0011282806735595,8.288104692950569,1.73995556439277,0.513532715604025,0.2846547037622491,5.51651838023269,0.7299048856540615,11.908923606800577,-0.4651039150838022,1.947057560406341,2.7079085222918704,62.80834790482527,4.368560514384918
2020-06-12,4.826694057645629,1.0425498832198494,7.929024308838697,1.8112310689296058,0.47635612460846977,0.31403925134113786,5.686035047367978,0.7657124014982377,11.573118875125633,-0.466726859725467,1.9144533221701874,2.6168319322974702,62.46925403039789,4.283808421982968
2020-06-15,4.6012465019346696,0.9643130622068725,7.567044575645202,1.7024583812342131,0.4867933385503913,0.32073186080006066,5.608017026967374,0.6980794265333163,11.912887147136546,-0.4642742166967907,1.8016867394019052,2.6201476956410787,59.62308811676788,4.22187645397258
2020-06-16,4.662441176361491,0.9389393582807446,7.699695923386388,1.7319832487319284,0.4604798556642933,0.3169551319719528,5.595448601292821,0.6761447535726333,12.220763056087184,-0.45832067071561555,1.8322956954270375,2.556077799735253,59.35997835330514,4.308783445541294
2020-06-17,4.705612858118237,0.9267593503886464,7.820673949185274,1.752812482573931,0.44836187706390396,0.3388693773896678,5.645733734363458,0.6889240453349144,12.126076198858179,-0.44640437623844764,1.8406185230632968,2.5066269596613213,58.21366494124049,4.319710793044588
2020-06-18,4.696519504653037,0.8580096725721047,7.748583261645512,1.7474555867051023,0.42653946038939217,0.3400545671601516,5.632801322943389,0.6856374465206134,11.662341231485705,-0.4410205313172073,1.8350907591028225,2.3627737557319928,58.724203274490414,4.284322045030086
2020-06-19,4.448994555124467,0.8515560618339544,7.532236084818416,1.7774151989513975,0.4581403576688148,0.3665645856650408,5.468776154781027,0.6123931921065497,11.886783822194838,-0.441787442644308,1.7119005029327816,2.420972447310699,59.75783525173279,4.265967481005433
2020-06-22,4.430314209930063,0.8457308167974553,7.573545389060701,1.765262447709874,0.48628360129806447,0.402067689083095,5.500095100904489,0.6073203857072123,11.684973239792303,-0.4356166236224308,1.700034415278207,2.533451127532315,59.94983568667542,4.139952612368702
2020-06-23,4.241845825253779,0.8357801780787273,7.58292615161308,1.6692892633639578,0.4987806416628664,0.4323110316914145,5.507207193503575,0.5515355701255369,11.958594830715125,-0.41259824942036283,1.6063250818684907,2.673324147587456,58.42006441984876,3.8537097611526328
2020-06-24,4.182692313614658,0.8139950890862659,7.547122357738541,1.6376129739893424,0.5548683438975395,0.5228691431346377,5.480062289663136,0.5450633182663791,11.95105195969438,-0.4043955654526984,1.576913060568117,2.6865093202438906,58.54469282778823,3.8334624444746845
2020-06-29,4.109398273993006,0.7883414288094044,7.609893880307716,1.6003116452351125,0.6579382262456976,0.6114212342757321,5.527652970975539,0.5564105264721386,11.79324163180759,-0.3975243959571306,1.5404701547319601,2.8942025038021963,58.86152623182185,3.8689602160312013
2020-06-30,4.140695874840631,0.7992959078334885,7.592367765270998,1.6162398449149542,0.679122460218496,0.577481585530188,5.514365420805989,0.5532423306371472,11.77438222727813,-0.4021030091757748,1.5560317955758176,2.9439605078532938,58.482770864771155,3.859049065203833
2020-07-01,4.171356850758566,0.8100275616489423,7.771728211058846,1.6318440488658377,0.6418038655662024,0.6007531930471401,5.650348832808356,0.5856653186248881,12.397834045219717,-0.40358855980829667,1.7039203604589037,2.8563057554428717,58.79968962869091,3.95662017169912
2020-07-02,4.215378868110945,0.8798352816606088,7.912298657977752,1.6561775620069277,0.6011816536634806,0.5899007335972553,5.70696101026316,0.5991635528767616,11.790285016752748,-0.43307381139394185,1.728920277020085,2.7747261697655885,61.51141476380709,3.9148189883558704
2020-07-03,4.337403761245215,0.7404359486404735,7.911822514658635,1.7183244915677598,0.645149623116489,0.47208646088849293,6.360881541963172,0.7550800520441574,10.83723632733642,-0.4494708094585176,1.792769177281464,2.878379021736503,67.60620158560566,4.394007855140245
2020-07-06,4.168567635263658,0.685381379746675,8.165205528023668,1.7328073488286835,0.7107923870472235,0.5647244967677421,6.128037489133961,0.6863969577724784,9.815738189257676,-0.4866263114213487,1.9326922833238287,3.033129395186113,69.55682908797075,4.4227463836244745
2020-07-07,4.216023195945657,0.7008558252764565,7.6075215308360296,1.7540976246454076,0.6914362408595895,0.5693241237591573,6.193484057599327,0.7648495313807384,10.244004112632211,-0.4808678666158339,1.8394152895142395,2.9874980007761778,69.90596695060847,4.464992964321425
2020-07-08,4.174411521433497,0.7491708508432473,8.108763845197764,1.9144771557810487,0.7758021510409434,0.6387639958613636,6.397824343820072,0.7904885056760513,10.522211872372251,-0.5000377250254934,1.9719512635033416,3.186387494837655,68.54426371615541,4.783236225356987
2020-07-09,4.2768578995916,0.7838020775453272,8.495759192193537,2.03830176221295,0.7565156013982806,0.7049717126946753,6.544291300909763,0.81303035708521,10.37304773123451,-0.5052896989005775,1.8740580914265563,3.140920171692855,72.18725559536327,5.028943057571163
2020-07-10,4.390644959540644,0.7823844328424638,8.45433130191302,2.025046325812716,0.7939200349616606,0.6316426720312409,6.562717368181237,0.820892216614086,9.970338882088953,-0.4883162569268782,1.881077649079157,3.2290997320281267,72.92383324797424,5.002640116811895
2020-07-13,4.148006994361974,0.7919318315153605,8.656866903097429,2.1801092745494244,0.852125564144157,0.6665965697681557,6.040608952098107,0.8933874044925609,8.885654095828567,-0.4811269051017495,1.6821762734569474,3.295863651464714,74.50746804250538,5.310333611875328
2020-07-14,4.399150765333518,0.7852431059102549,8.900151340332746,2.3229094798324024,0.9436082141775486,0.6748179175616571,6.384082666120338,0.942925140597459,8.587331643808232,-0.46767857472057983,1.8525253963762505,3.4715233270576826,76.1317548297715,5.469309186141531
2020-07-15,4.696714217588492,0.7991921049160013,9.177570658611659,2.3313695401053067,0.8986348525329351,0.6647125443272723,6.5909973999390825,0.9583682657392056,9.061267417614246,-0.44552333455436244,1.9569318744785482,3.545429037862487,75.93537894328551,5.650590389070553
2020-07-16,4.169263930439745,0.76763018046616,9.384606984538888,2.300663841948057,0.8425120593983659,0.6007633034395208,5.888158253474375,0.857735530300729,8.349086881765974,-0.45475632905252783,1.9296774205621512,3.4672839838946867,74.04072240767606,5.814371795224447
2020-07-17,4.412236593030011,0.8350211888729118,9.223837806483125,2.351763032673176,0.7778424135854469,0.5438735323437127,5.883365137941295,0.9519703167139746,7.546708529136703,-0.44863379055588104,1.938117616090174,3.473411149187843,76.68546745757473,5.8340035232599865
2020-07-20,4.453035415557734,0.9029677743444273,9.910040047497843,2.2938520672934697,0.7375152926897917,0.6562733482661738,5.935253703385394,0.9666847677846386,7.916903591050287,-0.481525158814591,1.88735351794592,3.3719399553121994,83.4016815011362,5.9661462160964245
2020-07-21,4.606870985365012,0.8710943359824568,9.789407740892202,2.3335169079456475,0.7735998090922547,0.6334500375755776,5.819092839066168,1.0221669073321404,8.01549778898957,-0.4679166857717838,1.9221232692450227,3.4537529690568025,82.47331991795798,5.9819839214639146
2020-07-22,4.541073897173248,0.8598752179203508,9.661554187372381,2.2657933650776503,0.7451930770369781,0.6543160985367138,5.90620147637153,0.9984366137891834,8.14691563589367,-0.46244827132392075,1.8795278233339228,3.3824197592854617,82.96877398337735,5.840138327016239
2020-07-23,5.193654656675781,0.8713656888817565,9.727422197017908,2.5041075778243025,0.8460486287956477,0.6815373849873885,5.9488685901398375,1.0107831291132765,8.55668549951195,-0.4564816825060505,2.1079138132499424,3.8228261352572392,84.36045195417678,6.645711894050564
2020-07-24,5.144047094933287,0.8626103978206572,9.432284430336843,2.646960247711544,0.8902140055063203,0.6559765895142684,5.7576881258131705,1.0013755656099321,8.657243732503323,-0.4561203545784832,2.2449667961461595,3.8035557897911874,80.59622126289658,6.584474200657273
2020-07-27,5.503130307123698,0.8630951195393515,9.690423608913125,2.9676243625687366,0.9668729313569828,0.6277626666368965,5.9249021309067595,1.0508981268455933,8.824293496002161,-0.4422326785175701,2.245811259316973,3.960388917096955,77.23884572172238,6.772146416955104
2020-07-28,5.389782195449462,0.8546828775966939,9.961779563905742,2.7847837396345856,0.9422343144922429,0.6036323321893153,6.100677525756025,1.0416379172825763,8.542794365073071,-0.43795469035400725,2.2311557812755045,3.85828217074887,79.41739347900982,6.734039733543027
2020-07-29,5.473533993434563,0.8520557183853221,9.827345026416571,2.7577247249240195,0.8630233458159056,0.6462687173549901,6.013595287560146,1.0387459361652303,8.73609860928005,-0.44743537691620616,2.2265788475168047,4.010792558163996,78.66126166888128,7.150831543318398
2020-07-30,5.432690406496876,0.8403705092207407,9.998962939823377,2.9320793332129425,0.9773072307021713,0.6077889312689055,6.118131986188999,1.0258828389802814,8.618471014481942,-0.4454984034095101,2.206221334324859,4.336761113686149,79.92392573598283,7.024924389655419
2020-07-31,5.417581116656203,0.8360477935790926,10.112819603920777,2.873809835349679,0.9550544329606847,0.5957996848832774,6.19181591139054,1.0211243865967368,8.711874590060507,-0.4433402464195756,2.198690468641546,4.276700712442728,78.72471378775727,7.069347784920179
2020-08-03,5.4181610019761095,0.8362136967664133,9.755487672149634,2.8387454364712528,0.9902894673207345,0.5095210268605217,6.21547211835554,1.0334595719857629,8.79754113984377,-0.44851277770299314,2.1989794986688995,4.305888685196469,77.26226396699926,7.189045069927284
2020-08-04,5.446675009461129,0.8443714558312876,9.640485989371477,2.980056501108407,1.0160577864033562,0.5269603945247836,5.993233385896969,1.011717064368442,8.934265716127731,-0.4639996971774648,2.1647748176043335,4.412579128671151,76.35810670699964,7.37622038963838
2020-08-05,5.424199754875192,0.8379413631152741,9.704385965368692,2.946345418344569,1.015504414703087,0.49485401427871256,6.0426587347098,1.023798154673409,8.81456054969254,-0.45876502312646694,2.183780437750209,4.406829705637789,75.5826009763601,7.426522629816123
2020-08-06,5.319896908054324,0.8291704421483077,9.95102613844433,2.759885148907652,0.9423855613297945,0.4844879524313128,5.712969240734902,0.9290576575606944,8.972639172411204,-0.461884095242611,2.03473744120747,4.145347518127981,77.34714366199385,7.531904848229837
2020-08-07,5.414293039548032,0.8383453968244796,9.584103257532384,2.8480965250780828,1.0358050712089741,0.46236609053240896,5.8132364343902365,0.9578707193797842,8.627154660607099,-0.4592997444017569,2.2298504356431845,4.58992425057237,75.90200875233917,8.080448350074388
2020-08-10,5.26016888597231,0.8430357639255996,9.719170845973537,2.950377560487337,1.0548472128863482,0.443704305357008,5.649526374359106,0.9615713761815425,8.43938481562643,-0.46088909270302747,2.2359553167597026,4.521138126650503,75.03285103465507,8.097611701370823
2020-08-11,5.185714054839369,0.8361277151180759,9.542562426164189,2.9825543014384843,0.994879442176898,0.4416176719754805,5.570440750259359,0.9041727204207717,8.501738973751989,-0.4634016300526542,2.1412661876567416,4.360011623834212,74.68442910658919,7.831401310745804
2020-08-12,5.035466621371127,0.8257495286813485,9.49950876244012,2.8252264685016737,0.9430027764977944,0.4455089243352912,5.552705643669408,0.8674248075801176,8.502378148683302,-0.459803046337398,2.017172813260514,4.220624989651283,76.52276032040884,7.482523398519199
2020-08-13,5.0698725703570515,0.8204815491202073,9.55936255428757,2.8923924094463422,0.9686240197572487,0.42671713137309664,5.528987809968973,0.8828096009032413,8.45713148340742,-0.4624758915243945,2.0701503958073304,4.289466323510485,77.91414123159753,7.631465342306875
2020-08-14,5.037081699757636,0.8399962720890224,9.62742755391429,2.8713647957129633,0.9569925370347689,0.4099825408453621,5.571073262624251,0.8615964872906468,8.290743300387751,-0.4653561072210226,2.053564725649886,4.351904447149717,79.55230702088198,7.657758212755583
2020-08-17,4.774105835015781,0.8627612854366542,9.76304665006366,2.7525101178676494,0.9283370063784671,0.4418213576642751,5.4226918523218846,0.8181922158846224,8.439937209468578,-0.4805563829194477,1.959817308163208,4.3138761610288,79.0391127140551,7.5962399794366515
2020-08-18,4.936208592997255,0.8588482547798801,9.694796385108567,2.8593405282726607,0.9688327667115999,0.4731748480788598,5.452575958427722,0.8273701939521689,8.404291033909653,-0.4755856397782833,2.0391215034799757,4.412175810523318,81.28613784453626,7.75525899895136
2020-08-19,4.745750826185729,0.8471713847071312,9.879345193013748,2.6900535242348735,0.8245301439735133,0.48950584462831337,5.381045416177702,0.8071127368207736,8.102563046979238,-0.45685826018874254,1.9058127761308477,4.33192335416029,84.8955559944751,7.560753194041773
2020-08-20,4.862371079520036,0.8509762271609964,10.208390361394509,2.5784480680539636,0.7079764094439871,0.45927366885211485,5.574039767047255,0.8907091871062536,8.247927301377537,-0.43970761291781457,2.0035543343688476,4.355938004232148,87.49346213532546,7.612936846493788
2020-08-21,4.938636100557664,0.8606561952736387,9.681277740183466,2.746736741110568,0.792774293415365,0.48022893948707557,5.377119363866241,0.7823270060467344,8.302573251301208,-0.44410558221746876,1.9956857347181107,4.4614173811411835,88.37539098672123,7.66383064142437
2020-08-24,5.101971441736285,0.8604615230535457,9.89399981917093,3.0662427245101194,0.9430847447493735,0.4950440645982872,5.552514681814089,0.7310796230730436,8.636218909744922,-0.4432505859326631,1.9953723093823825,4.919315575296366,89.96521634349315,7.662924183181435
2020-08-25,5.031140659556629,0.865527087563088,10.117588281722213,3.099472599283957,0.9984072986456087,0.5359808676208229,5.500813854888259,0.7174210122444826,8.36241319110656,-0.4560681389264831,2.0035279479028554,5.087847419225487,91.04677074695445,7.686511126930293
2020-08-26,4.815841655357042,0.853048008802171,10.229674868053376,3.053728526726032,0.9376459999382225,0.5291354520393212,5.268748507974728,0.6561127034850474,8.526528138316078,-0.4419609176888588,1.9834364348541458,4.795177115145807,92.77239226106465,7.628404408870173
2020-08-27,4.711549732821279,0.8467746691890388,10.255684537695652,3.264860220826346,1.0437403989733012,0.5234370922622933,5.156334884541965,0.6264146497866179,8.148427239725763,-0.4415622118808509,1.9733362594236503,4.958069503139709,93.33902873236542,7.599193664777644
2020-08-28,4.693257744028063,0.8546614209511194,10.484334108919077,3.373940897649282,1.0883023147648165,0.5308342461636426,5.136618412834085,0.6435177925999367,8.022924652316107,-0.44184033621477714,1.9860340537861676,5.192192441240563,93.18309221025928,7.635916989458039
2020-08-31,4.678475630937645,0.8335629982690322,10.353689597465321,3.3302330476954394,1.064826060499806,0.5090565315893472,5.066808922190636,0.6476073208815403,8.215903695765924,-0.42362790630562375,1.8923310436938787,5.122581119555651,91.82270315350918,7.556973121564427
2020-09-01,4.705091467974229,0.8421571733839794,10.105726178364126,3.5530395573304245,1.1707393036036087,0.5279715369640243,5.095244933560549,0.6550668169117566,8.78466809395143,-0.41495382913835666,1.892792870009659,4.897338249038496,97.55130564762085,8.085071268902073
2020-09-02,4.65429145834487,0.8257540004161099,10.006837142146404,3.6107950496261054,1.1809543363134103,0.5269895169395706,5.040970869234614,0.6271233567613252,9.002655203500327,-0.40791222050524356,1.8670344914670602,4.925089855606215,95.12965709878614,8.287472454812296
2020-09-03,4.668150015840814,0.8302288876720316,10.033814684161468,3.708915059531897,1.0898617190714153,0.4924777593164027,5.055777170384698,0.6644459922053436,9.165349813211652,-0.39255267599768173,1.8740615367892834,4.89662461508624,96.63722349359062,8.283393838129259
2020-09-04,4.523865771871874,0.7929973084677613,10.0007170654619,3.7528422175918994,1.0893330991071304,0.5338531044909269,4.93258703341261,0.6154810782033511,8.899856364505295,-0.38826337870818606,1.8155957074792544,5.057132728931047,94.86561819692562,8.413753806700122
2020-09-07,4.926959680750811,0.730735916621041,11.20180416519888,3.4544770022342064,0.9599365512518347,0.5609595464577484,5.580322422978288,0.6607976033894274,9.016741603608356,-0.38808563716579103,1.9762402428919863,4.682002470687426,105.3324774606861,8.989559172726597
2020-09-08,4.781493022897504,0.7011980757859222,11.01378710406229,3.4362568406566094,1.0680298859272654,0.6383393987722661,5.564421894840463,0.59845824066873,8.992374652850405,-0.40748040250214446,1.9254458324118184,4.995373122557942,103.51601210609499,8.92296410437397
2020-09-09,4.719596157248881,0.6693938844388909,11.168714439015416,3.441899565893059,1.1607163478130267,0.6607163940851273,5.649075333499426,0.5793119219029703,9.121234267342475,-0.4027071402066674,1.870754118170126,5.264078099307214,101.79528683933341,9.054980939011376
2020-09-10,4.911050426378079,0.7043451440045363,10.89191737408757,3.5385886754945917,1.1695177401355314,0.6141359297740427,5.600539538884736,0.5977991509012659,9.256791304790092,-0.40062916524725467,1.930857652314217,5.2895939931202145,100.5340737241251,8.897381040672796
2020-09-11,5.075029709420342,0.7231308808910211,11.007592576886555,3.989030849391077,1.267756175924271,0.5948462119953324,5.6647443870791,0.4835468459919148,9.474469402177759,-0.39737327701594094,1.9771377979632434,5.780335565908891,102.84082597836755,8.993654965477669
2020-09-14,5.137445577782966,0.7715865590167315,11.366353481095416,4.07870981473308,1.3328708147996968,0.6195134998553466,5.767018433641122,0.4341248163118576,9.78742390073951,-0.3918487999086747,2.0306525276696146,5.891838440119368,103.64051050262073,9.264908306246724
2020-09-15,5.128015599422333,0.8055564744796568,11.60347651648953,4.176093339229318,1.0837021260862736,0.5429739108818203,5.7281899349714385,0.5873004648153459,9.659910276753251,-0.41139864047541796,2.088764850569365,5.566124278721022,101.37691057345947,9.340399249247254
2020-09-16,4.987456903293159,0.7883054743469229,11.68017151513868,4.207591035213492,1.0349781155401807,0.5859964100099149,5.77892037242478,0.6244169238424069,9.493193321553123,-0.40703226590672104,2.1075606816824726,5.412586062006588,102.14883073455927,9.40332291204895
2020-09-17,4.741044635725796,0.8151342008744844,11.158322278199726,4.067783559504965,1.0898785460441012,0.6152450478644764,5.499935626879632,0.7580096817868232,10.400916303977455,-0.4155163796616327,2.02413243019742,5.585587301066179,97.90376681364066,9.124026341815373
2020-09-18,4.833284176143626,0.856805421574873,11.353666179937433,4.326774795587604,0.9914710367806974,0.6283893393067554,5.604368027777183,0.7909448344377896,10.75458397684484,-0.4359959512279066,2.178682005367306,5.398863983346917,100.95152906207468,9.286685856973278
2020-09-21,4.727422459717486,0.808370986335343,11.127266613144545,4.203508850132179,1.005202880647059,0.6579411467043856,5.483333021759471,0.7635894369096221,9.983605815361534,-0.4332806590588436,2.1051246920342344,5.345248185658393,103.31077121191605,9.169096884384324
2020-09-22,4.707205164020419,0.7877091777141425,10.808661611471223,4.01635313853792,0.9980465151596167,0.6961004318928128,5.3130042581444705,0.7436815837216251,10.07183202186848,-0.427786075275991,1.9934420105851949,5.250975838316152,104.62732490119235,8.94662521617666
2020-09-23,4.936361780557128,0.7871797746791529,10.857771871155991,4.07156501772723,1.201865841986494,0.6863936054144288,5.410611805277877,0.7509332654279526,10.64152952067127,-0.4252368802313853,2.0263889650926292,5.8886335093013,104.03797859610262,10.002639854072726
2020-09-24,4.907503192573665,0.7743090613443739,10.710686132923433,4.134473538209174,1.0602137547166963,0.6280299666183831,5.416290330051446,0.7524842434354515,10.497126087858634,-0.43185721020178347,2.0045938522779494,5.445468764010163,104.24859320381643,10.167709140604414
2020-09-25,4.8137180476771375,0.7873922475727964,10.703691107102296,4.1508193670732725,1.1598343499958657,0.6307664165435247,5.525084149985736,0.7811523543569152,10.184306703655354,-0.45150481765246675,2.0141591127764165,5.668367025476949,109.33783575607825,10.403861626024337
2020-09-28,4.843383017688006,0.7912028537661875,11.14828040492413,4.136792907568917,1.2255380378298129,0.6169524016093377,5.741273328420366,0.7653889816105768,10.251714672818682,-0.4485240436150655,2.0205851076293144,5.6321280648787315,106.27676227263808,10.428173931171523
2020-09-29,4.474403713495632,0.7748589713798797,11.395598104755322,3.739344233797608,1.2594878730674601,0.7266750452687087,5.878513839665275,0.7425520178703267,9.526688129940274,-0.4406775816987344,1.9930236912140127,5.58482741301663,106.63075245932512,10.323897226705242
2020-09-30,4.387849578174721,0.7528595670430374,11.320413990268563,3.608686024184242,1.2464002890064054,0.7452075733349921,5.729917474397043,0.7495652569213767,9.752976753016574,-0.4341009899761926,1.9286836821286095,5.546686255755894,104.64311449216753,10.202357019270922
2020-10-09,3.9363964718538087,0.7675865523520253,11.053544579366902,3.3625867007305708,1.4756996679363192,0.8471670112394498,5.852961748691205,0.8605910378853736,10.728354798153507,-0.45129975983718185,1.7722948396256681,6.214933629049189,108.5267431587226,10.359212632121224
2020-10-12,3.762795906731575,0.7194883632999731,11.367849876114125,3.3360950044479045,1.459872718942576,0.8034829052689945,5.611960435462595,0.8657614405500709,10.942286918917272,-0.4637563932690967,1.6925233075626593,5.790574945246191,104.97055343624645,10.059919816009995
2020-10-13,3.7424383672284662,0.7235527686012988,11.200734239245204,3.3475426651573956,1.4484605214818105,0.7979113258930288,5.583699042702163,0.8520226681829395,10.881524415916312,-0.46497636035034684,1.693506243608927,5.611974070215333,105.18300974397235,10.034751693931485
2020-10-14,3.5450372331666493,0.7068837102915049,10.692886042027334,3.3527275699458956,1.390079420779013,0.793520188507731,5.309656544578857,0.7410163077427283,10.86735444046501,-0.47078882617168294,1.6456146439727024,5.320605854428428,100.76320606525702,9.664918244674721
2020-10-15,3.410811287918622,0.6723543045153677,10.180823571931528,3.2862325725531303,1.343838533184663,0.7889150034908121,5.123317121943054,0.6647725893129497,10.805258070633267,-0.47340994222328747,1.6186679728402815,5.18319180145566,102.57824077468092,9.24283800288882
2020-10-16,3.515454664781257,0.5764958749274001,10.67918942776255,3.091063427623255,1.3110796853520292,0.7611860438248088,5.268588488005798,0.61873593249513,11.224460214197933,-0.4806120303293926,1.7173940412210218,5.1634078906683865,102.36155792471628,10.072955931749807
2020-10-19,3.204347824401659,0.4678780973322634,10.787737428555417,3.0766221841484436,1.1589437754491554,0.7674420792524677,5.2432482527406,0.5072078896392558,11.210697740249815,-0.4821338985112801,1.6998394940839465,4.75767732521341,102.8427848432156,10.040510861212923
2020-10-20,3.074439598414747,0.415323697676083,10.248104195142105,2.9506604944690267,1.2046595458681355,0.696867185493119,5.05034097228151,0.5521416668997556,11.952023098111558,-0.47766081386812964,1.6164183848478757,4.87959650520283,99.12490443749293,9.69937515125926
2020-10-21,3.1700099978766314,0.4485216499067166,10.319900522139372,2.881491396205727,1.153057968396297,0.6620609398304202,5.4082532617623285,0.5066380476039094,11.185836818414087,-0.48074834851506987,1.6777893155389623,4.69944265390753,99.75374322262485,9.95034059877657
2020-10-22,3.091211682365241,0.42114975726076387,10.372976012500274,2.87032871781651,1.1082025940547071,0.5828099606567354,5.438299566812419,0.48073508764308137,11.239078065517923,-0.47885786920141127,1.6271886485222615,4.5807042652844565,100.22614616616472,9.743418218758547
2020-10-23,3.235054567060045,0.4119127193756762,10.772838401497236,2.7090959052894927,1.1204176736745146,0.5922070462553624,5.664663699035516,0.463612013759227,10.808764400122053,-0.49515028428741337,1.6101127274564568,4.6130392729005605,105.02960617765837,9.673589292851899
2020-10-26,3.2403802177411123,0.3803695321957843,10.509824377867465,2.957441096555779,1.1704558520095851,0.6350685613254765,5.226807258713243,0.3674553319974345,11.47062541580004,-0.48028229060728445,1.6133949870837019,4.745497261544107,106.50417266160544,9.687011506706954
2020-10-27,3.228658651646147,0.36360114442565283,10.40182216732826,3.0109637079795633,1.190822281782879,0.6598027579192425,5.125379898751747,0.3839747783263705,11.795688975167769,-0.4704009559685173,1.6061708513929474,4.799410022027831,106.94935497061616,9.525345721027335
2020-10-28,3.2228926537957863,0.34892543149815003,10.279110427416496,3.120160550242523,1.2114136341901882,0.5472051480000117,4.950266665959289,0.328299135677915,10.791849743153248,-0.45955767167674666,1.6026172007522281,4.8539181838769405,103.57734271732501,9.19656566716698
2020-10-29,3.3468458324046457,0.33416705481354425,10.948565929322946,3.1707922754585,1.3005192526805263,0.4763352365075235,5.303436251714413,0.3405995143253564,10.251722696193612,-0.45980752188397933,1.6790109671069935,4.757606915942894,106.64696704903253,9.276136083881829
2020-10-30,3.3218470751562235,0.2985442650186516,10.104416599222375,3.146806004114226,1.3487137186059535,0.5071110422133662,4.858107371186749,0.304804975308935,10.60760250837722,-0.45239265364526493,1.6636039461509453,4.844518403580031,103.02437755801542,8.550141563489817
2020-11-02,3.401981855221922,0.2872500017012347,10.310312357786302,2.805877339126491,1.1760430346423072,0.5091468431892465,4.966727166757449,0.32899839490632576,10.579869706369802,-0.42419882607061055,1.4446163840329347,4.255644887451257,109.837031169588,8.727218281031675
2020-11-03,3.4989020556918646,0.3212965359558779,10.374167885975092,2.723168452440139,1.0711992568936117,0.520283477253688,5.098098992487619,0.3582594857274417,11.237806143203471,-0.43247819562779755,1.391490263172459,4.111757608392334,109.21126974547145,9.124360318710288
2020-11-04,3.6176869037587718,0.32041892297275454,10.535497880647354,2.669139902677516,1.0425188680854993,0.48089381913681506,5.259107557100214,0.3879581227016333,11.004684468652284,-0.4363345622090482,1.3899018211786602,4.014382189986151,110.7744947425971,8.993924270834253
2020-11-05,3.3409058914610137,0.2799812395466106,9.844067983534734,2.703459711376675,1.1241757658067035,0.4078751930499609,4.883940907251221,0.32491472249611086,11.116971948929953,-0.4352427886084469,1.3167113423215335,3.8140401075117065,107.13491520306383,8.687861445758251
2020-11-06,3.3763751245349747,0.3044460002294562,9.932674091198685,2.6392830867616643,1.046766117827842,0.3389256465832269,4.932018169613263,0.4115940590175724,11.396507014162793,-0.4374771593491442,1.3609915136318618,3.730618423751432,106.05064576614066,8.873029168906283
2020-11-09,3.327711826186256,0.2899411547620092,9.811107734131467,2.6222326478386377,1.0708693498336657,0.35022823532270353,4.866056829055515,0.39589777593248154,11.34370938626928,-0.44910124756923564,1.3499300104068448,3.7863273747671515,107.97607985769098,8.879512852665723
2020-11-10,3.4731163130148355,0.28354042928398715,10.224279859220772,2.586843056347792,1.160288247828888,0.40682881107811175,4.836949284682153,0.38897129062255753,11.302867867414358,-0.4543499184437396,1.3269709486386838,4.16988755569968,104.31465053783221,9.257081869695867
2020-11-11,3.755702313130837,0.3766416486600179,10.708471249612014,2.7278408578476387,1.0743960600480356,0.4675163925195869,4.958134303390952,0.4441962278670506,10.701424516772294,-0.44781316082820033,1.4184435284972916,3.96433491558958,100.86295195338427,9.758514036081996
2020-11-12,3.642680054970386,0.36261871062180395,10.922067618088775,2.526517761148307,0.983498216659701,0.44299879658642016,4.9252290888499966,0.5435393140591493,10.993178410044486,-0.4376670261063337,1.454194221761385,3.6132961432422235,98.44211479945362,9.56165757139457
2020-11-13,3.480884951294197,0.3516638396337546,10.410724909871368,2.365246246316076,0.9087371498559997,0.38110794541548487,4.718737785683561,0.48228707651424485,11.031646049300655,-0.4312961830797938,1.5475934062027745,3.563096153068728,95.55441747011083,9.256043435252282
2020-11-16,3.4257621622133616,0.31741490938024386,10.86832220590518,2.358459049290523,0.9532517615295515,0.37003452554760474,4.877722253890069,0.5234955794078304,11.514143764606452,-0.46144774631204377,1.514381487869255,3.669514395778709,97.24144516735603,9.387942120366304
2020-11-17,3.5591451401669634,0.3108726143509857,10.955145592549037,2.329684236480941,0.9462164373972777,0.35863754288877203,5.041522954101559,0.5712494860592441,11.499037889142233,-0.47906532931484747,1.508369583592792,3.5229375929673568,96.42419857533785,9.701012412903482
2020-11-18,4.072670574665213,0.3788580585806205,11.62559153177299,2.3397634928316977,0.8511716960866329,0.32100313072609676,5.554667141350459,0.7047054948528122,10.792139455589014,-0.48151033034501833,1.355926924488386,3.38464324207544,95.13185474792962,10.301126419234588
2020-11-19,4.088166420831896,0.37456693042116984,11.703682677611367,2.4287991660678414,0.9062836012678452,0.30909099658715933,5.574690147418201,0.7099129794940717,10.790071771969865,-0.47997817656078157,1.3483170094179,3.5151800491806613,95.41416941117036,10.339842984362514
2020-11-20,3.796818606503706,0.3158251809663788,12.23822124535642,2.3964065368996414,0.9697390345484997,0.36323021081156237,5.37560993329012,0.6827193072222373,10.182592187898697,-0.4754072158199234,1.1913063428431991,3.472524137919316,92.81290581151494,10.23271296279309
2020-11-23,4.011334740966804,0.32695679667649635,11.820604894107653,2.4251394513559004,0.9846426185670627,0.3125257654709164,5.557301343932248,0.6953837279919215,10.30298188480157,-0.4834487457182989,1.2282881945013893,3.506364478236179,92.08465344545567,10.327739449512274
2020-11-24,4.012846638611467,0.3053710494328066,11.964857436637438,2.36063850086899,0.9795529603445252,0.3409280419555496,5.696125396346919,0.7073791646528318,10.11911507717346,-0.48107151975196805,1.1863259011275518,3.494807810649868,94.0272572600649,10.114419679109242
2020-11-25,4.099858710589506,0.33227494865436213,12.377125073213422,2.4675029611155237,1.0017015874866217,0.32412816014916657,5.412163856513554,0.725356251830281,9.97980870632923,-0.5013899075414272,1.2558485639449293,3.5421338841611156,96.58150412428765,10.46784551162718
2020-11-26,4.156560125675949,0.38975246714945055,12.303357589807923,2.6170993081613,1.0791540480422346,0.3136371946776009,5.380607509309596,0.8033700531487771,9.640916982204748,-0.49251871604257136,1.353171250742594,3.7178840797449775,95.22448944135616,10.558704368735224
2020-11-27,4.152140544523126,0.4141680324611732,12.249405326167883,2.680645534187105,1.1230740765211267,0.29309515787111984,5.0829961232853025,0.7192552630995166,9.93954027120922,-0.49591969038921224,1.3945124303556935,3.8175446139596607,90.81875189545384,10.01957043473204
2020-11-30,4.2586361666814865,0.3955672668564447,11.840445973008185,2.626110968094029,1.1216075720009555,0.31521975929833124,5.362970784777926,0.7983853333067179,9.984203128591881,-0.500491926283906,1.3630170468989347,3.814216915208765,89.62261966716439,10.182842742974817
2020-12-01,4.131257243190016,0.3893825305549239,12.029833872175042,2.640175322898289,1.1331454629582414,0.31575586536566025,5.298447698381881,0.8249103014334793,9.72794076295832,-0.5143591611061664,1.3525448628214245,3.840397963271302,89.22100734871489,10.207853641692125
2020-12-02,3.9811261770723716,0.3965353920709027,11.972520775720112,2.6664352818436754,1.0787617196933148,0.3017354324855115,5.270743312892779,0.7715168120529012,9.513411941961113,-0.5139951125012983,1.3646563060300618,3.7169938332174803,88.91047799206957,10.146125595749783
2020-12-03,3.957627995882265,0.386119999456795,12.231878810552118,2.6165801368323116,1.077282467060967,0.3057902041342826,5.396113523562381,0.7631597816242113,9.626019658162466,-0.5079031111869807,1.3470206456919396,3.6880329385233814,89.97359829225925,10.029282779417468
2020-12-04,4.015533265673922,0.3568838569437405,12.825600011047475,2.5518441219066843,1.1003459453995572,0.29265799248541713,5.5097609656927595,0.7649535719080747,9.690712645991644,-0.5125347450725142,1.2739133476167326,3.7029984736361037,91.85853217779331,9.720940484766619
2020-12-07,4.349798596246915,0.3416932604626073,12.603956497383768,2.5120804895636057,1.1827060716584707,0.33952306093053264,5.775171461669088,0.8197526688975174,10.507148630834784,-0.5107170878909799,1.248456415603029,3.9462470506451384,90.36988131785995,10.14355382257027
2020-12-08,4.522558407889703,0.3335821596898776,12.259393248695167,2.4908484839985143,1.2043545879111162,0.3351465723272795,5.822357852729334,0.8529086471412666,10.380960737030447,-0.49736201718216033,1.234863549701803,3.995304920165852,88.82032424555109,9.861308057687127
2020-12-09,4.487556101756524,0.34899134453370584,12.13625973320807,2.5311843037010213,1.2006744526513526,0.3422130173666993,5.70118979018059,0.8200001782951032,10.275271307741585,-0.48974416644091145,1.2606867997264564,3.986965337291667,87.78247444456534,9.760444389278849
2020-12-10,4.457713732484709,0.36839747656615396,12.51107952351984,2.5819827236510156,1.2379059291093721,0.34143803085413826,5.705964279809142,0.8212968990636995,10.017451394012328,-0.49219663758773546,1.2932082734166146,4.071335873028399,88.26529035352561,10.107737721377209
2020-12-11,4.553003675785528,0.33539944669150334,11.880989950180993,2.4956055014259904,1.1919138774334397,0.3701931009277555,5.4366702403746965,0.8346454660177818,10.540632120630553,-0.4815187557734967,1.2379090227157974,3.967112930274431,84.10240102888574,9.524326341993904
2020-12-14,4.56732074387196,0.3926848027232195,11.889587005018724,2.6455583909466,1.30762655916141,0.34105934684950756,5.440966215081835,0.8358699485878445,10.76857746753775,-0.49731216211845575,1.2836048192381693,4.229330330111659,85.47255824312165,9.739222242666031
2020-12-15,4.641454135871472,0.33716451781290724,12.369031467629686,2.5002258360664413,1.3520863001042094,0.2843449046744895,5.4276692502941835,0.8320799119309341,11.025320930105408,-0.4954463412657657,1.305937417643952,4.330080891704076,84.66729126263654,9.679074969923448
2020-12-16,4.620456693012366,0.2954345562456764,12.317755698323426,2.3909914915486956,1.3148312974073382,0.32189227734150894,5.514039403362165,0.825053127145345,11.154144114796045,-0.49266145152696605,1.2940491176157174,4.24565704297617,85.00112131078566,9.638116297196266
2020-12-17,4.812967753075035,0.28081145509020367,12.396443752147038,2.3527133621293506,1.2715570726471017,0.3203341911938544,5.744835286526626,0.8358364664671378,11.20828604949315,-0.5036233046949601,1.2616947171149793,4.147592988741584,84.94258898401065,9.70097168264841
2020-12-18,4.835818881503169,0.3061398545469529,12.970283487838914,2.4190141927180435,1.3658144821498626,0.2834621841395393,5.703543925900192,0.9144749418850764,10.701707794713508,-0.4987379623864079,1.2874635327767936,4.361190430837962,85.28043450831811,10.159350255023863
2020-12-21,4.961254762920076,0.27914989883015573,13.27056265320084,2.467706268138171,1.622912241466583,0.17852665715773375,5.847630806942267,0.9556249255740974,10.820517008450752,-0.4988273819582768,0.9916123873976961,4.943801644624324,74.13666868125718,10.399210840779114
2020-12-22,5.183495260113941,0.36099868368561405,13.802581005949452,2.3576272168058883,1.756665548243506,0.23893083370046675,6.102916134554977,1.028532236713977,11.129838318013896,-0.49313756803978726,1.0174887325309054,5.246901043920313,73.16044339602675,10.52588633057269
2020-12-23,5.0510168477525905,0.4086580516072562,13.485442826323464,2.2934185721360434,1.9059146146459107,0.2022001619565177,5.950739572099859,0.9850719090450699,10.869962365179294,-0.5000006936999346,1.104264663326791,5.58511550352619,72.73574673261238,11.021636070561733
2020-12-24,4.839155562589098,0.4152209886817575,13.369776314324255,2.2246612555820224,1.8661644967739544,0.222175468714763,5.895237796161144,0.9155695598740481,11.170503970618535,-0.49800767806141155,1.0603335357155315,5.495037455070692,73.78249411494697,10.770658122057377
2020-12-25,4.870949750202408,0.45159404556937344,13.448019710856808,2.30753932779167,1.904981995480254,0.22924263201690298,5.9327823489273195,0.9259998313953597,11.364385575280318,-0.48305328772751066,1.1097121422310248,5.651105494406786,74.18968461066099,10.769922504273822
2020-12-28,4.928887160730096,0.41288388674538523,13.432150509082843,2.2193360363230954,1.8931389244423147,0.2559416184218479,6.001198444131518,0.8725230787859655,11.63574043779042,-0.49696002080526225,1.0906572215413486,5.623990174940557,72.04358816742968,10.883416810309063
2020-12-29,4.850625652069645,0.39454730507663127,13.281974204098885,2.1775550954382914,1.7980893800541158,0.296553025915812,5.668451638017133,0.8287363714674205,11.326000794516425,-0.5061357316345585,1.069675347517692,5.309170991905966,73.00776597229986,10.764154622363836
2020-12-30,4.93513739470959,0.2865737608676806,13.17031505849081,2.1952371247150184,1.8647852996660803,0.24624804080314533,5.70555933672018,0.8388773022775886,11.170610202744186,-0.5070296716402873,1.0811923972584396,5.459557882437019,73.4195943892189,10.93408674021691
2020-12-31,5.240048713512184,0.33010803007858547,13.649801217250676,2.3033555376742636,1.891309224604003,0.19914941492939864,5.932457812542971,0.8366074114019524,11.084854489707263,-0.5099762790914295,1.046672609396726,5.51936439862722,73.86441899370956,11.298744818417584
2021-01-04,5.4192811410714965,0.4745788965746116,13.682590103028106,2.66215243693368,2.17828101722894,0.05215197990975806,5.947973897983411,0.9549574885775771,11.111902564122996,-0.5064851172742457,1.2689737748860872,6.16643240239824,74.03197900676201,12.634583923625694
2021-01-05,5.050892344449668,0.47597642624089853,12.839987702466592,2.6656232357393383,2.3314151993666368,-0.05701458181142738,5.549244556334613,0.8722503712283385,11.100423528862244,-0.501473888956687,1.3888869540063213,6.511721493840243,68.46196479387922,12.647506077580976
2021-01-06,4.933948333273368,0.4474506165155612,12.532827598237073,2.594778695753163,2.3426443375376707,0.0019224331489160473,5.403892791304517,0.8615958361503249,10.866561813293094,-0.5017250216022122,1.4090615568461216,6.787266002175531,68.90040191653193,12.38374430288518
2021-01-07,5.20669875912697,0.5139818280940243,12.361118743691328,2.7600105725826785,2.5437840458333474,-0.01977286917666443,5.675813513413608,0.9659136400625106,10.82499771973842,-0.5042282169709296,1.5182733337546472,6.966232869393056,72.06924875576287,12.998920194737606
2021-01-08,4.792110664205147,0.5039670897448161,12.190094672935388,2.508853608040028,2.42520438210027,-0.05772423452837139,5.229890017850113,0.988822148954156,10.608982326083089,-0.500472702970534,1.4208505129063567,6.657804950397208,74.5762371156865,12.063836041351811
2021-01-11,4.4160188746677935,0.49998209964489737,13.011601226213296,2.2810176585600344,2.3358515451481496,-0.11890783398270544,5.331649388270154,1.0113871151992195,11.400169259114824,-0.4946620526493055,1.3050206339705452,6.115612073898549,76.22227659380536,11.987139370883451
2021-01-12,4.642595943436231,0.5107180308028916,12.730485289944959,2.4182777717274972,2.4447905732723356,-0.0820476817360466,5.376967363708072,1.0247951855979887,11.196038741847284,-0.5158668304292536,1.3215185260786724,6.151939615894026,76.61652173629116,12.236766723717485
2021-01-13,4.484103130378741,0.5472908151649487,12.84462213589357,2.3874681292411624,2.3425899621634545,-0.09389834214307391,5.531346571158731,0.9825364753547068,11.302574309651344,-0.5077535925934427,1.377719878492314,6.089020040659415,76.31407495290188,11.864964026012682
2021-01-14,4.054634003108971,0.5087155641271162,12.148483967531186,2.017987211050871,2.1617394381230355,-0.13062472540407144,5.383653514466348,0.9352870402727294,11.236863134642325,-0.5010725242978032,1.318441338019166,5.874420599077218,73.35956232922268,11.475514697315262
2021-01-15,3.80072177133221,0.5060216485976883,11.970530453551468,2.0125983870678903,2.201020658100747,-0.08850524473850574,5.574837478426049,1.0085068160669342,11.782437365987679,-0.5100896391208316,1.2771587417971895,5.960784394729332,72.30295043604941,11.40503964023924
2021-01-18,3.5220952071821294,0.5201179397196198,12.039933223171179,2.0407961649266033,2.2433383362460004,-0.03632476782281069,5.449663160909821,1.042927732205904,12.011612263573799,-0.5143325456673313,1.275356772014033,6.056352132015453,72.63717381034756,11.47141657920546
2021-01-19,3.6101973657943285,0.5140573761989293,11.77682447506994,2.0286728040810567,2.171333169389239,0.002073890279180146,5.319527310449616,1.0740988344705378,12.129283756766082,-0.5044764286849808,1.2662851441562841,5.899694466366568,72.32609042357441,11.219778879299678
2021-01-20,3.789510241406859,0.572946391229594,12.89493434252739,2.146472539471706,2.400134849959145,-0.010346487711510366,5.39087548874547,1.073143789918349,12.247958332656461,-0.5030050892765914,1.457380840728911,6.186766537603659,73.00105790946867,11.3302325112602
2021-01-21,3.9807622739150723,0.6857518266807736,12.803062140223844,2.3721249882324194,2.5740461935880936,0.029171800414849125,5.552458109837609,1.1255597708063845,11.805614640511603,-0.49779118106193776,1.5668238497784355,6.280504266743538,75.95602658467641,11.583836308411305
2021-01-22,3.79157824302448,0.7543861166636876,13.150890510710134,2.5094188654436835,2.735309005947575,-0.009919177827797387,5.717575878914575,1.1253228589119657,12.147838702096669,-0.49976029919753573,1.7473225945692135,6.609004383937484,77.90384682766455,11.528389823732613
2021-01-25,3.804062566036537,0.7589571205912937,13.716518040620628,2.4713317133663,2.6458519389472195,0.03077652889725102,5.735078334864753,1.1776334297346294,13.104758745601314,-0.5064718396250734,1.682470282260431,5.887753897563644,72.28720010455683,12.029164116657167
2021-01-26,3.752319602048358,0.7230430943450379,13.558011307508812,2.3508421692223247,2.5445022000946054,0.019674376899552648,5.662537040710464,1.162373052159571,12.630742270120239,-0.49319059170259216,1.627700153418679,6.001945087906892,72.34626736413476,12.104840157184926
2021-01-27,3.6909198896144053,0.8125250947124967,13.369922588158794,2.6379783255113307,2.7899187944784654,0.00650023905517938,5.4882710398916235,1.2394152796253297,12.910473034801143,-0.48889783881138504,1.7641632905656697,6.472863236886008,71.22239751488132,12.785407762028527
2021-01-28,3.804991205718939,0.6880252604986778,14.368169318978842,2.38525601973994,2.5971420238953424,0.030975781087509757,5.46910432881281,1.1901237841014765,13.279771061721439,-0.4534420679322714,1.7148977753114107,6.092751018145324,76.18325380501369,12.925774683320991
2021-01-29,4.069180648354432,0.6104825831601814,15.531348795573674,2.2297477928255227,2.3721683285141024,0.08766119534009387,5.909828401341063,1.2668516809080108,13.171815282915505,-0.4497590833895393,1.7599798115747078,5.649153741092793,76.75968035242532,13.173744176963654
2021-02-01,4.015403043451984,0.5334224690495428,15.355972061994155,2.075207323983356,2.286953037971139,0.09290035983463274,5.836523848300196,1.3054103886132995,13.946936966395736,-0.45807095790170016,1.6976624880206508,5.662642233735576,76.1173565568102,12.85371654554981
2021-02-02,4.188593401626313,0.5699355429575894,14.603636368621416,2.196644682380545,2.338484807394227,0.059763683327338724,5.522060061606548,1.3460320120663662,13.80652894318532,-0.4483878687447579,1.7618978515895147,5.014840556699214,72.57014213896123,12.216478636143963
2021-02-03,4.247960401686961,0.4817595940816424,15.593723887121314,2.042013749430901,2.364499761154311,0.019940252295961303,5.22615357384334,1.3728749099043376,13.539745403106883,-0.43766477215179833,1.6067749455219476,5.061710861039147,76.74980352142481,11.616845738427978
2021-02-04,4.119217987342244,0.4786556730174103,15.852427134426026,2.0858298120337437,2.466590556242865,0.017803728904444593,5.1342984993181675,1.3378676459325898,14.011389767405936,-0.45913867260791363,1.6443219862695044,5.156215524045512,77.81148594685149,11.59041655692776
2021-02-05,4.161418189750622,0.4713648962356338,16.421719949883183,2.0706145751421294,2.5574831610717945,0.09289297497565308,5.180682761545717,1.369260727014141,13.937373420006367,-0.4623117013405099,1.839408856831696,5.630097792596354,78.4611673371118,12.519284137320486
2021-02-08,4.204560683920441,0.3837525900498837,16.434796046918372,1.8877750735174446,2.503955826103453,-0.01958542455828749,5.232344932717004,1.346351126486284,13.64990715909366,-0.45261816771236596,1.7794597254974374,5.46622882572501,81.51499325573528,11.127905953519576
2021-02-09,4.515849294375637,0.45566295281136515,16.899060011721943,2.015391476390659,2.7061936056018387,0.010894098828884813,5.64051794554454,1.5000199652281196,13.756093369450703,-0.45572836361985125,1.902289462256301,5.839440083041948,82.89690795729146,11.846888129571296
2021-02-10,4.718796556689504,0.5393191384533353,17.215119296320328,2.151881206381439,2.771637092511347,0.04417915792160754,5.838823714646087,1.5746780545577965,14.604118308109,-0.4519563012294756,1.997851278639739,5.960210030641661,86.05043686021763,12.078455500783225
2021-02-18,4.022549324622964,0.3497245766731969,15.804464229148984,2.187882270920505,2.793024586762571,0.0865439055333368,5.386101096609853,1.2612183168003064,15.02185750034667,-0.47527145041393026,1.865037551997903,5.999678687982322,80.2877935576632,12.227838770559293
2021-02-19,4.038514398838999,0.3931683974984046,16.46010634836738,2.286353235450806,2.561020781942257,0.0654577957898026,5.635260891259031,1.28516669279716,16.23983457401895,-0.47750830981307324,1.907905191133425,5.571536963354684,82.59840167275063,12.408587967772826
2021-02-22,3.6859301575704624,0.33478281152495315,18.240276415662578,2.1720854774434852,2.3887361451739535,0.025882809782413085,5.126024144849572,1.1097868741714478,16.839270211046575,-0.48104518122596407,1.970707595125857,5.253601481348446,83.2475934973307,13.024427921890336
2021-02-23,3.674241988652076,0.312024886853699,18.21291942596992,2.167974352926549,2.43366931218111,0.04418877017821665,5.053755757845368,1.0848978285663629,16.520944403401234,-0.48478809506782783,2.2160049041907444,5.3365215163466875,81.63508302447794,12.410232071436784
2021-02-24,3.7783017565074344,0.405663916309565,15.84366084941449,2.0449572930427564,2.2302090904366443,-0.01734777397590348,4.617600901547482,0.9346872239122723,17.27578505719143,-0.4846221627744052,2.091122748020531,4.961054354080692,79.23812542865703,12.291365665466913
2021-02-25,3.292685953335149,0.3623501905106967,15.554552360990819,1.9857399205604,2.1989118070514855,0.01068754889913559,4.5211791011008,0.9014798051760238,17.536542896747257,-0.5002979480442786,2.031007564278397,5.028807865998258,75.2135169767674,12.101725232247338
2021-02-26,3.329595393891916,0.4294049122763792,14.975858847930139,2.1306516626498815,2.2211389001630306,0.05974088151212231,4.328176568590038,0.8350102320654771,16.63687889554387,-0.4903202531518577,2.2213479985766167,5.0706980092318945,78.69755701393653,11.92740635667464
2021-03-01,3.6474483513915024,0.4199230616423104,15.570291423717254,2.061664927011763,2.3868252413889475,0.03638853448801993,4.683760960131791,0.9574725770051009,16.765137170639267,-0.49035036788541475,2.3439759309026194,5.382957670492135,74.48705447212893,12.75549119696591
2021-03-02,3.8030750098238446,0.4250938077467672,16.086584040285302,2.033471844092159,2.3910047649369033,0.02684503819227535,4.7546589969390665,0.9818896775459585,15.646838186849518,-0.47860599923524505,2.313183210945144,5.390834581755052,74.39389940824299,11.934512545711934
2021-03-03,3.600353398716101,0.36160476279665166,15.197481849458171,1.97832828197547,2.2815778242964324,0.008178673031165484,4.756998837572088,0.9826955126093662,14.98498159344665,-0.4932651101520692,2.279099020655543,5.184603825711337,74.72453835488943,12.237169300428754
2021-03-04,3.3076408007177607,0.34444741263456113,15.813494543156775,1.7621531821196164,1.9414465697753092,-0.014859279928515101,4.581895249290067,1.0280022098989767,16.037875051182112,-0.4845648030701686,2.0631124156080642,4.543577718580588,79.7123370932119,11.608701002869926
2021-03-05,3.3237902235712786,0.3650355511380641,15.403413248492129,1.8471390754006713,1.9917832815735603,0.01545151696891467,4.511233659269248,0.9790262940284986,15.51365393259644,-0.4755941201685244,2.1654889133737227,4.63844446775724,80.94832204836919,11.978295770588426
2021-03-08,3.3143545780065713,0.2852041507673786,16.36182394957924,1.6959993389337438,1.69272529868095,-0.038453498067284486,4.499206700341023,1.1201698132673719,14.623378101528102,-0.4783868142031299,1.9805372571061546,4.074826828884483,85.73635900125822,11.53759045447011
2021-03-09,3.420743062768805,0.271486006727915,17.01972259074485,1.593838741820278,1.520585398025465,-0.08177989049799228,4.7469958473845075,1.2157026961437851,14.89668603286334,-0.4715694785983423,1.8675945491805206,4.0085002892748065,86.66217445674631,11.479244937968248
2021-03-10,3.544369123647809,0.24976028432437358,16.556761272465366,1.6604794460414563,1.5941580405956968,-0.11522933734413687,4.599344474825733,1.2964175800747375,14.317592470237603,-0.47586178077495844,1.9655386699552033,4.154691964385032,82.10999063312421,10.675710849448627
2021-03-11,3.662440158681467,0.25806347434184396,16.791002787221657,1.6807594741617171,1.676822960812161,-0.12090368528237805,4.744825702178582,1.3560827158001705,14.568354654362583,-0.48734475427817514,1.9881440720408676,4.3189503454505465,83.85236262726808,10.761557038184973
2021-03-12,3.6962125790407505,0.2631647095382199,16.95829097255975,1.7290702557180029,1.5912723423996868,-0.12727142605040898,4.786438390363658,1.3731490186740176,14.448625289465735,-0.4541119359850173,1.972163076650863,3.9741499911855636,84.46699135419996,10.459145483166731
2021-03-15,3.49512050465306,0.24309252015609295,17.533991849784286,1.4367077370644532,1.3782741119315864,-0.14003417544787056,5.406333645275381,1.6273820574849571,14.833769763247684,-0.46103404155407623,1.824491253336507,3.638025003599993,86.8537506334672,11.022929677041317
2021-03-16,3.6338387570030894,0.23680173389501835,17.60521663553399,1.3731107208426976,1.3709462170872495,-0.17338001604851916,5.573536177841469,1.7585681994553188,14.63305761352262,-0.46364264754201157,1.7982799409147807,3.8035774155987374,88.74961073044952,11.62323892975115
2021-03-17,3.6936923961405306,0.24690018288089655,16.9451502553944,1.4646879860163757,1.4573054668523895,-0.18823401034217768,5.340323616299053,1.7427074850979474,14.67589439564824,-0.45824920019537774,1.8047517261820012,3.865623508326391,88.95718117398214,11.55066012348159
2021-03-18,3.659415568693645,0.26189606350487993,16.507646695923878,1.4826869679855736,1.4617503798205105,-0.1931937673630022,5.185746245207274,1.7226781982871442,14.807557975369344,-0.4506327828313511,2.021068530164906,3.9041528844355087,89.71274153921874,11.915932405794118
2021-03-19,3.6103875028087336,0.2779208650124967,16.65963296937729,1.4327124939652243,1.3413456061897886,-0.18470425863665907,5.310260297527937,1.777483501025924,14.729133762602672,-0.4375469351446165,1.8543899910498896,3.6642896461717003,91.3553282547438,11.844799844434135
2021-03-22,3.4200125714944623,0.2617319721921727,15.98667967412851,1.4233398995297293,1.2890258828970693,-0.17529225045770536,5.334572052697466,1.7881844064847368,15.020016911881974,-0.41848523579493246,1.8057366519347537,3.3674607096203193,89.56522895410673,11.355324757544615
2021-03-23,3.451227988827174,0.24197553027474594,15.911620169567687,1.4062255666903418,1.272606637368578,-0.180117094325295,5.3793086472321345,1.8078753775942498,14.839053129491736,-0.4267409430960164,1.8086181687799807,3.429465115160906,90.93751742599653,11.034984698390144
2021-03-24,3.399631054440566,0.20379774731086897,15.90921909996366,1.4341176142321737,1.241711925846368,-0.15790104384770687,5.305362138419431,1.775327558882839,14.310607888597303,-0.4244872798102085,1.8798856493693306,3.3692492182782665,92.23140150343356,11.108213367646062
2021-03-25,3.4168521126878995,0.22269581895531654,16.05855504047762,1.424589978687997,1.2176364696548951,-0.1636461684348347,5.3300426189671475,1.7861907601275688,14.420114848704939,-0.4181165060394382,1.8113177070442061,3.3223245144697833,90.30933050294543,10.994010862459795
2021-03-26,3.3218094833372263,0.24426340917229328,15.686957369751578,1.4955712473795453,1.3403532911863119,-0.1898100482806242,5.193831607355456,1.6629098114780074,14.75192769249481,-0.4304224402006499,1.8936206528185653,3.5615079574285833,95.53279782114622,11.345142441490035
2021-03-29,3.3261906164818154,0.22907869328439845,16.14390368319557,1.4834361540187273,1.2856383100715694,-0.18680806939263206,5.287851876833887,1.690383079519476,14.325299038139043,-0.4123999080059221,1.8393486427673102,3.4171730506105806,96.80872063237001,11.11360010230466
2021-03-30,2.9315336950098123,0.22200422135807818,16.306725373935777,1.5107062592946408,1.477751008252591,-0.13083241536887147,5.403109802294685,1.4744953168121455,14.611102253970593,-0.40920711224518136,1.8995317649099532,3.788445718445205,96.97884155425317,11.246617071364085
2021-03-31,2.9538007916606106,0.22547983457361842,15.262240527913288,1.4093293400603124,1.488496789845104,-0.135755135130192,5.2272351162642545,1.456562504427501,14.328126505121233,-0.4042199478909452,1.7824549079656338,3.8092127736039494,98.78577750345079,10.752125011553703
2021-04-01,2.9769851223178203,0.22714745302661776,15.90859072183472,1.5050892375661697,1.5122548434917085,-0.12533592802215232,5.474739426514929,1.4840675490682016,14.247782161751251,-0.4027253143872176,1.8930448519683862,3.8551270522718877,97.52069033907874,11.219218599744611
2021-04-02,2.703024867159304,0.2082097436366841,16.7258101796736,1.6261642403408367,1.5510261211482148,-0.12892651080034456,5.3416524252398085,1.4330080269326104,13.197417082889631,-0.41439484291179185,2.0328703752378163,3.930055549071846,99.44558358144525,11.809793140436701
2021-04-06,2.5823410299926213,0.19264296593956964,17.34067392655644,1.5079170005273959,1.694964294884131,-0.08844531061713345,5.056109394982304,1.323457954165117,12.888819834305112,-0.42022212085660926,1.8963105420503528,4.208227217431957,98.14139085005102,11.233011742620851
2021-04-07,2.615619380813625,0.1801639281149321,17.089225307136385,1.5009066925110441,1.5541090231332761,-0.1120289452955473,5.03918092716195,1.3169632591978138,12.98887243102053,-0.41098575446576835,1.8882145687759144,3.9360134959202515,100.79804074805377,10.753729530314677
2021-04-08,2.624655072412519,0.17161369932653336,17.139209546161748,1.5018440576098473,1.5463360424779826,-0.1256616225433368,5.070736742565603,1.317831680439152,12.983629260282608,-0.4198636691884904,1.8892971007803,3.9209916088079355,99.4910827924442,10.955245494461538
2021-04-09,2.6897151132188806,0.19150411651696286,17.116738209548963,1.4386643812788278,1.4331733669899687,-0.14859167728509037,4.9174309514554455,1.2592989134129646,12.901163358228585,-0.4092960402993041,1.7992938760784303,3.7022959742895445,104.42518149962073,10.672202630626074
2021-04-12,2.723457896524579,0.20299907610259127,17.31550820230356,1.4478769145469297,1.3272711133750814,-0.17997868914218607,4.982354763553512,1.2531411373614056,12.688505942271846,-0.3996634577430338,1.7670456800761367,3.6709809470728283,108.3116615039665,10.693522254684483
2021-04-13,2.6822874541031245,0.24958816042883658,17.09815899780892,1.4547916346116176,1.3490834876546467,-0.20425258235811616,5.099844817505894,1.294484811123196,12.626290383624161,-0.39981150219179906,1.779853883450342,3.7147597677202056,108.80849337998401,10.746670423133434
2021-04-14,2.7299280143304925,0.3231977065289744,16.47949110461651,1.5964701025709966,1.3933972334200284,-0.2511277113629189,5.178763160527207,1.3360065119544697,12.160488952402048,-0.411860614169848,1.845266750862935,3.803700270171312,110.2291695785563,10.898646054243045
2021-04-15,2.8095946592635834,0.213863046801956,16.069829107880874,1.7018854444722917,1.5796326479705982,-0.18924905449015927,5.033953197894505,1.3262046213959087,12.468927690691995,-0.4141107430386237,1.8333280027647811,4.228819214594762,112.60488694494305,10.619780778826394
2021-04-16,2.796758378105196,0.22248341255674764,15.348403173921842,1.6839127775141733,1.5180817332841339,-0.19500668069416238,4.778938909599937,1.220256104651582,11.94507047206257,-0.408935650213902,1.7042822186656341,4.104057805003494,117.3786418611765,10.128691433538583
2021-04-19,2.8046983628725934,0.27190909245845285,15.382591831520063,1.7319632047426108,1.6388440163999558,-0.17266052042872626,4.791024136613209,1.2248992233057252,12.700175871726247,-0.411528495770086,1.7526973225549272,4.348838451135842,122.78411383430377,10.15196434997512
2021-04-20,2.7298453122968738,0.21483702844684704,15.110179471302686,1.6699094745100167,1.7081380747337223,-0.13991148451556912,4.677092418184986,1.16758658445652,12.741902307150198,-0.40726884755659276,1.6901726381926792,4.489294924253397,119.31796071965553,10.306127952344356
2021-04-21,2.594037325339754,0.203110259890106,14.329602567261242,1.5405459453577603,1.7106244211516675,-0.09823812936677312,4.67876151985076,1.145962456438908,12.237503523496937,-0.4045927857548043,1.559827310072778,4.494334655757228,123.69887699686697,10.173312172773834
2021-04-22,2.5536773862228848,0.24948884797226278,14.253727961096766,1.6063285603339486,1.6832799483630607,-0.12158754134826744,4.61499076611249,1.1353409119134295,11.80183077917121,-0.4114961878086296,1.6261091793897826,4.438908428754514,121.33177057677011,10.118009326079523
2021-04-23,2.7955454550546674,0.2619755242543378,14.838052977683978,1.6922147926916233,1.7267772558436998,-0.15053382911790025,4.736262393616544,1.1758822450056408,12.083762629634451,-0.41120270161987016,1.6345091576196813,4.527075849537015,122.86066999456385,10.543907244309544
2021-04-26,2.781058700997322,0.19254012281109834,14.042578186022943,1.6086499500515248,1.7410950617037502,-0.11151499364727768,4.714368354014396,1.0765067501526522,11.72758776559046,-0.40669616672942455,1.6584511421188401,4.748862348427155,123.54736356666113,10.222822535898475
2021-04-27,2.7674341468485606,0.18595888472694977,14.255241887276963,1.6081414237458689,1.7585192914053618,-0.11078826853395074,4.82669067859418,1.0778004115696058,11.907523404866765,-0.41096644861088194,1.6859024802105136,4.72443413081548,125.30814572713724,9.99356878246468
2021-04-28,2.6331460086601415,0.214453503221959,14.643438881667851,1.558368048864684,1.8380804159398,-0.062411571317662506,4.619001462929257,1.0381479840318382,11.52847712249819,-0.4072684080262089,1.6844941588211442,4.889538075598469,120.8059606678663,9.987804433916688
2021-04-29,2.7230940090016813,0.26286075221213845,15.436847821855824,1.6451970838330632,1.823759920871633,-0.06543691433799637,4.878578826614399,0.9615705324768742,12.107247048774795,-0.4151960170422826,1.7015059738865852,4.859820418377871,123.13873177419832,10.057434869278524
2021-04-30,2.5879925885522366,0.2668019009037086,16.138512548359294,1.4931491834992143,2.0052469140591223,-0.0392049262335854,4.896924755261101,1.1135622356853574,12.552239574500865,-0.409387160743386,1.8039389447435843,5.2364392592677795,123.83609319733607,10.914216887091758
2021-05-06,2.5153528490814407,0.24115520354531617,15.791539399528983,1.4845071853014815,2.0354262837096013,-0.007199111078989517,4.692526970207203,1.0757657701229744,12.016416505209913,-0.39570478464114844,1.7942196565969288,5.299066993723711,125.88711250466206,10.701157020354641
2021-05-07,2.380455725297487,0.19352747616895916,15.147185769567407,1.4161036307571178,1.9560072317075239,0.01605035436032476,4.344930558362325,0.9715203655429201,11.974655502255699,-0.3959702220826675,1.717289085488209,5.134257875536945,126.00495736046197,10.41967207573765
2021-05-10,2.3927785026434405,0.211583194781241,15.391460868764433,1.4405238663015894,1.9960574736466699,0.02771738489132547,4.511851135261938,1.0730295130533425,11.988550005447681,-0.39811820174739254,1.8197082735924708,5.21736948277427,129.658876522304,10.69537625796496
2021-05-11,2.3873959541017693,0.22366480855973503,15.0590158860048,1.4123157310968515,1.9195716997798011,-0.018884691640302265,4.4000619988142144,0.9938393328718467,12.118068676046946,-0.3935350846926482,1.7344026432587492,5.058647455413614,132.12862826064924,10.560293299087997
2021-05-12,2.371186744357184,0.2018080451812938,14.992428990141041,1.443860548314162,1.948718620381328,-0.040359421823752406,4.279031819391692,0.9496567891271606,12.412080523667875,-0.394173754606703,1.7219583368574294,5.1191326684840455,134.97628843410095,10.615611077503285
2021-05-13,2.2682184271208046,0.19311600698809284,15.70818067123058,1.3094599569309118,1.886704906041703,0.012416200464198113,4.186796540160212,0.9296932029571614,12.587398333995345,-0.3876361658183898,1.6424475239548482,4.9904428224313335,138.4290029412879,11.338423427725422
2021-05-14,2.2567296317632835,0.20354873062604328,15.535844768211167,1.3130866501947636,1.94248590400922,0.028360477652781713,4.150464900688029,0.9187024809356146,12.479091392413988,-0.4091130839516083,1.6193417030759547,5.106198637375634,137.2098220349203,11.230535040514505
2021-05-17,2.3629206194995787,0.20648808524948126,15.475451086631036,1.3863317691944115,2.035051811562846,0.00928822230402293,4.0728595979007896,1.0031675530965227,12.29230378353204,-0.39908126269741784,1.612944642492213,5.298289895247509,134.89198297822546,11.200665140938643
2021-05-18,2.361630727196086,0.1925060330336168,15.714873977922828,1.4430668122927894,2.04021964727764,-0.014707607416852064,4.146578897339715,1.0306963578149597,11.915774403559,-0.40269482741067086,1.6750674071551988,5.361148277725753,136.86677876966954,11.373353329451067
2021-05-19,2.4900375123169547,0.19988468132764337,15.226175208559297,1.4279503011244064,2.0980698008670404,-0.012447840098451457,3.6562501299872654,1.1417398014764184,11.849447799360828,-0.40029272672343363,1.658515388957019,4.859965625994454,132.8359182791961,11.296793027107366
2021-05-20,2.6388995883731776,0.20270502550044522,15.283721379557,1.3627779144230487,2.065567372728474,-0.01486139650360796,3.531264485137269,1.0892842221111514,11.911054365726544,-0.41222562398371065,1.5871540464697458,4.730764737646745,132.82805191231353,10.966715698103531
2021-05-21,2.671756763228215,0.1971365278260344,15.222994663767754,1.3737175239221773,2.035328398837354,-0.02926106672350004,3.5143660867834203,1.1039830635632586,12.143509264846088,-0.40151441252949693,1.5991325124989495,4.715760874543745,131.88652500272158,10.922088347500384
2021-05-24,2.579984824373588,0.1598165797812663,14.66232533449202,1.2397805656449403,1.9982651193873346,-0.015611916777214074,3.259643081151893,1.051396082041439,11.918164174930613,-0.4072923018373684,1.452476518525256,4.6459678193198535,124.84958736198314,10.249384778737818
2021-05-25,2.5817524531981704,0.16330175434637928,15.43463224805851,1.236563620758011,1.9859369174819061,-0.02520196402453201,3.2617462933893897,0.9664505911033947,12.044014748396116,-0.41549719072761326,1.4489540833735286,4.622752850510707,127.75031294414754,10.804090255251955
2021-05-26,2.514295345103006,0.1445040418542065,15.881141377128863,1.2471745800129153,1.9825648995885063,-0.05168605052511788,3.181482488410171,0.964229878890466,12.0325527020456,-0.4263589885133241,1.4605726895936373,4.616403076973604,125.04376656031542,10.515402545221706
2021-05-27,2.457998594732837,0.12780577797014847,15.533035233940478,1.235782854560548,1.953384935716835,-0.03554517007349156,3.09525610659559,0.945012809411244,12.22733141858145,-0.42988942709156297,1.487239131461617,4.561454921814452,125.81949522528276,10.403071659210644
2021-05-28,2.5537571886563546,0.20896923652150456,15.516979109205796,1.1367960288508554,1.9845770850533113,-0.0329810373376076,2.913943148750312,0.943123902272502,12.244213000941892,-0.42369172298964364,1.5561155394344537,4.7154622439380525,129.51461533505898,10.346249017278739
2021-05-31,2.538564542562507,0.29852734703731576,15.65979656043223,1.1155498919421447,2.104593154066827,-0.03320901005987298,3.1649642232225625,1.0212609668250772,13.225318769229322,-0.4088844233059681,1.7011681207963814,4.945292900531852,130.6431367545456,10.464443718355476
2021-06-01,2.6164846211667108,0.28024104478258605,15.626562653454915,1.1375206451043471,2.0632431026728457,-0.041433105527064806,3.206333848748627,1.0431880217237874,12.423334821916251,-0.40128495335680414,1.7292207317310946,4.866107591929587,132.07122859129115,11.110777201362083
2021-06-02,2.6650365123777666,0.323804517232243,15.941170550337795,1.1457591158089184,2.0859069509696364,-0.04504744192631349,3.1992655741813465,1.0397546722918545,12.45237263549404,-0.40240098128130386,1.7397397436041135,4.909508839594239,131.7833643921435,11.194994737066102
2021-06-03,2.7063400794175796,0.26825926248156073,15.661058646309353,1.097655693001395,1.933612018274851,-0.039721692724205004,3.284160284304841,1.0809914977719908,11.997167434290503,-0.39838673411991155,1.7174916303139427,4.724101473514282,132.09050715783644,10.683307338710797
2021-06-04,2.5595057439175477,0.2766883405452931,15.90433415298412,0.9862965499099072,1.9055736920833404,-0.047199528172214955,3.1603476025773496,1.0208506251405023,12.663075509083201,-0.40074069296865766,1.5963222584916763,4.669392731094389,125.02507459892968,10.162364055851627
2021-06-07,2.745519729650147,0.26780433174574814,16.787727185099737,0.9587404663567505,1.8689816876357899,-0.06267393700507273,3.377760607433678,1.1264569947874525,13.372300134805027,-0.3998402223101578,1.7130256175266196,4.597993941727471,125.18630711298492,10.745691061792078
2021-06-08,2.547238999483297,0.26039785224028345,17.86085243817208,1.0005149675503135,1.906904185982392,-0.07446784395977579,3.1460102410249284,1.1040976593578633,13.240286652457533,-0.39851810571605095,1.7708869288356852,4.671988807890032,132.79906794216598,10.569185679809582
2021-06-09,2.5436025275685226,0.25594690333892967,17.795654933493378,1.0404072237751394,1.885360910065092,-0.0825626365183213,3.128060231208776,1.0949880403641874,13.252714185517641,-0.38240481388807657,1.7611018628664317,4.520040076307113,129.76416257593493,10.519097285318272
2021-06-10,2.310328065291644,0.2532357718725391,17.762685937773256,1.1783210681892968,2.0793622150766766,-0.07855448772266038,2.9645332840382204,1.0119982147774458,13.207282036474549,-0.3798571239311427,1.7551416505975643,4.873591990019283,132.69929326566674,10.736847948208153
2021-06-11,2.1493400168056844,0.2640057432738605,16.922067058576605,1.1970409739993912,2.197090176284565,-0.0659454672343247,2.7869115119305996,0.92185527416323,13.329375599918492,-0.3631618219690259,1.7788185974654227,5.330407587527971,129.79663479329426,10.929929205237487
2021-06-15,2.0922414561519265,0.23257142407932463,16.5971341432597,1.0949429721859594,2.1353681479783213,-0.08645346639586615,2.816385983686825,0.9317968218827062,13.069579351353278,-0.3497837433815385,1.7931931229886824,5.193658908752099,127.93390237827887,11.192682173747594
2021-06-16,2.2614847637825606,0.2728317400707283,16.60400316196584,1.1054707973014355,1.980852501117743,-0.1228266948861979,3.0252628764628904,1.0762575804559096,12.611125706599879,-0.35005991823684446,2.016106317060136,4.888426104324747,123.73262414518689,11.503164177414396
2021-06-17,2.0832845264662874,0.203287058868161,15.642159778236365,1.075301471405719,2.0398000960419633,-0.09246814016722271,2.8429246618919173,0.9628155071782614,14.0308788379872,-0.3427844695603912,1.8513130095948922,5.004872173564598,120.28941683845736,10.82001923423964
2021-06-18,1.9876380096998072,0.16595991151506695,14.759994790359723,1.0803909042314541,2.2033048911620505,-0.032357973482568525,2.639219515868617,0.9019270407700071,13.035311990852229,-0.341685463197984,1.762862477301248,5.327862292467285,114.06294861860567,10.193465513843877
2021-06-21,2.029314362142103,0.09908362605159193,14.434368927696845,1.1166585380731613,2.301413855187856,-0.02203324993561573,2.5640276132038284,0.8437043636628578,12.831621818425505,-0.3367696886183976,1.6782844433077653,5.521668388079592,117.92499949034837,9.962191207435975
2021-06-22,2.0773247475723515,0.10077604836794252,14.49603921870996,1.141288746438255,2.2863230058339066,-0.024450383436205647,2.6159192670209124,0.8357318081327081,12.581604240602225,-0.33567698027959525,1.6667029924685504,5.491857670763352,117.63106557050209,10.139859713806533
2021-06-23,2.0046105579777955,0.12634892343719617,13.961226429284284,1.111411229733784,2.33400984826832,0.0324098480980044,2.530478612976133,0.7923552516459018,12.995547025091739,-0.34290736781847997,1.629494342614172,5.586059060371972,115.53324032650544,9.755391181992405
2021-06-24,2.0183774357886537,0.09814003124457149,13.894396161766364,1.2322484292166935,2.4952499465122777,0.014652654374335716,2.5466549748509317,0.7974901855708354,12.934733927992998,-0.3400908021621335,1.6370276034969748,5.875156207133085,114.97027298976012,10.370927999961781
2021-06-25,2.0351509058488393,0.13078993933549343,14.057761835370721,1.2429099566995938,2.5376166125306088,0.012627655744783528,2.536784904849396,0.7924879076259941,13.360442705122232,-0.3395305396533568,1.585553838217158,5.9584914338862145,117.13908327777956,10.486766916807534
2021-06-28,1.8733752955611003,0.1500134296127813,14.734673432444627,1.1477145225029703,2.462168885036303,0.04487074717381678,2.3482718607908977,0.8058453267563721,13.512689399872817,-0.3182732424007938,1.4910331047124115,6.08589963264777,119.70462568082449,10.572365017362626
2021-06-29,1.7349405338890307,0.11418716600003287,14.22537179848021,1.0328446016893986,2.6650023562172436,0.09615457843972819,2.225151460239647,0.7394419971559705,13.12447944036409,-0.32087430944483974,1.399434511052764,6.251037986131723,115.09355191918073,10.208239973210642
2021-06-30,1.590099421313167,0.07556894597954278,13.683170707712007,0.9251861461748854,2.6416239737955807,0.1556433094016494,2.1133662840218337,0.6791521681138648,13.770824016395988,-0.31518150730226424,1.3162690495394598,5.933755284096279,112.0087456116799,9.687975867150964
2021-07-01,1.6836323975703085,0.16040988536557177,14.311145318804273,0.8636518384852281,2.4450293257733966,0.11391102787973484,2.3589487928666237,0.8116037862526959,12.813115568703246,-0.3120004756369622,1.4989764833755514,5.559433500914448,108.2348785461627,10.531044008987724
2021-07-02,1.6554455720511911,0.12890998989700808,13.895516769677963,0.8446712781444565,2.4427652615074678,0.14174732315179184,2.267768480466731,0.7624269129624135,12.875256446507649,-0.3052971360974368,1.4311405410956133,5.555122658367172,105.5051324020689,10.218028163890809
2021-07-05,1.547544411347077,0.0700698372103068,14.643682364776096,0.8761977315970348,2.5299058985879634,0.15234838410860907,2.1744098399136016,0.6705670927943586,12.959983316159395,-0.30676598258003374,1.3323537728861585,5.721040901756439,103.68578506545656,10.584116752298248
2021-07-06,1.5770628217934615,0.07870130822474009,14.45307813884958,0.8620023662905656,2.451185554900149,0.1324604778694971,2.1930162971696903,0.6511189272749729,12.87739548782783,-0.3130301566137086,1.3645213234982059,5.571155135697415,101.1972880130072,10.65201578993702
2021-07-07,1.7924775895442404,0.16886914962100885,14.866439115570207,0.923397928274829,2.7408343404425897,0.10485300108341988,2.4599181585688554,0.7891347324156204,13.357615339144154,-0.30588605990775786,1.3007168941010292,6.17540997130849,100.95496672323735,11.723484464818453
2021-07-08,1.8019632957805896,0.17283965574916937,15.191853276663828,0.8818786875027187,2.7749630026495646,0.06163788751990129,2.448387146710896,0.795212205177618,13.926853370700886,-0.28819099553792193,1.2300626204499263,6.32891677898758,100.89954400437746,12.221149607178218
2021-07-09,1.7418650735876664,0.1476838736109709,15.391772096491039,0.9520936538819265,2.8261559959600273,0.027238940388685906,2.391441368119622,0.7548516417592479,13.83164565906905,-0.280110241785391,1.2830264082737597,6.566386658099016,103.84042800069327,12.64953826181983
2021-07-12,1.7555530856456012,0.15341337170043334,15.025946528503777,0.8690031603831576,2.8687843430654594,0.043612057953192895,2.4083722123058595,0.7636122589988326,13.730246027981813,-0.2842496902257675,1.1858498252973457,6.6506860324935575,99.37791520891373,12.431978854874599
2021-07-13,1.8936482282662914,0.21121693385836005,15.82909032675391,0.8370712713537318,2.7390968350857245,0.061481615747874585,2.579183527542234,0.8519960712007233,13.26506458011167,-0.27961696697015914,1.1484219616712266,6.5196848858656224,97.0176494359659,12.896438425610276
2021-07-14,1.7377097269484354,0.14594453772130622,15.686837743684556,0.8368139090378555,2.6575648131136327,0.05289134633347303,2.3863015767320297,0.7521921320181679,13.267063027375917,-0.2573039388997763,1.1481209810505195,6.355716114694831,102.31569255437583,13.031033455346257
2021-07-15,1.7088314179163366,0.133856718414455,16.794911341047598,0.8995991884962187,2.880234525338029,0.037205526781113774,2.4917532653840153,0.7337094034169753,13.861842796552503,-0.2812792742765481,1.2215472412949646,6.465300485442372,99.28256828248345,13.510636942802973
2021-07-16,1.5414052882596763,0.11421669077306973,16.010606432518305,0.9390998962636854,2.7656301503697702,0.0657491004996189,2.3230529704997043,0.7036790653220057,13.816890218828101,-0.28856923325352357,1.267742611824409,6.244809664462981,101.06086283701106,13.812374505583897
2021-07-19,1.5515080191011106,0.1414173013015989,15.690220102281877,0.9473151903077812,2.7357624891237946,0.074202249597068,2.282617053191219,0.7244220659507856,13.875791116878254,-0.28034147734341053,1.2773502511256956,6.131862524341893,98.73287931034699,13.632133036077608
2021-07-20,1.5429636762508694,0.13759498889477606,15.571909105419422,0.962028079129027,2.8659395989211323,0.036770388070147764,2.3722020415603966,0.7434976373488937,14.089147157197242,-0.2736301689361592,1.294556711188564,6.288035865738608,96.37238306967623,14.142007203493824
2021-07-21,1.4556410583839883,0.09853120932518644,15.756715992786894,0.9395833838610372,3.0827101558369208,-0.021363291638268445,2.3442296775006315,0.7290353512675127,12.945292971650156,-0.27945211163357475,1.2683080419133468,6.696689843125963,94.92230227381631,14.991048232288025
2021-07-22,1.476611234916792,0.10791221935012207,15.850236149228529,0.9298455206429643,3.0345149751218594,-0.009810775977450392,2.328967721352456,0.7086246025157477,12.787966125947433,-0.29160254635401306,1.2569197852225535,6.7448797532294655,95.36005987784223,14.910763650714816
2021-07-23,1.5443062340810694,0.13819558223954198,15.620023734060037,0.9504088885044055,3.028891552387707,-0.008430621825633478,2.323831363385221,0.6854006275874724,12.641049175095073,-0.2825916065161179,1.2809682757783332,6.707959733864003,100.86403229359925,15.080299959401891
2021-07-26,1.5262801275386209,0.13594797887162446,15.188849728415388,0.8950354807577223,2.8505366942731327,-0.021787405942999993,2.237601060350147,0.7208414732892121,13.028327649120232,-0.24160100857211053,1.216210066801561,6.366736336110488,101.11335697088424,15.335627762605395
2021-07-27,1.3551336637331,0.17258063221434128,15.890961833475814,0.9502644123168971,2.747551582149024,-0.006807996093466717,2.3780161567876883,0.8170187192429144,11.46954847326823,-0.23666541015714393,1.2807993134636848,6.16970817411649,109.48384686955983,16.248620454563937
2021-07-28,1.3095153250843978,0.1372998171996651,15.375330353627533,0.873349685704496,2.7393450367493157,-0.008598617387209018,2.312584845022195,0.7623479362275465,12.122368852532206,-0.2251353106096734,1.190848917740468,6.154007646893912,111.74956596989631,16.60234210642224
2021-07-29,1.3720015617285113,0.06888625664212755,15.818381220832716,0.8527814640795757,2.9582944698548728,-0.07875775871816382,2.4022101262582902,0.656334996248864,11.978293353514342,-0.2341995786406149,1.1667947507951992,6.572895420909522,114.80011773900334,15.54348420506658
2021-07-30,1.468526179721715,0.084718373719046,16.502776985488943,0.79600072432775,2.7041904246492305,-0.05380102910484308,2.5406573507746115,0.7237367658603442,11.926813172725888,-0.22335006727281026,1.0191017441867118,6.086750851568539,119.5124089569653,15.78852279281826
2021-08-02,1.708193524098737,0.12545941046855247,18.202108397808942,0.805412013905666,2.7538646238899087,-0.04919370396628531,2.8844171016656457,0.7884787529289445,13.18186771086102,-0.23235778378047867,1.040630032036007,6.181786104461402,107.1585109972586,16.41908445807986
2021-08-03,1.822755388205612,0.2507095714635592,19.01439500630283,0.8438739613423418,2.694998088341905,-0.04708800717769179,3.048735515462731,0.8641348897699281,13.180771852548311,-0.23643908543622383,1.0842606755968118,6.06916433746269,100.4603443803215,18.35762005737954
2021-08-04,1.587443446272634,0.1448039178588163,17.34594503177611,0.8593526251385695,2.9552140177241872,-0.13624547755202776,2.71122280695908,0.7087359477398767,13.584130468842764,-0.22014980501359838,1.101757300061195,6.7305777887950935,92.00235656987255,16.71848540039431
2021-08-05,1.670975592785239,0.1674753089236638,17.218960555895112,0.9226212372409661,2.987708728662127,-0.1469239732095421,2.6855349679187333,0.7639001994430705,13.19436378610682,-0.2251970727631738,1.0911847897315994,6.826150013544513,93.61996532508655,17.06937755347189
2021-08-06,1.7710999664203486,0.20249084232973247,18.210866353607678,0.9417008699855656,2.954175826812826,-0.1284358087240609,2.8236911836362864,0.7881999705397857,13.620088609176987,-0.22166655486276943,1.11193720680488,6.760339409481126,98.10203026289773,17.24869372920419
2021-08-09,1.8224785561857315,0.30036920387364274,18.320316845964662,0.9594680493090604,2.7253910818325386,-0.05845998682263309,2.8945857248272118,0.9080260688112722,12.475653466336377,-0.23043753528130717,1.131262102649183,6.311333763166791,100.12700933448622,18.47152663611997
2021-08-10,1.8376598892238833,0.32104827804337455,18.37200872055196,0.9636595316219772,2.655146075821351,-0.027700713234962482,2.989618278887258,0.9182888143448449,12.731993723010284,-0.23099996701704384,1.1358210682371106,6.173473153941622,103.10312435672826,18.51317802182619
2021-08-11,1.8030423876357276,0.2868978324081599,18.810537173016503,0.9115972421326088,2.602827860935181,-0.013783632504553611,2.9196222955560533,0.8948870083957581,12.855357423652931,-0.23117917330932392,1.0855645894775163,6.0707950934310695,101.83313774330902,18.39702620854654
2021-08-12,1.9028718351875278,0.3067693530509956,19.690667408761026,0.9794989507924465,2.602490102850938,-0.013691176643826464,3.0738542069932606,0.8950646503566055,13.203518311758415,-0.21186005120875184,1.1596457798165387,6.070132220183439,109.7418470467883,17.342557901890398
2021-08-13,1.818403367212651,0.3193531117663848,19.5899837787481,0.9226402313941073,2.515838169464505,0.010032848688616092,3.0487728915902395,0.8634630120667917,13.033106175936869,-0.20927143085160493,1.0976125600741198,5.910579566997762,110.53162961234611,17.89417973017641
2021-08-16,1.821687776894882,0.4474564152088112,20.087389299679774,1.0325066765244784,2.5108267973549876,0.01147251974389274,2.9509660485438687,0.8184470432228717,12.528077347431609,-0.21143998506223516,1.1643597211135948,6.130477929552478,105.01302825645867,18.814894708028483
2021-08-17,1.753617589047645,0.412538083389556,20.879852708811484,1.0252382615971847,2.545214154042479,0.001565489769576267,3.4076998639235967,0.8867842244034627,11.653489456589389,-0.2066880002168927,1.016694302156775,6.200318540345506,104.48803367434031,18.43054718367936
2021-08-18,1.700475672415163,0.38527758746366536,21.147462080999524,0.889994041804349,2.408418670062943,0.04021185355947687,3.4616098151959322,0.8391899336394055,11.808518784658327,-0.2310435220550099,1.004245258811078,5.922487352514367,110.04474403032435,18.668199447718617
2021-08-19,1.7526039727777931,0.41201812317837616,20.40923877823573,0.8227922975262654,2.3024985466366417,0.07253750911530887,3.31289461155899,0.8552496053109391,11.504964979136943,-0.19009005266223267,0.9867443361401713,6.0190957107555,105.17089318354326,18.89830902015414
2021-08-20,1.7203771245405788,0.39548654282250517,20.11842126076749,0.8262118038146371,2.2619308902911803,0.08571248329712011,3.377782216882337,0.8780393589960565,11.300524191164007,-0.1823806020533626,0.9218755114050736,5.932873640214447,109.80977638132157,19.197679567916037
2021-08-23,1.6123198319282177,0.3400558099531241,20.341155612252926,0.7611239363063707,2.304482591953318,0.07154942612824366,3.387354120714021,0.8703759833421225,11.918851381018696,-0.171420717949905,0.8533781014154862,6.023312579824651,108.96522608537175,19.24184125455767
2021-08-24,1.6829840148393602,0.3763047974271314,21.278224368831015,0.8313465354556375,2.4679930966774477,0.018527634477795818,3.361630188489361,0.8225336015325111,11.70105709933688,-0.16348475224563963,0.9007856940894738,6.3708360885152,114.40646207889947,19.382728207968253
2021-08-25,1.6274015993514808,0.34779238562540216,21.11526769807323,0.8928390367530235,2.653413873698972,-0.03677270558730372,3.22472892781471,0.7429560547588725,12.231448490620812,-0.16498900391413573,1.0134172913275834,6.764927459729338,118.60131700294036,19.71768591234856
2021-08-26,1.5516629099845676,0.30894030117391624,20.38131166632987,0.8800760579679601,2.607704306845139,-0.05804431912375485,2.965442527745644,0.75433064869925,11.79793631267395,-0.15400155720619801,0.9910601809887978,6.667776826621268,119.40776120761647,19.038896349116104
2021-08-27,1.5214916884544922,0.3690359864024768,20.369053818819726,1.0339451314252894,2.8039337334097665,-0.09188900579709913,3.070998102146639,0.6435930990132743,11.490811775849412,-0.18129241383915784,1.1155991960281049,7.1473893379087965,115.6610346727293,19.65095814765755
2021-08-30,1.4548123871827885,0.34577064228915066,20.12797741090846,1.1883644871729135,3.161493393096121,-0.176266195986309,2.963343054076284,0.6001292875246182,11.37276828679165,-0.2038287038275891,1.2562245052545111,7.688951816842604,114.34491541819571,19.68029309235555
2021-08-31,1.3572938945726123,0.3496719109044324,19.22741117938715,0.9636741917213825,2.771680475563801,-0.12441252289000992,2.8058975228623537,0.5365634537706694,11.900149450299018,-0.21099710040904063,1.024566683323057,6.7968138012908,118.73639951451293,18.69277556561297
2021-09-01,1.3197758975410352,0.3143368992628759,18.331105442413147,0.796378941608787,2.49129991128326,-0.11487634259031121,2.637252719341826,0.42824819749523124,11.975330095430504,-0.21655538876772185,0.8520836965403822,6.217211401946661,113.4307071123713,18.304283294848418
2021-09-02,1.3231705173221155,0.30490955588220636,18.498049620063156,0.8367677706292578,2.5908112891506407,-0.14492338048223774,2.6425752550414825,0.430338209547106,11.799989199673046,-0.21114383985420593,0.8937249616535097,6.46221199892874,112.11896003079657,18.18189568207703
2021-09-03,1.2830071274841566,0.2604215922760955,18.160963830564956,0.7826824652131239,2.4725470225394663,-0.16146561393617853,2.5796017587391233,0.3568460931245492,11.17545441019693,-0.2104336947608222,0.8379624997010673,6.216442183060984,115.97549717877455,17.8999397467437
2021-09-06,1.4997884763442602,0.30024779807334423,17.563745191154386,0.7991829987346537,2.4973229698617176,-0.08826198608587965,2.9195003461327587,0.4396068788757319,10.526080158441978,-0.21002311826651288,0.7355843733925806,6.2679300938714295,108.37700509003315,16.84717592869539
2021-09-07,1.4480973572465494,0.2977848670761727,18.036763496119313,0.7799510624172288,2.5557415556446683,-0.10936608181662155,2.8458764674430244,0.4363602891831555,10.504038799032756,-0.221268354394628,0.7724705814020001,6.436161636402956,108.04340480593731,17.226480244739523
2021-09-08,1.4708438726386013,0.2956722850781708,17.96883873676,0.7644279832054637,2.3874956171772683,-0.11081588850654167,2.7921552010816533,0.416296437850612,10.524820135342816,-0.20380232732206227,0.7531163645011179,6.371310344392371,108.99438005804588,17.542005283679106
2021-09-09,1.5454216323518923,0.29504244915482025,17.809200151269454,0.7432090446035788,2.30189149155757,-0.11124812750890434,2.9084576446913277,0.4116599070603768,9.967047011066004,-0.19639485029648185,0.6993496523514064,6.282663268341726,107.53754142207649,17.208696733381725
2021-09-10,1.5153889271560033,0.27075403786224306,18.497170457175855,0.7184541996176332,2.3409525114754617,-0.12226438617305091,2.800989866233612,0.3950041336958565,9.907397222986281,-0.1974018268381349,0.7265661305726905,6.535886824583101,104.55317021576805,17.487863680226628
2021-09-13,1.5038404791740798,0.29331348728517725,18.624970481157302,0.6385701121090801,2.24815713358146,-0.1375326394588584,2.8496574741608525,0.41286566888139054,9.835901431854202,-0.1890312149210973,0.6620896660633726,6.18557347745782,107.62901934023512,17.60904790164421
2021-09-14,1.612876281821928,0.3496339579119414,17.980172709472498,0.7246885130508738,2.314728091830709,-0.15804767357913085,2.7231731788865243,0.5238406970488192,9.479877197108767,-0.18058233903126863,0.5127944844139423,6.327136868973636,106.41105048912641,17.19053204685452
2021-09-15,1.5700438261121952,0.32750962805798234,17.571634518282792,0.7987055952163002,2.4660505511956194,-0.176086492539951,2.7419087495763237,0.5226755312154814,9.334919812294888,-0.18967212415124335,0.4835594150407776,6.742938525318443,107.22662420131077,16.930533724961343
2021-09-16,1.4297263352307845,0.26151291432677937,17.38418249744999,0.7564731131626989,2.329908393154475,-0.16521579479041626,2.537610580995277,0.4395415364579349,9.070305018183017,-0.18827170538087967,0.5480819057891944,6.438805522972835,108.12613278314778,16.582376951367397
2021-09-17,1.3864921554652732,0.32751121001915373,17.516411229318727,0.731355827181349,2.2039287225355952,-0.15989472834661078,2.4746628779632824,0.4601267513310172,9.249494489497819,-0.1520700048891217,0.5867628602163888,6.157374877160307,108.91102545670867,17.82947691390355
2021-09-22,1.33605426971633,0.2838167909530578,17.139446544346505,0.7279656145878373,2.0442822522566417,-0.16979100123920265,2.4012267894123696,0.41362330450575713,8.936639511912404,-0.09255654916491651,0.5666549267291823,5.649465481641801,105.2933547583042,17.445344545526204
2021-09-23,1.339190676701255,0.30049937951745687,17.16380072463328,0.736995597012311,2.0567481442464115,-0.16011747607571902,2.405793306379855,0.43162698497621976,8.882609402294882,-0.10643591156213716,0.5866075934816377,5.751169164755702,104.87243984226991,17.651935394801985
2021-09-24,1.3251011847876595,0.2838534407564721,17.45230739168936,0.7762587603408371,2.13865817982783,-0.1658088709859119,2.385279417654338,0.41149347540333303,9.039580883302515,-0.1097341300865633,0.5642945332313045,5.77608828526295,107.7094466564868,17.220975343428304
2021-09-27,1.3339535926748898,0.26921499722950304,18.7773226031562,0.7980655085146644,2.110622649419166,-0.18594758780726794,2.39816826499285,0.42281365085778466,9.964646444877053,-0.10608494390553003,0.5628673780464193,5.80188703233404,110.33386771045886,17.51679841064188
2021-09-28,1.251835751508514,0.26258452108973196,18.0814771324839,0.8033940418921293,2.027121748667269,-0.18341088537599903,2.2786070866056267,0.41094707507767936,9.978901054581383,-0.10212927129627614,0.6253282186824187,5.562569386642254,114.68339644428457,17.459097448340117
2021-09-29,1.2714636662324392,0.21462562759062442,19.000230637919316,0.8827299379261104,1.963090832226412,-0.22272881167448277,2.2425813052229686,0.4252883255724571,10.49162787022762,-0.08725551024850686,0.696830545729697,5.453856533225989,115.29501617263006,18.34788401187954
2021-09-30,1.3887461280254119,0.18191936807469,18.77947355118326,0.7777815109402164,2.03070065875138,-0.24512639295678873,2.410005474798704,0.386909545475685,10.61846932202951,-0.07680605221099657,0.5835154980944854,5.37997024436719,108.81241940303663,17.055824292678842
2021-10-08,1.4437774751129324,0.24043758908170343,18.913531148247003,0.6866626149027497,1.9299267218485374,-0.28381688967886365,2.4331171687850373,0.4118784044018011,10.195315780874719,-0.15030093997495741,0.683829980079171,5.607543624671851,109.55668537325232,17.178199663864437
2021-10-11,1.5694774172169006,0.2710731060147942,19.340532928907205,0.7044008880828287,1.933461348221872,-0.2762849437250088,2.6097055176618005,0.48450082420004725,9.889479483662589,-0.17351322083858678,0.6862117641200907,5.645592673211087,108.09052012854289,17.260947525534398
2021-10-12,1.601288699183443,0.26712544686498707,19.16499145350664,0.7502255483592306,1.9615915242315949,-0.25682708212531047,2.5881925966147916,0.5028796097000741,9.984514476328883,-0.1770772422463276,0.7226489814642905,5.709320014189917,107.42977602384825,16.877274431554444
2021-10-13,1.642341446934458,0.17411326837379804,19.78141634861811,0.7669146865243344,2.2199927452411075,-0.23410898234298083,2.6224075251216035,0.5177117664196207,10.664825875619051,-0.1875650787302029,0.6469607539579083,6.294713533054763,110.74437268343857,18.18953932567182
2021-10-14,1.6473796805758187,0.17609412779444944,19.358378172004084,0.7309463793271447,2.201358148391702,-0.2595095843680838,2.548667764141247,0.4984934745309393,10.528024391901267,-0.18885151167126057,0.625573358642681,6.146218249567969,108.9548875892963,18.15716444262168
2021-10-15,1.5629622357903652,0.1397773894875618,18.686706492152037,0.727288391720454,2.290142002570785,-0.2839401375869932,2.7727770864585835,0.5047647141986258,11.239691312225483,-0.17382110761974445,0.5336625461424223,6.5975239889290105,116.13124442385975,19.366998506024533
2021-10-18,1.4627377063551301,0.09807513945336921,18.47946347341943,0.7324294290554128,2.2968726612421464,-0.308008128781751,2.625242798643476,0.38335050535588544,11.338841395412691,-0.14893733281547905,0.5220823345051377,6.613066278798873,115.00720669024588,18.570547894006463
2021-10-19,1.5268394930413498,0.10189223233321898,18.579295750518817,0.7183332540550138,2.2178807414546435,-0.31123314616705344,2.7196030465759806,0.3769034217768754,11.402077974538862,-0.16597428384653856,0.5844366380203998,6.430659864410624,114.51367612243146,19.37228368429773
2021-10-20,1.457810618478946,0.12642422098402384,18.474304487759255,0.6806056925366615,2.3748653844887158,-0.28669156259086537,2.640250790058441,0.42596413109212405,11.536718130377036,-0.1772015348165108,0.5411525757603373,6.450018655886837,115.50593825113154,18.81574821029322
2021-10-21,1.4448518553802696,0.1000883727637858,18.03807495545839,0.7965701739536002,2.229865855797703,-0.3224850174332077,2.46115150723203,0.2893552740509633,11.928724045330311,-0.2206753343199389,0.46532831612455494,5.982117842116678,116.5831579242952,17.840819146937317
2021-10-22,1.4640984863376905,0.13991085059872987,17.582805724415483,0.7155888443055369,2.2482482044588212,-0.3270184706161344,2.4379919185575374,0.29217235664094865,11.870410947314362,-0.2771729615444667,0.46213251755129936,6.021855630092118,115.08332705139274,17.541019070922165
2021-10-25,1.4160204983964828,0.18807552739875644,18.035537936755404,0.6096265093251345,2.3733535238478245,-0.31062264636976944,2.5217515892110542,0.323653504236326,11.652423213812144,-0.25576536114380377,0.536723564127144,6.380077305669265,110.86565979117111,18.666385957350457
2021-10-26,1.4698634854687262,0.21914990966601033,18.08774458827318,0.5697463772080131,2.2911669485640043,-0.308731967819744,2.531410305374526,0.32728374139881344,11.934392783187066,-0.22669959477993962,0.5298984213024294,6.34998920486693,110.003306548218,18.282041316526517
2021-10-27,1.456900916772041,0.19482243519896314,17.706859009376693,0.5928313239681933,2.3506231998277407,-0.3123599454013707,2.3561441332006967,0.32031776664794154,12.503403348964351,-0.1893267426027162,0.5218690652259661,6.634755459739447,108.26989057645227,19.137823655389756
2021-10-28,1.5079501685218233,0.15895349101905487,18.25802960314435,0.6737443163708359,2.3995852072391366,-0.2980722262586063,2.2553916338944244,0.3477512026482319,12.791393978413666,-0.20821417971995626,0.5534903147890124,6.708072724882685,107.23618633595204,19.540649703620737
2021-10-29,1.7421504696290366,0.1103684570978194,18.791747004204996,0.8165985396288342,2.707191059819,-0.3283898033490604,2.3623626131693176,0.23122859979763377,13.334636600081048,-0.21127273395648716,0.6209562510184252,7.6192418561708894,105.97242573449147,20.189512987370087
2021-11-01,1.754893143955691,0.05843631897799417,17.83865532297296,0.8301201839974253,2.7797625621586755,-0.30026126183155244,2.200444626080234,0.23695007469211915,13.671970143532542,-0.21519883968625497,0.7186129743406127,7.683398201430217,105.82418004975837,19.932431493689084
2021-11-02,1.892263312367786,0.11121425546910335,19.52314798564796,0.917752676912923,2.847483228667473,-0.32809438238404065,2.4866182089343947,0.29862943254693075,14.068554318680704,-0.2292605315862114,0.8009061158595621,8.099189381716084,104.27497039581068,20.99974827970756
2021-11-03,1.8712208065370959,0.07165704239825765,18.792561121992172,0.7167696737145184,2.4442619252312774,-0.32385237518729315,2.3625009212837926,0.2524005789208186,14.625321603162584,-0.22178331571210563,0.6121687859623226,7.145582365219989,115.30792577451612,20.186880644901166
2021-11-04,2.048859612389456,0.1533637759704647,19.304814955817722,0.7506999054611874,2.5123343097267874,-0.3174336607702133,2.570534607503389,0.3478878069975906,14.348813849639834,-0.2203848798854059,0.644031686012329,7.306571635705817,113.6815215498467,20.72693662380289
2021-11-05,2.0058103622104873,0.1201428796220787,18.861936604282498,0.7120267522219887,2.4347464589685637,-0.3073388806614108,2.605063231536814,0.3609224688740653,14.564563456257,-0.2388002613543615,0.6528455459017166,7.123078555733663,115.30080027689671,21.345077845098093
2021-11-08,2.0294452773765257,0.1289506481581617,17.948640401626047,0.7509715332608351,2.512879261855477,-0.3391889858461843,2.6558641279542687,0.3929956709182907,15.293011804157189,-0.24728456689092326,0.6519815208459117,7.307860432128884,118.04169048225283,20.405792601317216
2021-11-09,2.1096800053019815,0.1588508575373122,17.858031608828448,0.7550209123039291,2.521003311500868,-0.3328923452015833,2.75268953220546,0.42644956838119685,15.370921886322506,-0.25765177890444857,0.6067684651430576,7.3270735805369345,116.34238793149015,19.971574272218305
2021-11-10,1.8740327828510321,0.07103475255288627,18.319784069022298,0.7979938609529607,2.6072176086852616,-0.331032846745124,2.655232841015544,0.4477886731330871,14.700222386119222,-0.25972100320633373,0.625675558542893,7.554178880238258,116.01530730564755,20.830757675604058
2021-11-11,1.9129112672201365,0.08552317736639448,17.727200501297578,0.747578751706788,2.5060725081562767,-0.304625208738764,2.5527414104261617,0.3906368697840217,14.157859627231723,-0.2889436932531054,0.6299555157288126,7.314322742726231,119.47696811430873,20.86444972379389
2021-11-12,1.8348051723442018,0.05641622267281088,17.57735686614327,0.7335956925273859,2.478019054587479,-0.29072086339917624,2.524314540768595,0.3795098418156071,14.002736683124768,-0.28708865476555856,0.6213144162682189,7.247796603726977,118.3009152840368,20.579984293090725
2021-11-15,1.7269021491495846,0.024226697213022508,16.97240899943401,0.6891500553285943,2.388850182204487,-0.29820078506057246,2.394157928569137,0.344142198595341,14.101683318483696,-0.2798079678469111,0.6320032423491844,7.098967741055008,113.89500803993525,19.90089654607973
2021-11-16,1.6919562269362913,0.03213678444799828,16.18566953565519,0.6675031816193553,2.3454212330224435,-0.3008579318436726,2.245579182737835,0.26256386748816696,13.491499391532658,-0.2770811823209184,0.6043948162426027,6.93551960906268,113.04867905987462,19.175203442605444
2021-11-17,1.7534769668230648,0.05244331515637857,16.530276985962132,0.6998485754516328,2.4103140431290426,-0.30633830353922065,2.310659612953959,0.28386346083119207,13.145204987639776,-0.27141443158878875,0.6355160655246792,7.089448854804585,115.62383122670246,19.61399507873043
2021-11-18,1.7550079220759272,0.028468684893181884,16.348870001376017,0.6898998345895933,2.3903544236880867,-0.3135164603235433,2.3565300818215733,0.2793259226611422,12.877968681719778,-0.2638748752495319,0.6259438449477466,7.042103560914633,114.14659825576918,19.492277911661404
2021-11-19,1.7499390137623219,0.037824734260765824,16.625753314724143,0.7123035055729754,2.435301694213034,-0.3118373711382805,2.410099401917562,0.3041183843120572,13.114409294633536,-0.2656753841685824,0.6474996260621411,7.1487209109522905,115.08490338967201,19.78471722020286
2021-11-22,1.7329862741308806,0.03587875910403704,16.884686170383638,0.74547452912083,2.501850920458176,-0.3155056330886701,2.4169031682118005,0.24593238596859224,13.467680767938264,-0.2617610550049303,0.679415258257791,7.263142377370455,114.36926674011094,20.090057144562653
2021-11-23,1.7285663132972164,0.028970682960165917,16.791253308181307,0.7635491935999095,2.5381131399217383,-0.30909212267013464,2.4408531112566525,0.25466544283695547,12.947530470574348,-0.2592909785718168,0.6968058685517984,7.3210608431761734,114.40468665211202,19.979878839824472
2021-11-24,1.6863297936953714,0.04540660441594624,17.757235754634063,0.7078343584648052,2.4263354866555447,-0.28866118026895005,2.3990307726637,0.2394154332391787,12.912289600016656,-0.2736887362047338,0.6431996184025393,7.219921325509063,117.52574618620653,19.65512328613159
2021-11-25,1.6567393750648298,0.05719170931303408,17.716258724039562,0.6489114580642754,2.308121665965998,-0.2850323735436685,2.3916052548643254,0.1939460778058144,12.793749249502511,-0.2721020376492007,0.6231310233043064,6.918364224991874,117.26681500939343,19.427603289764612
2021-11-26,1.6814644019775606,0.05805426976022221,17.89044216295751,0.6371291856944719,2.3173914873536914,-0.29214460379032525,2.4231693337464826,0.20840317834043542,13.059336255031205,-0.27887624248004006,0.6216028342844191,7.014245094152091,117.01963778270944,19.520743868997368
2021-11-29,1.6426644080344808,0.05522172320715657,17.617103072211307,0.5676630557822264,2.337001683338048,-0.32065245789299457,2.37363708960498,0.19091794304667964,13.422121301967062,-0.27270459630084265,0.5527955134347318,7.022772828305746,112.9642202953327,19.517021450529086
2021-11-30,1.6318064888770096,0.038523849537857036,17.67588821864311,0.5582332555277958,2.3179076467556357,-0.3231080443422656,2.384289646533464,0.19467837158374657,13.023867352769456,-0.27500109574223264,0.5434551443588276,7.002199825742938,116.16754712834899,18.940325315762113
2021-12-01,1.6425256514746756,0.026169691553638907,17.45372204147598,0.5975702147952371,2.4901569037436277,-0.31101034443254516,2.5350355818373735,0.24789276140295513,13.080985577470914,-0.30729461944478964,0.5824190362725583,7.061193370672417,116.22628841879511,18.815489278934283
2021-12-02,1.6488651546920563,0.033068454032777916,17.577783243310396,0.5865957751591568,2.529484517236894,-0.3179089321223171,2.5588010185240466,0.27408952082023386,13.376584849251659,-0.31510012797134335,0.5349915710254558,7.03001558846853,114.10008402193844,18.872066257738293
2021-12-03,1.6550695625233076,0.023903543797949123,17.300370273651218,0.5725202240168015,2.575214396699549,-0.32111432453673205,2.5671367591600256,0.3260528623110919,13.074103834370963,-0.32397405515218236,0.5240798362744086,7.097493888479537,118.27032272006268,19.248773311247607
2021-12-06,1.7315423848132716,0.035817589753246226,17.562880199932252,0.6049278031532557,2.602106477324114,-0.30313753857098646,2.669879459132071,0.3481672381446901,12.70142377727959,-0.3290589933393656,0.5816524855108585,7.333954614103426,116.83489778032119,19.83198998657613
2021-12-07,1.8977001625624061,0.07097215274708146,18.06204228948823,0.6375893887421091,2.601490388948362,-0.28920482466653985,2.8931156127889963,0.3648805341449701,13.638953701849204,-0.32894423855418053,0.6138403994630244,6.943226919399564,114.31666391574416,18.410108875045353
2021-12-08,1.8734981103848294,0.09430822485219359,18.07398592376232,0.5976931757472057,2.5897676340982567,-0.2860626770804391,2.860599692608097,0.3534808350559089,13.31780891805685,-0.32675997000627044,0.5745227776224149,7.264707819445434,116.90162329831078,19.230869941731488
2021-12-09,1.8828669462987833,0.08226069426917726,18.285030790036956,0.6377726857371151,2.6231093327184363,-0.28331472606078856,2.8731869029211263,0.357893762912201,12.892329422141815,-0.3330130115585631,0.6140210382102427,7.114962026693476,118.20615043920357,19.16602685300745
2021-12-10,1.8629020764469013,0.04196772534183024,17.775627819716526,0.6632774470015719,2.5396033229863297,-0.28567454991829033,2.770878903808493,0.3282797488522573,12.591460658562465,-0.3176401876018019,0.6391559190235929,7.020903602094807,121.35491217960822,18.333213166555673
2021-12-13,1.916647635589229,0.0812709741434221,17.03713570261614,0.7278641906078214,2.3340285721168224,-0.29906528452684056,2.9171404165338757,0.34172262483657767,12.125962903215651,-0.2702386902752215,0.6952958307032278,6.705421523996258,125.54547994903945,18.695633302383484
2021-12-14,1.7454190244042151,0.10067470398382361,16.598888553992605,0.6879286095992583,2.1596205083856646,-0.3003534063229034,2.719427500212084,0.2629536645950483,12.209914291752593,-0.23727187909905778,0.6795478813968747,6.31649970884569,129.09059734370953,18.836195565386735
2021-12-15,1.7135615140956468,0.08538020888019515,16.79671984215795,0.6646794432002574,2.0924866190432856,-0.30821822042539593,2.6822096835968874,0.24829850302173906,12.248448858254342,-0.22974476568091007,0.6677757979411636,6.243288402962344,130.93244842527662,19.05917669905099
2021-12-16,1.7438743247541355,0.06779439258009634,16.925341059675528,0.6798432905014531,2.0720965572291896,-0.313217895395532,2.708821907470712,0.25732025954249327,12.475024577484481,-0.23063696315303595,0.6654418003439697,6.171332593124255,130.86325108040307,19.204149241874326
2021-12-17,1.7547670054732394,0.0720333416045078,17.570174480596467,0.6419258785467525,1.9587801771247912,-0.3379237044769352,2.842240418740263,0.2660998367644183,12.634905528150428,-0.224562714012001,0.6949757701397863,5.9068130915919,127.74450319398633,19.930958881315064
2021-12-20,1.6015238891491022,0.08206327444460126,16.72124221145989,0.6658573142341848,1.9294482634916017,-0.3076570027565386,2.6665930719338222,0.19293635631037498,12.61419890654616,-0.2262362329116313,0.8243405571877265,5.838342291817912,127.13223276988853,18.974103767385706
2021-12-21,1.5870193068694087,0.059710581706819754,16.897948302689308,0.7348304571064088,1.9163038294721666,-0.29647578622474113,2.59937189258984,0.16764641686342374,12.36460412240533,-0.22667179740565524,0.8243028837105981,5.807658650745522,132.19874278877853,19.763905011523477
2021-12-22,1.5869952611935245,0.046869469498811656,16.669183687707562,0.7246401180599014,1.8809924335777959,-0.311219853758555,2.653155700015593,0.1921172983039734,12.25521316579566,-0.21557702690762692,0.8144409139869913,5.72522967770751,130.5846983207489,19.948051417740505
2021-12-23,1.5760547410142212,0.03458128440400654,16.24207923744221,0.7452007759631103,1.859359105902345,-0.32379860486568235,2.719870945158521,0.21388817376792768,12.309067356733966,-0.20943083015863428,0.8912365972724792,5.674730031955288,129.5536914879838,19.783916952104086
2021-12-24,1.5289453434591227,0.01645266536671741,15.926766075597914,0.7707938428052419,1.7547484852466266,-0.2941502302689384,2.6518440991373304,0.16066466439128702,12.483990457767788,-0.19708007487037527,0.9774351454201451,5.430532774636027,127.16620116929138,19.459217884648115
2021-12-27,1.5358822975703665,0.005635179542861968,16.4305921124773,0.7818652193527866,1.7664080242623905,-0.29399649357876,2.661861189859616,0.16041186733508273,12.169359030755993,-0.20037655588950343,0.9897984869701772,5.457750158792717,130.08704524270678,19.543215580199213
2021-12-28,1.3225148880997617,0.007735460420847939,15.623562294101642,0.90598604583615,1.8846574895981152,-0.27099600139063507,2.4923184025636043,0.12260746006670953,11.918106949791872,-0.21390000208569204,1.1284034892204549,5.733785182134053,134.48633245808566,19.397436623336077
2021-12-29,1.352333469059332,-0.05668856267550426,16.762007666433508,0.8411019350957323,1.9164032561691196,-0.2551076819170994,2.5371559963103736,0.06525279404417383,11.90598726214481,-0.21718971276059917,1.0559477815847318,5.807890746937553,134.61344489307479,18.59893108227639
2021-12-30,1.3848919569912796,-0.05284529390697179,16.854654812469928,0.8318863338108518,1.8519644370053427,-0.28089395835653874,2.6596033354976307,0.09312996535989093,12.015015999876242,-0.20117596960119455,1.0456567734355091,5.657468325140881,134.95805751137175,18.309974202847425
2021-12-31,1.2213480600836162,-0.12220778604017857,16.930197769541927,0.8417099272682744,2.004940377415669,-0.23445831707354192,2.4492558103492583,0.030298788918274644,12.818162562319221,-0.19514844695726208,1.0425817648258624,6.0682955419465126,134.56855179920788,18.391674609132977
2022-01-04,1.2880396148983495,-0.10803561689850638,17.038040168513838,0.8537217403241928,1.9396951752555038,-0.2214657249240215,2.5528128517150703,0.057381946841436715,12.908285975902087,-0.19960460907062638,1.0568331360445886,5.914824153619429,135.98330848036474,18.508307160363618
2022-01-05,1.2934520444873665,-0.08424408318146448,15.981678230285613,0.9101193620304513,1.8286952015050821,-0.22330737220977992,2.484604147345828,0.059883217054903515,12.570208136140074,-0.21814939730481708,1.0124065151611532,5.6537272528246625,127.96115352897374,16.272679837602777
2022-01-06,1.2940914627628568,-0.08567128292379877,16.04576856206285,0.8421092083554003,1.893565773815796,-0.22352391541670746,2.616236419880391,0.09992071646167178,12.696505636251048,-0.23334681529855805,0.940754408453383,5.806317427496175,127.21167216383168,16.146375787362608
2022-01-07,1.29541420725841,-0.08074047910105275,15.563388889108147,0.9041395957875316,1.8637875506600765,-0.22397162183272568,2.6594940283038877,0.11307802536659262,12.739586067385833,-0.25263100010555206,0.9268861140341247,5.528487679195439,127.9030937405789,15.831322047554735
2022-01-10,1.3053366900486392,-0.0718913417210928,15.728185392175636,0.8806485849625587,1.81243594821867,-0.22732619208969518,2.7509763091886392,0.14090343395468263,12.876287303627945,-0.2465131707293815,0.8889361290324835,5.411423023415232,127.96035054763078,15.976576467789645
2022-01-11,1.3076124805057967,-0.07097512812121654,15.74469918161273,0.8308636442997124,1.739185451534524,-0.23488878520672574,2.7546792112967453,0.14202971505658857,12.830515565265136,-0.24002642297631482,0.8622309484044213,5.244436137468622,128.08765808426733,16.680577646849
2022-01-12,1.3038509064975048,-0.015591666820734318,15.68756995948371,0.8984396361702656,1.8451674412478982,-0.22338761387136497,3.0458055755902516,0.21011137836009808,11.858721427225754,-0.24261928527996535,0.7899155933651447,5.474914232861231,124.03019479879458,16.25031485815277
2022-01-13,1.3064178832329807,-0.011911227528910273,15.818581317627785,0.9267411090227213,1.7999671261612948,-0.2540431382209465,3.0503134579187083,0.2114596981436503,12.254698715334525,-0.236673214263723,0.7824599701713224,5.37204922771563,125.17423033764722,16.047199385604557
2022-01-14,1.3397342727738821,0.0324455134805266,15.485578914154942,0.9042718249524857,1.7886971332563517,-0.23780165145266763,3.1088205575678076,0.22895932971946897,12.545598297759566,-0.2160865997005893,0.78710075805721,5.346401444598706,123.00452735205613,15.534338352800038
2022-01-17,1.4446071470627162,0.0883375898213492,15.470143116244266,0.9297068461373741,1.8295119992404478,-0.23446823633857372,3.1035653921200925,0.29761972793206404,13.35830740421264,-0.20769598377018827,0.7215160413590034,5.4392862262960655,116.29146557894254,14.927545539484042
2022-01-18,1.4269289915192624,0.04618362136165799,16.075199794923787,0.8668080669237712,1.7470987495481727,-0.2513468193676597,3.123743064087524,0.28823600203802835,14.177219521661746,-0.20380013978810807,0.7036438666542744,5.2517335657135265,117.27504686289205,15.512669040574455
2022-01-19,1.2969299218397978,0.011721017605333506,15.448644776244652,0.8968074188541784,1.7017330448449655,-0.25092197701500596,2.9028537163555437,0.2192313124168046,14.267101247563568,-0.20408466252484614,0.6249719030447602,5.148492173727914,114.27271370828579,16.42048684728896
2022-01-20,1.2064086646345422,-0.001420099520325624,15.234995396819272,0.8921796958768127,1.6757612051014474,-0.25067472206553143,2.7256187024076253,0.16386401085580338,13.941550078732426,-0.22974209705900217,0.604320917996356,4.847152407808952,112.7754509195591,16.377985333187546
2022-01-21,1.2016065389534374,-0.0035934531068984032,14.850939369714453,0.8377501313215809,1.6120774550813142,-0.23294863824359768,2.656283659850707,0.14220410221539326,14.180157861853282,-0.23524308212128897,0.5787008547739732,4.707988796512627,111.28126341769524,15.878098257666267
2022-01-24,1.206419348005468,0.01610524800904911,15.29534650953929,0.8136972104547007,1.6454137182001576,-0.2555407110471202,2.728567447261679,0.1647851834950249,14.752754071097057,-0.23357128974974228,0.6188430277799866,4.780836183189387,112.8598333146863,16.38905896605742
2022-01-25,1.189238016729183,0.02353725193336187,14.923855966395474,0.8122159358642607,1.6206450360580709,-0.23669110830467144,2.7558389606746942,0.17330466321592808,14.867972972194679,-0.2194821184281731,0.5714584881212568,4.7267109274867325,111.88676883671684,16.470959280095595
2022-01-26,1.2459304586984152,0.006642369214917121,15.603971202077368,0.8116633916432134,1.7061352395591234,-0.2287697198011317,2.9162525756504345,0.21087932385629848,14.859732956952477,-0.22456443026635198,0.6389131041943448,4.913526644932753,116.67343178230928,17.335800147275886
2022-01-27,1.2431724157865642,0.005406194318927193,15.747399481700143,0.7827510514027765,1.6281055483090459,-0.24316020532946026,2.9893264388818483,0.16479046955538212,14.655533142784641,-0.21553266485114841,0.6976548583483662,4.7430138591865445,118.86911556263935,17.216144159799327
2022-01-28,1.3480890217464827,0.05243058030756842,15.53201994380607,0.6246785588686343,1.5295856338747456,-0.24045571442820024,2.7371794417342303,0.09116941504802689,14.454195526310945,-0.21899150348518037,0.6325959663365894,4.159935950251525,111.29273944929932,15.331476404882256
2022-02-07,1.3807148721369518,-0.01327408885399306,16.149941823589675,0.732827053248174,1.5875568025077254,-0.2510093084344315,2.8768650308863446,0.16819582801296162,15.128753052567458,-0.233660817940047,0.6166619777733016,4.278187537824471,107.56311311862305,16.96149874535092
2022-02-08,1.3740193705009753,-0.09833426209555873,15.292034610526002,0.8160155174127968,1.4435740655779599,-0.24890285357946307,2.682929068404138,0.15437978397431573,14.30492887803926,-0.22029035362806404,0.6108189141964406,3.9844865891194896,109.39063029534363,17.611355558882053
2022-02-09,1.3605591085837534,-0.10344654430554678,15.199661710899722,0.7775433799958957,1.408874972101497,-0.24464426814342055,2.6620475244288633,0.15962960499709133,14.655773917406036,-0.217185098790174,0.6576574781311859,3.913706182450243,105.0234843963876,17.425640993757806
2022-02-10,1.3501020706342577,-0.10741818537814551,16.150448408340356,0.8051464938441648,1.2717148468278836,-0.24129811869743945,2.6458250245149406,0.19347188157687834,14.103014240335423,-0.2189110043764606,0.603906390791485,3.6289245978605704,104.89756428133857,18.779656127103145
2022-02-11,1.324219631087849,-0.11724847962189267,15.52924298778331,0.8148055180209646,1.164437602770409,-0.275120207895978,2.60567236605261,0.18032778702403385,13.26340418523105,-0.24055220681381895,0.6316091778835928,3.3717498865666053,101.06185460255463,19.267977874034106
2022-02-14,1.3200668165550602,-0.1188257416386288,15.167195045409816,0.753114839109944,1.2023280410767545,-0.26566249626254435,2.545055270801759,0.13040443070693342,13.23014068382522,-0.2286606961225951,0.6673470967977901,3.467506422553935,104.0470512781107,18.55959658821803
2022-02-15,1.1632955048871256,-0.1245311204017785,14.43539725756549,0.7744902041448141,1.3388565843952405,-0.24003187341698606,2.528429469031506,0.12510299573638672,12.800202612811981,-0.22935156772855592,0.7218173912960013,3.744459779529337,107.1694541090092,18.686239991530464
2022-02-16,1.1732303623023173,-0.12051056081082245,14.520193811113367,0.7487557579722615,1.3228145585261117,-0.24570609759929174,2.5195075966518905,0.12225809677213495,12.833305244328603,-0.23778509021579763,0.6961134197378349,3.6736326059577573,109.01427622870634,18.380397022658507
2022-02-17,1.1926574211005674,-0.11264858108518139,14.665280380824433,0.7716560666908945,1.356522006151884,-0.24099231748359007,2.550969369967357,0.14865435035407915,12.79869009203811,-0.23014366204071657,0.7119691030434427,3.741453872924235,110.61843926708374,18.68268289257639
2022-02-18,1.2159302200188558,-0.1032302602186701,14.541423106054523,0.7722754852040923,1.3253245482477833,-0.23499123606017802,2.5886592504370434,0.11898837273860985,12.386631935759072,-0.24267209024590553,0.6984334482426005,3.678682845444488,111.80315397337478,17.89288642899003
2022-02-21,1.2066360890292582,-0.1027287900277919,14.573008918443783,0.8246079135164017,1.3348621643720069,-0.2401824276365664,2.573607571981975,0.1210411736797199,12.001480619261912,-0.24381570752178472,0.7099586670703768,3.710431421566388,114.36858972349259,17.93128363123885
2022-02-22,1.234244064976116,-0.0915027242048504,14.744544441323391,0.8671784314538402,1.3831406858913464,-0.25475636012874814,2.6183181939016,0.13506690176069314,11.784364180398052,-0.23548639436959273,0.7056955074017885,3.807830175215142,111.69545531094313,18.531257124033495
2022-02-23,1.2062183231182355,-0.10289866367679634,15.36815040498923,0.890251286944558,1.487689755877021,-0.298021067095545,2.563015317581503,0.1369289032637313,11.588966187957462,-0.23423226081978266,0.8204017528010847,4.018751073189657,107.95918945863644,18.772606245029923
2022-02-24,1.1814203828862695,-0.08240983224286602,15.398589421531842,0.958973211743277,1.5392438527915777,-0.31120539253220103,2.4551369475888367,0.16289513885848184,11.352524580733785,-0.2182300918306047,0.861512492385176,4.12275808556168,105.74368593964418,19.491458584309132
2022-02-25,1.2105121843666118,-0.08152418225092573,15.708441775891739,0.9180518228060808,1.5816467291679799,-0.32558159421404487,2.520421972436191,0.14988895427752968,11.713468954657277,-0.21421358433505044,0.917505625815408,4.208303110144286,105.640657869037,19.045804469822183
2022-02-28,1.208940922544703,-0.0619728600916617,15.696565190523103,0.9815164660582472,1.6405347996951152,-0.34775379532097817,2.517919609100934,0.14907159772728362,11.59114878823974,-0.18957724656525665,0.9117445017240269,4.434971115274304,105.56485625366574,18.46096280926735
2022-03-01,1.236019083640699,-0.08799165113163276,15.828139298658918,1.0317582639941998,1.711194994006945,-0.3777368324992699,2.5610438017517096,0.16315741845545806,11.69037094281548,-0.19648909104233514,0.9616628731589512,4.580409878334275,105.71453492496971,18.599604885603597
2022-03-02,1.2477709526875271,-0.07201791160817872,15.564079153769953,1.1164117005595893,1.6762418999716173,-0.37446639741638754,2.5051653872961404,0.1449056372576103,11.534797218472733,-0.17627972285749494,0.9309167637823748,4.608097974257451,106.27539563005344,18.456576092861948
2022-03-03,1.2068678840762095,-0.09416321326307564,15.323188049617414,1.0786684424759874,1.5809409009281823,-0.375232065461761,2.3698954195957382,0.13959050184309563,11.996504355134551,-0.16559598769594153,0.9219526328184964,4.508406177775469,106.90311293853547,18.500265249706818
2022-03-04,1.1559367220661096,-0.12228473529580253,14.707140883910553,1.1432002888965713,1.5582520332808332,-0.3946278611433962,2.2695591490976557,0.1056599946276251,11.573657720159918,-0.1521590024231737,0.9233134691443337,4.459982171371276,104.41287282669157,18.513009732123002
2022-03-07,1.1246317590744233,-0.1350294710747224,14.479067648252318,1.1743203143782943,1.539255744347444,-0.40341807850420186,2.1827803978448728,0.07631420540389322,11.391083767236792,-0.13611503383343948,0.8853668122149425,4.419439098386592,101.61506521633123,18.143758756848015
2022-03-08,1.2015066463609725,-0.16634673421281854,13.918630016608354,1.2530441080276562,1.6364283152368522,-0.42501802022953317,2.297941946803716,0.11525814609947127,11.728859931372366,-0.1336809460178342,0.8476097354498364,4.626830902517033,105.32795406811226,18.665610236629185
2022-03-09,1.1707736200059995,-0.14220817046686796,14.523428739764842,1.2491923835087726,1.6753334257313646,-0.4240350513735275,2.431639952334425,0.1388227666967341,11.551165083897676,-0.13185863835305223,0.8518492891181495,4.70986463293602,106.16104023699258,18.12963914173832
2022-03-10,1.2731096825343728,-0.16047397227247118,15.255244604637447,1.365093584678326,1.8296644415315328,-0.4537146065182188,2.593416619187411,0.11525927706904548,12.005101871130645,-0.14187370681484313,0.8419828995101413,4.916372761040828,109.6190996225627,18.746947708642487
2022-03-11,1.2537957845381826,-0.14509268692982724,15.117128904102024,1.4518826326720844,1.8007904576788718,-0.4737609968768598,2.5628844884354005,0.09244623983778677,12.26193529265421,-0.15023759516101132,0.9095759720654544,4.856001909620666,107.43451989966283,18.385156141351764
2022-03-14,1.2531449067738403,-0.17663485161955206,14.999800222429757,1.5836655895956127,1.784309207380515,-0.5020451125013012,2.561855556574603,0.08449350347384477,12.081961824972753,-0.13002255280155528,0.9622703052614621,4.821542268787664,101.60641806699577,19.100379626048237
2022-03-15,1.2738763053858722,-0.1763845852144903,12.817431289234955,1.3047449484435618,1.8716962614193853,-0.4482881955669882,2.5867629535415713,0.0920771659132893,11.049677659690774,-0.12220965776166348,0.6888457205207208,5.1733495099986335,94.4842462384887,19.09427000413956
2022-03-16,1.267556565381014,-0.1503279727793776,12.994703185021377,1.3074764942823784,1.8382570801467137,-0.44894207533127295,2.576794333317265,0.08787420666138113,10.572169798462822,-0.10491410886011099,0.7105129086036999,5.101464556113445,97.66042511998816,19.14016229821917
2022-03-17,1.304592382178551,-0.15328333783454895,12.172616379319738,1.2134427198013626,1.8893199675953136,-0.4264854840105492,2.635213824003244,0.11557626655294273,10.039930238209838,-0.14856535144398575,0.6100327430328794,5.211235584284134,93.63983717947292,18.993346037326575
2022-03-18,1.201547057708157,-0.1999454237380277,12.260739598724586,1.2775458289134325,1.903720083811074,-0.4740085888730299,2.4726723737622383,0.06569546366243295,9.794060646666454,-0.1987029708662561,0.6486363449774417,5.024282096791183,90.52963975774286,19.47272459363528
2022-03-21,1.2300969014321432,-0.1479696105135604,12.361599868200368,1.2948686851792885,1.9897937563033197,-0.4557900410282102,2.517706275367197,0.07951549028343852,9.571133249622353,-0.18860665442786972,0.6123059711781849,5.202857189855781,93.07300880608781,19.02157492715975
2022-03-22,1.1460492961822695,-0.1637493355136449,12.824389788578243,1.224924710243545,1.8599151305084427,-0.4618334100467879,2.5567452788304,0.038830849302053494,9.404217871435904,-0.18709957711124836,0.5943042947109463,4.9334009552503435,95.60873805486848,19.28109943645145
2022-03-23,1.2809090577320328,-0.15740275966397377,12.962982463859115,1.2247149166802056,1.8797344758019574,-0.42801451402969704,2.54830907947362,0.10411195951542962,9.254762033720832,-0.19433264950544893,0.6068828621733748,4.974519700713279,96.46834887138155,19.484422105409866
2022-03-24,1.2017539160040895,-0.16386633254201688,13.059009489045419,1.2066874973890758,1.8613754729533798,-0.4478643156054444,2.5559000579986497,0.07640218001817467,9.412040204329866,-0.21199725794734947,0.5507910376235796,4.936430694547622,97.13866379988379,19.067380612812943
2022-03-25,1.1204520404677814,-0.1929526235731055,12.715600238205605,1.1315566976377416,1.7902117206784682,-0.4682524554268417,2.396741478588042,0.03975405619704886,9.782527818902702,-0.21137003728584136,0.47634163597922385,4.788788874263223,96.12191036251753,19.014548835314834
2022-03-28,1.0804326067742336,-0.21352024951353998,12.50032251592493,1.1320451242498355,1.7307625076297586,-0.47638026029909897,2.3434268036203507,0.03134139059905494,10.014734791747541,-0.19872936706461297,0.4230254395723372,4.665450942403202,96.0996557700448,18.561407286666306
2022-03-29,1.1272670544208978,-0.20095285577331834,12.804240146338126,1.0582894652038384,1.6688661345224896,-0.4705042480124717,2.421039393791757,0.01777466230681579,9.797718369775286,-0.18580186594390014,0.43899449943223967,4.537035943159532,97.30553112651442,18.24610852243706
2022-03-30,1.1564764519671575,-0.20534801768542998,12.653258099080873,1.0619833491122894,1.695548781124213,-0.4613817314022135,2.4680135146323967,0.02621617327873227,10.228187650708678,-0.2081390355229802,0.4757216300321647,4.592393823939416,97.48195394054461,18.405737409140343
2022-03-31,1.0769632385948977,-0.2254750379489715,12.979050886101497,0.9612426696568739,1.5688252165112924,-0.47492488475511563,2.555214119581943,0.05201961110887554,10.559829088296409,-0.2004582373480438,0.43213396850672825,4.329483323097611,99.83192125330542,18.644780799714958
2022-04-01,1.1290048989271702,-0.21286607951770686,13.325599505832823,0.9603058712342782,1.5577264966743365,-0.47483316437680045,2.6433498990442956,0.05183584380792294,10.852487944702096,-0.2008790488020713,0.3896892020095388,4.30645706117111,99.34320316836,19.217618125817964
2022-04-06,1.2045480805666133,-0.20237566787333683,13.503991328522815,0.8742236952460922,1.4006896381517402,-0.49202271639019224,2.6887192972969327,0.08626411634960096,11.385582314350101,-0.20531079392765672,0.2793541549933183,3.980656258053629,100.59274297997261,18.329809449066513
2022-04-07,1.2275389894950557,-0.19157394747250567,13.59597718626029,0.8677087395827934,1.3754553333658568,-0.484375248160665,2.712113547943468,0.06991068759068808,11.428635616817038,-0.1772893420985756,0.3162460818096724,3.928303219138443,99.0172201161617,18.262617442125126
2022-04-08,1.269798395441228,-0.1908408944760306,13.63758343114215,0.8931442985744129,1.2878236813849409,-0.4883776426525688,2.7226950323712726,0.10418917744104284,10.885336786581425,-0.17095253895912454,0.2834194649685682,3.746495821419863,102.22163643275441,18.169158709065854
2022-04-11,1.3197022496796338,-0.20063463876893572,14.055380795146027,0.8434000659309779,1.2433795315844347,-0.48852746855342444,2.8045423147742454,0.12596294044433076,11.19763572681672,-0.15296785927575585,0.2581114182724449,3.6542885534249097,101.16327498723979,18.174772295788532
2022-04-12,1.2761633331000581,-0.16173685308446617,13.833967684449302,0.8705101701794151,1.269047092499847,-0.485827538995409,2.7331341629352335,0.10713660506944822,11.426575386831823,-0.16439469986775446,0.2501283814399211,3.707540458990156,102.58340467158682,18.44131292236149
2022-04-13,1.2917208655078292,-0.15847500641033818,13.874927319363671,0.8653453069881274,1.258353606160926,-0.48447509463026617,2.781478861237668,0.10944214298462396,11.359264474670654,-0.1513755549896485,0.24073522531744973,3.6853549257967178,102.33124380555697,18.394177482792923
2022-04-14,1.235680806449051,-0.11480997060844189,13.953490754981,0.83123811810714,1.255196194919626,-0.479536897534781,2.7060652576989543,0.0988148310719894,11.58671123589515,-0.15242872307666389,0.24633141163865213,3.624431020499949,102.87699823821282,18.481652577015712
2022-04-15,1.2903882204533428,-0.1251633048436115,13.17049251946455,0.8526565928655805,1.2184738018326486,-0.4922727005789316,2.796753179603999,0.13853868399943314,10.780426540869597,-0.1485281574001528,0.3261694188273798,3.920664713730087,100.62018034432617,18.709513323167513
2022-04-18,1.2923565997201099,-0.17605963458210094,12.877481370198755,0.9080342472639986,1.35468685963748,-0.4927090457716057,2.6372588555664236,0.06086258817780221,10.618788070360292,-0.1419851543096221,0.36580987460984127,4.169495345955682,102.41437408193549,19.298649281431196
2022-04-19,1.2713499724958552,-0.18581350283880937,13.020675971787455,0.8593117809381126,1.3266599566517687,-0.48747457100327485,2.5561193127001194,0.051141088072308216,10.892101207693242,-0.12278929443273878,0.3918463443651774,4.103587032914686,102.42065941185373,18.327494754077513
2022-04-20,1.356899588116201,-0.1729557577983878,13.258441096149493,0.7892814421071266,1.2331640110662376,-0.48788209651176107,2.6900593237004005,0.0907319556780275,11.685167114556515,-0.10672572337334219,0.3920662000952968,3.911362182390632,106.31596298330848,18.655253858064853
2022-04-21,1.4913816463682799,-0.09626566856378627,14.580596628118546,0.6233651023769462,1.0739155274423373,-0.479119954876024,3.0322308356647767,0.19187325712679337,11.376029739355912,-0.10548880341848732,0.26298280206378455,3.896860060542129,106.67617669730024,18.93537688976662
2022-04-22,1.5126381267811286,-0.1659298527244798,14.66390209604004,0.7485018837497501,1.0414789300352756,-0.4899011921017731,2.7214071104359596,0.09999794024164865,11.4739685614526,-0.10443366018962719,0.36033958431076973,3.940226877025844,107.78454410494525,18.7888034327725
2022-04-25,1.5973496994452603,-0.10244117978794753,15.191997951336326,0.6551745713883366,0.9303564997698286,-0.49158969060917335,2.8468713567547743,0.18372879871558423,11.8031165288572,-0.10250792437833334,0.25679175295265355,3.8005848226783128,105.6229514730607,18.461095663127416
2022-04-26,1.5466360484334856,-0.1199661533332873,15.143601816104145,0.6874921086051695,0.9267122578637816,-0.45402167068486543,2.7717606038533376,0.16061631247490937,12.109728443499607,-0.06672154955121568,0.2813308045741316,3.7915219928919894,106.0105888322623,17.02305474201146
2022-04-27,1.595644588601333,-0.1674943588244634,14.56794301941518,0.7393073293653445,1.091655236243756,-0.44815439007419067,2.958118207402189,0.21796079886982045,12.829492612004556,-0.08604877961598945,0.25667233315930216,4.201717083131889,109.29639814404814,16.73034649691542
2022-04-28,1.6494195945707695,-0.20552572218907428,14.234169897494787,0.8187641231384413,1.1916897413599,-0.4377025139670627,2.966598526974861,0.21516924773219515,12.790696448180778,-0.10126411872769336,0.22972956703108172,4.450491921904913,107.42077815405084,16.651721264073323
2022-04-29,1.6383552265112282,-0.26043783708121515,14.591727372428581,0.9632041314276147,1.3340211441369072,-0.4799404109193215,3.007450608150898,0.22610040789160424,12.972343839801013,-0.13111747358208203,0.32739047126582554,4.827216564846163,115.00307704025002,17.871764974950416
2022-05-05,1.762580811732795,-0.298056721244475,14.116493180177624,1.0630653094488585,1.3355037426013685,-0.4921548060337724,2.885303939776106,0.16451189581897796,12.542734946110658,-0.12144636413816279,0.35445136027386837,5.123626246058112,119.53887852135631,18.831704214874573
2022-05-06,1.6577184795912396,-0.32470115782666675,14.120193265180045,1.0802072413940111,1.3026249459813215,-0.4999929945134153,2.8454732359169634,0.1689148843216135,12.430208871567972,-0.11410677285069837,0.39436272528264626,5.174507225873299,121.23035296647879,18.996485098180006
2022-05-09,1.7401560289950688,-0.3384292388818423,14.589193909479073,1.1224955615242713,1.4201471153604075,-0.4956187250131938,2.823043991391512,0.162097029623,12.587266806728481,-0.10866619094256835,0.3307808770849625,5.4896438638646075,120.51742784467291,19.9729082539328
2022-05-10,1.7931649205900553,-0.35347047733211356,14.660060582766874,1.0814354408810898,1.3342149281803009,-0.49368140873150534,2.7799633443499396,0.1490017338131744,13.028766330384329,-0.09593610477100079,0.32817089785790987,5.259216016027434,120.27910313783298,19.952452623840234
2022-05-11,1.8267521835506288,-0.404950413613713,14.848369754522043,1.2056538717457617,1.4655181102248127,-0.4938781756578644,2.8254166657389215,0.05751242981346483,13.00495919452769,-0.10834151365621769,0.3514645253830908,5.632761107401887,111.20703785615468,17.996606894889712
2022-05-12,1.8612783952488017,-0.39768242312270463,14.566827044874959,1.1230760790090488,1.435818330868754,-0.48701029117579064,2.872140657464691,0.07042898409709042,13.5292928773718,-0.11514336068203279,0.3091171934865433,5.552862468412242,112.06490335018825,18.35464764505596
2022-05-13,1.8064955307391224,-0.40921456982351456,14.01901454597901,1.18630767519279,1.3346740718759884,-0.49416709544223447,2.798003531433002,0.03950582042000517,13.118606502606259,-0.08647053441308084,0.34810664400796343,5.280763186520117,116.01663226011026,18.254097848160374
2022-05-16,1.827258249427397,-0.4048438834790916,14.087683002307699,1.053900380426978,1.2998923546737222,-0.4927376151902947,2.8261015198447095,0.044839902535035,13.112643861696917,-0.0855108052593263,0.26646252968028916,5.1871930682755565,114.91931429070193,18.342129534472885
2022-05-17,1.7353238197643281,-0.4241966745245924,13.671314349009215,1.1027114273045857,1.3770206626907906,-0.5005931287147071,2.720514151860019,0.016005880567282027,13.120582553785766,-0.09031490086767902,0.24489331480580656,5.362181156510668,114.42841207706434,17.61156806085274
2022-05-18,1.747538580765557,-0.4216253884656713,13.600629626990504,1.1005352618470905,1.4153089324192,-0.49595691039732015,2.735727034371112,0.020160246727648046,13.057526201976028,-0.09541454220149292,0.23889556056193118,5.464661085273985,114.26952048708614,17.697215337318664
2022-05-19,1.7397375058627587,-0.42326756510262287,13.760944976103577,0.9638896011971876,1.5124627032135018,-0.49017852164914255,2.70661524909295,0.01956473808398207,12.183524290308732,-0.07299133956464132,0.22117517553535215,5.4669351726705795,114.31006908821054,17.90251131980859
2022-05-20,1.7526351168510987,-0.41968707917398285,13.794842945932281,1.0249855502383984,1.560774080863745,-0.48726502527376947,2.7240645417583784,0.021906131184893374,13.107166679324775,-0.0954282269013037,0.21883338140224828,5.591285893167615,115.33350836985122,18.60252864248564
2022-05-23,1.7923130044516604,-0.41667987629635417,13.525528356280594,0.9630656187016675,1.5786873050217953,-0.4693411431614529,2.7433627810436767,0.03663640777086652,13.180270535383794,-0.10140412612304206,0.16397298226242563,5.352411327430265,115.93635288455977,18.24569842963516
2022-05-24,1.8428343530226141,-0.4030359853970137,13.412573406871386,0.9503256544741729,1.4958956138345654,-0.4705173297393853,2.8079068833221745,0.05539228120441009,13.363505091726251,-0.09120106657812044,0.16465732581379888,5.148459930961733,118.55341393942821,18.381915031996765
2022-05-25,1.8704024942312163,-0.3951371532376602,13.456585862365985,0.9537871947690999,1.4796978072941531,-0.46802914139492613,2.858291858989112,0.06935688591689848,13.336650545222184,-0.07617767482893312,0.16409770303441928,5.0753321590158365,118.38435491637378,18.15723975915349
2022-05-26,1.892978693624046,-0.37067828235784084,13.744338184190509,0.9340743527115176,1.4542044042701492,-0.4626617925132289,2.939399129359737,0.09183642381569168,13.091650268991621,-0.04600550942026571,0.1881150911912448,4.909653936770755,118.72048109663336,18.53855663942714
2022-05-27,1.8903109806509684,-0.37856635195961974,13.721566583108874,0.9113911443158194,1.4631074139028453,-0.45635978322268367,2.9133480937958653,0.08461616799170879,13.057130902456429,-0.05597797667472326,0.15928852127568316,4.931092129055564,118.22204716274746,18.471315845570494
2022-05-30,1.877247853927574,-0.38036460962257823,13.48430430009497,0.8911344716976861,1.500049468937502,-0.4505983555180204,3.0438285858854623,0.12077989478929574,13.566507113469427,-0.06768713992158026,0.14364787220613695,4.83533892293083,116.10674417443764,18.863068926168026
2022-05-31,1.836108792519867,-0.3899259322217321,13.608081733955235,0.9134393433099588,1.5652442559316087,-0.46170984945136384,3.1460053331350606,0.13869125734374,13.477004765614007,-0.057746879005735385,0.16677782917210382,5.099592017228348,118.78189371478332,19.03281126582976
2022-06-01,1.7013477969337747,-0.42072691189130473,13.39724453129708,0.9431851493223224,1.526622334185845,-0.43716660605240154,2.949003085593594,0.08458502280522606,13.194266768077354,-0.04126706289110238,0.18491623898761578,5.213786259312323,122.75320667218978,18.743679402687953
2022-06-02,1.6160792808436537,-0.4374970857396171,13.323336957955503,0.887895788695855,1.6000418146982076,-0.4211523325275961,2.976105821065203,0.09202872956676211,13.739729150378869,-0.052326856124179866,0.18249251752241014,5.306866343250028,122.4385146585921,18.599241279553816
2022-06-06,1.4904170076843912,-0.4744575222418659,13.268306702040915,0.7699948620664572,1.7452545209568444,-0.38500273317952705,3.0324783526203802,0.12158020149748094,13.94870644727131,-0.0496068699648039,0.1761364555328344,5.766625173434336,121.96426392558773,18.52394100095871
2022-06-07,1.5447666171828969,-0.45778578185383434,13.20539244637499,0.7689394021500513,1.7980412868047164,-0.3966743653508249,2.9927496658602895,0.11053019586690938,13.801429159216863,-0.06536257518070698,0.17543511740375695,5.654905554955245,124.32034109188865,18.512298742792648
2022-06-08,1.5978286782128133,-0.44473988121842034,12.833876429695493,0.7647517415190728,1.7668374721546019,-0.3952460953915433,3.076004265718878,0.1292752817371401,14.053752898515134,-0.07072857896856866,0.15261453402503178,5.480858691238632,124.81811883981062,18.586527230868793
2022-06-09,1.7287103742408818,-0.41390698125996095,12.61614241597614,0.7518828247273275,1.8092053999598035,-0.4259500575347659,2.9112147395276082,0.08361960365502807,14.927821954974917,-0.07369944738580692,0.1442094421459006,5.378855222987152,116.89718817582555,18.436063312674996
2022-06-10,1.6072864339884534,-0.4296268690698879,12.010242398593023,0.8152173032486836,1.7761614289659207,-0.3943822324274443,2.737170946045518,0.03539998927137522,15.017371678300549,-0.0682315136112176,0.1855751701013657,5.346554335839461,111.65092192927555,17.57118464592488
2022-06-13,1.598131080059202,-0.42922947768316744,12.550609927839334,0.7423433473178513,1.8471393080175815,-0.3952227547785987,2.724048060021514,0.02864562323256936,15.5807431140402,-0.0803502316590986,0.18722060139945662,5.429098555455303,111.39010514224513,17.505972873983573
2022-06-14,1.6246554506356925,-0.4230576854720258,13.015824044464336,0.6999102635368308,1.6929908218445524,-0.4012569613697299,2.762066938879012,0.03914708634654129,15.920358279539983,-0.07440908082405406,0.19906617666654314,5.47978999495385,115.86285058304682,17.69490070990201
2022-06-15,1.5355861649758165,-0.4616000141803458,12.535015422687868,0.8130956167245404,1.6923457159612645,-0.40112443480885274,2.5064413536736936,-0.036207394128202175,16.476511247556385,-0.13687469841291244,0.11759181746717706,5.472379058019856,119.82866278864041,17.138967224538053
2022-06-16,1.5693490118682916,-0.45688481940340986,12.907757261905877,0.7843831111113735,1.8091269004236965,-0.39356436829986696,2.633714196004563,-0.015195510425754177,16.605556667318577,-0.13208833928127406,0.10968107011690997,5.650622406760965,121.66931033076698,17.401902778863825
2022-06-17,1.4773513009240773,-0.46586734071939684,13.738434467882561,0.8114378652017011,1.8065560737270414,-0.366538168612344,2.701943087938672,-0.006273054244645859,17.326521671193376,-0.12815684677569605,0.1305171363924531,5.644535961314127,126.96724195312044,18.06079844654209
2022-06-20,1.3698137494413292,-0.4908093791163297,14.124943295173944,0.7755338111148642,1.858759548904513,-0.33737022891625246,2.638329912502123,-0.019868801204476982,17.011603745520866,-0.14207453545319537,0.11109063976000422,5.530358076413987,125.16745180666227,18.620115029308526
2022-06-21,1.436768889332078,-0.4911710209790564,14.552273373078487,0.8505796862108841,1.864755253652345,-0.34687866698943204,2.7411248635052154,-0.019539253912000953,16.98629591782104,-0.1558962558102297,0.1424826549485272,5.464359071247931,124.4906885024961,18.86730995014531
2022-06-22,1.373120418056156,-0.49286648238924813,13.97778696504756,0.7822210063444017,1.8773685680486412,-0.337636268448832,2.6866860199494993,-0.015222354718651743,16.321898997336287,-0.14071532848360824,0.125857859790103,5.600179397531916,125.67558122828079,18.41457482629794
2022-06-23,1.3869799040899538,-0.5173172482750953,14.235819765316922,0.8129245727684062,1.9108764116926613,-0.3108834244386164,2.7082169852623936,-0.003754315577391587,16.52265935018809,-0.1605070705949061,0.1324330892496277,5.63872573234268,126.41539132620017,18.74904327081242
2022-06-24,1.4231253033041837,-0.5283624383506731,14.00587504538971,0.7855632335326028,1.9969621590590103,-0.2844352474412354,2.764369524743617,0.02570847918762209,16.930717473917436,-0.15995192679743364,0.14958122108944605,5.9504910327817635,129.46163412420267,19.04809775882864
2022-06-27,1.430023773476139,-0.5158647133288742,14.048595733941617,0.7857920700058014,2.015368294869759,-0.3034602994940281,2.7750864244628555,0.032007967992676356,16.835961216031492,-0.16282726525769142,0.15285399932881805,5.99317815230847,130.0619356869877,19.10517330676053
2022-06-28,1.559554736613344,-0.5053271718698913,14.666820424600724,0.8012881910664631,2.182249970902192,-0.30099102025272373,2.9763151473355385,0.07440480142817019,16.058965627452928,-0.17179904513452093,0.21430619190388245,5.968386873893622,133.83313022126882,19.279634939074832
2022-06-29,1.3550338050874031,-0.49636408524919373,15.281939408730949,0.7447948783478273,2.0148049849921947,-0.29253020245041605,2.6585881355468377,0.017871311450395222,16.955639994116666,-0.16842307589987782,0.11727719308102325,5.545780850529131,131.30895145699776,18.643610251789987
2022-06-30,1.4914580540642257,-0.48854947251081093,15.234270249842982,0.7749694845325883,2.1347743334080476,-0.28238173442414116,2.77869298357793,0.004413786719712931,16.003728090230407,-0.16772345985804182,0.14665038619620896,5.7606670266086715,133.0590369749856,18.586099020804582
2022-07-01,1.4584452159463033,-0.48165824066148155,15.313641007139843,0.7746785303571084,2.052911698857095,-0.27654119167582614,2.746916237626158,-0.06908572126971968,16.086042366964385,-0.11775199345134335,0.11670634189212081,5.705643392637557,136.55990331652052,18.578654543867742
2022-07-04,1.3867674651941972,-0.4838463406017477,14.940916720141619,0.783453035718837,2.063731912556319,-0.2872460888109848,2.6631100296654724,-0.07137400622407919,15.909488247404731,-0.11952133178162427,0.12066420325544658,5.8048656592231564,138.3336301006005,18.70216303818607
2022-07-05,1.3947273242084681,-0.48185621622604713,15.05250499689313,0.8405647620994232,2.067101137189495,-0.2884602070104668,2.7009686830828383,-0.06385229421166416,15.579327034442624,-0.12634155258710789,0.11512486498170182,5.812349055831894,138.02218000685082,18.62823046236933
2022-07-06,1.36120841258583,-0.4879100306346863,14.970304240451465,0.8128656751899184,2.0587992324344793,-0.2880550041469234,2.6200203871342316,-0.07117999282572995,15.632047799892689,-0.1185836654112421,0.1213735102739999,5.793909666164013,136.39789249670082,18.741400748997126
2022-07-07,1.3434912270377524,-0.5184479284560666,14.017933469206485,0.8002445104020075,2.0922500002495314,-0.2904149901572942,2.5928577815188962,-0.07764643461967424,15.337912573700809,-0.11231232376337397,0.12509068760098718,5.869247270900676,134.4567629965063,18.59327233382436
2022-07-08,1.3269239412012483,-0.5083901117767661,13.668348454935085,0.8256616380579924,1.9758172843920447,-0.2905157080398275,2.642499436150668,-0.062329079920173,14.994060640165953,-0.11278567848988741,0.1402158721536262,5.610599000035431,139.55712641979827,18.863987880458314
2022-07-11,1.2384078637080527,-0.4966500771252055,14.019649726947366,0.8146107296138974,1.9045476114295554,-0.28884652983553294,2.6046542089815277,-0.0720713927474933,15.377112206250168,-0.08838900287118079,0.15049185216344552,5.595046481264783,136.1330429846797,18.58273052390527
2022-07-12,1.1671436637658754,-0.48616662125349197,14.432456996087252,0.8844516629433212,1.824717629415407,-0.28680307699508933,2.5800819479970563,-0.07839691042282337,14.815356041537857,-0.08586626957710475,0.20679310078564428,5.917786143365315,131.76713775695663,19.12884623735536
2022-07-13,1.4002625729461609,-0.465280088658392,14.822955698507883,0.898616964122497,2.0508888818051254,-0.29059701813865557,2.6706713697337783,-0.0550769160293203,15.258479316071508,-0.05105518456048386,0.08605016170448798,6.486884270837808,137.4556471006669,19.99128201652319
2022-07-14,1.3992254898794005,-0.48376281416634903,14.688002108693144,0.8351161078509333,2.166152178900468,-0.2879278761718227,2.6690853802824157,-0.09433162238472537,15.45965892515662,-0.024624435118087318,0.09484380569910966,6.550739717830707,130.95666732493407,19.982212299162143
2022-07-15,1.2979587800731158,-0.4633239344319373,14.334823351374197,0.7537812186987884,2.237882552933604,-0.28989459178468924,2.6548055310684457,-0.1123484607481341,16.499570090029586,-0.026685698623920562,0.07328040024477,6.736683998106106,139.29360870716997,19.48729742668133
2022-07-18,1.3326139614396908,-0.47281409952053965,14.56608558683055,0.7967552989466307,2.209792184411378,-0.2842050711846362,2.7145946231713283,-0.11175966657473835,15.830519156126652,-0.017514335039378714,0.07190855371856308,6.42503172245053,144.069520614412,19.98931144889149
2022-07-19,1.4031760427435054,-0.44757081635124607,15.459808611776737,0.7969125969235065,2.1180178787533035,-0.2828497213033694,2.8269619210370895,-0.08489020267690717,16.285194896061547,-0.012445923342528475,0.0720023945698991,6.5081172394298,147.22033531970013,20.082933466380425
2022-07-20,1.3988211480722699,-0.4490345257072853,15.434495269619287,0.8085699659118077,2.100911546251415,-0.288062516351137,2.847957722100136,-0.07986965017289016,16.285194896061547,-0.016782488150206,0.0789569495611877,6.499895350077957,147.0555588749297,19.93449264560149
2022-07-21,1.390010831018536,-0.45217594894036073,15.588291222935123,0.7936921746930137,2.133276464507613,-0.2967693793754327,2.833825060493284,-0.08324907682137306,16.386185168639223,-0.006313972295135528,0.07008115457830177,6.578173461631557,145.47918137266416,19.673520589796688
2022-07-22,1.366522164710093,-0.4535671306394331,15.467389432706074,0.7895532204265572,2.156112977850094,-0.2924452313145166,2.7961468054987257,-0.09225876675375011,16.185604051570195,-0.008554973864553839,0.06761193660284026,6.633406078774832,143.45662307209753,19.625816330696345
2022-07-25,1.4160015988443662,-0.45739920920367816,15.495660758501806,0.7633677851779967,2.0737124876443827,-0.30708717259340423,2.868635444904297,-0.07492515709591407,15.785865665937326,-0.0067936927558570614,0.05199022559843636,6.474083159854063,142.34731755499138,19.359421945578788
2022-07-26,1.422675004506568,-0.454119399873109,15.248341599965826,0.7769582883392916,2.065222373097754,-0.30693722467298745,2.8386166907537906,-0.08210329385122228,15.793908725671837,-0.013273137444309024,0.07780204855535344,6.5808376209028205,140.12942785866522,19.044418128790007
2022-07-27,1.334292137178188,-0.45218912284679824,15.190189057446325,0.7769951035615685,2.1599420175686888,-0.29177761474880626,2.6985781180718154,-0.13054506457950066,15.99463421165866,-0.011278112811529128,0.05422689892497057,6.815096071625965,138.54580498546622,18.973094774452417
2022-07-28,1.3110742521668932,-0.4535106036035622,15.113089954492207,0.8107711026842008,2.1434095905224537,-0.28684412012348015,2.692164236279891,-0.13013660435572205,15.967230059501777,-0.010487356937531667,0.04688312831275554,6.811424626723851,138.65741034832286,18.87798114206283
2022-07-29,1.2636765416597546,-0.45261546705832945,14.977412096814982,0.8376539911730463,2.182680323803105,-0.28217359853825774,2.6625681633609606,-0.13583341746515742,16.0029715983108,0.002582248490910821,0.05996187828919486,6.708250363695406,137.5379284846172,19.126317502027305
2022-08-01,1.2939717423117134,-0.4465815148315515,15.68292936038284,0.8624316509341563,2.2070754707058526,-0.28622981769704303,2.8436736126792024,-0.18636955220170714,16.865718242359698,0.005048669623626045,0.07155912843610701,6.7932202735988305,139.39200713238677,19.38706336955279
2022-08-02,1.3421607772745978,-0.4415714351124258,15.828694885500031,0.8965849392420033,2.1532618539690067,-0.2799428075275844,2.877257349109914,-0.17503653323414703,16.538096541100476,0.014380587904687436,0.08125991870802518,6.662452733894827,139.99654626321316,19.786790507362678
2022-08-03,1.455716453988924,-0.42500240355354313,16.511931457104023,0.8477109300951378,2.0469016945910607,-0.2705073845112177,3.034672052772689,-0.15003304814418705,16.564918388601825,0.01502753971312476,0.05270680589206389,6.403996655159337,139.36739240536963,19.465040525138928
2022-08-04,1.5418405503977612,-0.417945031137949,16.480998982828375,0.8448983472968619,1.9400442213404485,-0.26993345634244925,3.1229341172694385,-0.12022397324588208,16.949166709014758,0.026566899344983685,0.03913666009927175,6.380441371615009,139.11945226436606,19.332631870060375
2022-08-05,1.508169461888845,-0.4169469626407314,16.472795255880882,0.883666798121326,1.9642162972326038,-0.25807509105731485,3.089036709993178,-0.12765245171623207,16.574869269371774,0.024971555636698062,0.038906043487943354,6.437657334914548,139.86680501460378,19.83985903315964
2022-08-08,1.498350178479889,-0.4166697207044501,16.448813317293535,0.9055805119461682,1.9682847735215323,-0.2542680748249224,3.0834243837554824,-0.13377766210550723,16.494088289338162,0.03640822929748966,0.04033197337312111,6.447865743977181,140.24449889331913,19.826788037076717
2022-08-09,1.4351739410986037,-0.4119736448375584,15.907007829590661,0.9224184211774358,2.0604533898116113,-0.25346498326634914,2.969676069537522,-0.15341397093280862,16.419354505263215,0.03722248025614139,0.049052280701114226,6.437833726270647,140.69577899845993,19.801130926257645
2022-08-10,1.4302533322576365,-0.4439045351160721,15.755463103669609,0.8410485916940962,2.060075927370984,-0.23119456860148357,2.934094168942402,-0.15518300877869073,15.90185383150331,0.03712353779474742,0.03852941585329628,6.437625885523971,139.40822315058426,19.570084407746847
2022-08-11,1.420017328454807,-0.4349068108067212,15.47273937215692,0.8489897723730659,1.9856686524709501,-0.2256690250974115,2.8778653203112063,-0.15958225169053264,15.419687756103222,0.012010621397000154,0.04290360635801593,6.436871020269415,141.1418755583951,19.323896060613293
2022-08-12,1.3578560990376345,-0.41813147148095264,15.195886609599658,0.9019095058349045,2.01218005199009,-0.21720609147521808,2.8030061569104032,-0.15889100606714346,15.58297549639056,0.020575151060573393,0.07275243608086668,6.439969716527861,137.13287431087593,19.30224949660936
2022-08-15,1.3645124540759959,-0.4236842005097762,15.931749296016484,0.9398109481330221,2.1405353853010785,-0.23901683507582727,2.908968136553586,-0.15700827748531276,15.80089367513381,0.029013119927025155,0.09413035360614641,6.757002488907344,134.83546804404435,19.900577638879266
2022-08-16,1.3909960695921568,-0.4299080723229888,16.121392593347714,0.9315917032194212,2.156002614444686,-0.24754019282739326,2.952750358556669,-0.16890006041551509,15.576135870622746,0.023712775744918035,0.08949437330489629,6.653231410850105,132.29433037033868,20.03773297704904
2022-08-17,1.4948573883096947,-0.42120257300206276,16.44378675745777,0.9679633878920393,2.1082238039217662,-0.2546656744407748,3.1244519644363242,-0.13279831319431,16.139209481050358,-0.01007789073928278,0.090541349577683,6.825473308469482,134.80424969997614,20.43387145123726
2022-08-18,1.470860093849938,-0.43022385354573855,16.27600013796064,0.9707665117567552,2.168045105915544,-0.2564107924984703,3.0847800822920872,-0.149774697309916,16.27980336466239,-0.0029748937492538596,0.07893095536104422,6.836619740927844,135.1078415514879,20.227705388584518
2022-08-19,1.482171631750608,-0.42649969669542376,16.54020660334583,0.7984394697654507,1.8910260685305422,-0.25300665904546016,3.1472497106088193,-0.14588238638570572,16.39274719088795,-0.0033526919360488128,0.07852212096353828,6.780412368755069,147.00933347682056,20.544302615677456
2022-08-22,1.5149854267313665,-0.41794109291371473,16.772084502537037,0.7156353799931168,1.7579169002003,-0.25796718010577924,3.2020754929991977,-0.13459112839851017,16.62267570718134,-0.005760394279214709,0.07591662530144228,6.422185152838709,148.96598621663202,20.777067070353286
2022-08-23,1.523220037097448,-0.4207355017113166,16.761581892788765,0.7555019142089969,1.8220031214035668,-0.25648042179164177,3.1995922300465907,-0.1317575911583957,16.14573879507435,-0.007949126778341142,0.06634155505313899,6.4073138490510635,149.5456315938201,20.716257342261652
2022-08-24,1.4536128567813398,-0.44062603677914935,16.980094858171586,0.6608323482834113,1.7476695755150646,-0.27399786130744574,3.251257974523929,-0.18692343139932333,16.07670168536325,-0.00924848257198907,0.008836580932514826,6.007857043513933,155.55077777233956,20.088735374351366
2022-08-25,1.4581689958075779,-0.43150034653919633,17.01348228180379,0.6656989311019499,1.7065219275108672,-0.28677999797470766,3.259152179314551,-0.2000034844961538,15.987439407380737,-0.00888785782648105,0.027267692321547576,6.028391516314869,153.0383305744331,19.68001894995988
2022-08-26,1.4554224382703627,-0.4204945003880878,16.993355485958197,0.6930770549051544,1.720300366122192,-0.28790785238950345,3.2543933500639204,-0.18411105420237306,15.438260422000699,-0.016183285915515433,0.04415229345460192,6.115906788897715,153.28229410945713,20.348573612744698
2022-08-29,1.3226103689628945,-0.4601654245808755,17.251869892787113,0.7942016642876781,1.8827792746457344,-0.3058577307005109,3.024276211903393,-0.1905255224579625,15.310767562380335,0.03230332674761782,0.03503870966356404,6.211978217896405,161.30072081543702,20.655293159771322
2022-08-30,1.3066310477686405,-0.4838028808498972,17.925484049875575,0.7853674814301046,1.8685852184495184,-0.30482642671423144,2.9965896041866134,-0.19780563015916774,15.511475926006906,0.03812445722939817,-0.015378254620257548,5.860681165107364,168.11468524642697,21.454516041262913
2022-08-31,1.225282561643514,-0.4668028330722892,17.08199653385192,0.7004832385825919,1.7322000278126817,-0.30623303350459485,2.8556409621059884,-0.1983927177509942,15.726274250270134,0.051440842167789214,-0.062191514196828224,5.806351134023587,166.14693001149251,20.45374354269727
2022-09-01,1.075894339697725,-0.4640209348100577,17.380248824412238,0.7154288920466967,1.756213504619629,-0.30420785887345736,2.9192375758080997,-0.23011129189234902,15.873282520047898,0.04837158199465552,-0.04905614296310068,5.796721220146198,168.90392394425447,20.82251309041834
2022-09-02,1.125206661569103,-0.46408276323654407,17.52321563660661,0.7002008056221363,1.7317462371931072,-0.304842082354278,3.0123380294934208,-0.21331475211451234,15.688851107779115,0.04932718616812237,-0.05934062482124214,5.7301905390063,169.41987804878605,20.831105979691017
2022-09-05,1.1288365687423263,-0.4568305253307414,17.929402744119372,0.679858830312843,1.699062383424491,-0.2965248970253165,3.0191912051671226,-0.21320454069359562,15.725826848345658,0.046246366478844614,-0.07206998881468096,5.669427287819983,172.45686681915586,21.395161901289736
2022-09-06,1.082474038658399,-0.47725027841479717,17.51715174416897,0.7706597675458806,1.8449540438682073,-0.3345496390557602,2.931659885995589,-0.23033964100500226,15.626013004817022,0.04439686783176189,-0.043878408639887456,6.0697287595510705,171.42173733224698,21.261515462995124
2022-09-07,1.1729118467186508,-0.45870236581639434,17.34424882519886,0.7775384999939849,1.8560062392439711,-0.3283360317242112,3.1235015570322098,-0.1969147845476239,15.750841875496409,0.03464486765882935,-0.048120785431074675,6.038359890276983,170.12718699444042,20.896710984654575
2022-09-08,1.2381078737674578,-0.4858854094425411,18.091174101166768,0.7111555670638043,1.8656358636417214,-0.3351773908183029,3.247223059795446,-0.21437204241874264,16.617559431837964,0.04299987861686505,-0.07718303701068963,5.775509340184081,176.15396434343472,20.96295824874178
2022-09-09,1.1648441583149394,-0.4807522380655457,18.146266848553772,0.6622661379246109,1.7920313431254886,-0.32802506089851324,3.1871326956603534,-0.22548722741871308,16.775653488400238,0.031779021902394344,-0.10354884231144712,5.742021456136083,177.3456930223255,20.398834581974747
2022-09-13,1.0938355811748908,-0.4762458462612069,17.68230600027994,0.6881206126758754,1.763020774110211,-0.3165331642634224,3.0728187500203985,-0.25089185053976004,16.894949207509914,0.014133872983876694,-0.08960566360292932,5.787268417008013,176.19335472365398,20.176490241530505
2022-09-14,1.1836660653700326,-0.49508451372334095,18.439052575315728,0.6096143111014776,1.7586622502183213,-0.31545503030193167,3.237792583538236,-0.21875334435257376,17.002302641916923,0.022404641109943224,-0.13194368837920456,5.471625484144706,183.37075907107325,19.225079225399142
2022-09-15,1.1033795219177551,-0.44870230454070104,17.752430870675553,0.4617529962675482,1.5052478610154343,-0.2525718174823064,3.0881062571935356,-0.24747733038702024,17.118053319408265,0.005031213568259307,-0.10565881343686323,4.877133346122163,185.57419125479709,19.3367484174694
2022-09-16,1.1573521659109893,-0.45041138098624056,17.463672124503848,0.48977539926111424,1.5532744874970632,-0.26458322152006986,3.187039939837626,-0.22926600360289617,17.04971312694826,0.02071720678299882,-0.088513926983674,4.898073222128468,182.81940261822584,19.207121257650076
2022-09-19,1.1290173552729579,-0.4569774663194215,17.466797777211898,0.5075741528386102,1.583779155141063,-0.2637104324488,3.0929431857520093,-0.25062896664523926,17.105531602695514,0.014474371535914576,-0.07762415392729027,4.8930450267131835,181.08025680268602,18.99441983500933
2022-09-20,1.1775405536616597,-0.4806880030706242,17.133628302307336,0.5734008729818105,1.6965972921707135,-0.3126408209646858,3.0191001866320457,-0.24167918784442233,17.684655374391475,0.008434743361654062,-0.03734953355657622,5.15035895388175,186.9042782887628,20.092003162018088
2022-09-21,1.189612768704797,-0.46973842826411716,17.486355608859483,0.5493278551684984,1.6695997846492672,-0.3095698883053599,3.055270980014444,-0.2453898870723088,17.818054924633923,0.024974511560971857,-0.05764679870193501,5.043260315699686,185.56273113629524,19.64728309429932
2022-09-22,1.2340041822540182,-0.47272253381997165,17.079538298933652,0.5685868364629512,1.6701964666072082,-0.31848345113984644,3.137486070144038,-0.22947692277160303,17.861209742772377,0.039617707647917166,-0.05234360199023469,5.044611044156533,181.4571653872024,19.192911646328554
2022-09-23,1.1906362029502229,-0.4643145824195942,17.321441271257576,0.5392915837809125,1.6457092944056608,-0.32446006719790743,3.0571664307784996,-0.2492988481442271,18.141582209298846,0.027846057365073396,-0.06745490381856356,5.144677970610151,182.55908760119135,19.16292315137553
2022-09-26,1.1532922651878241,-0.478148252999156,17.69152671141449,0.5057846536170412,1.6916338381027307,-0.34659939177482013,3.18183723844034,-0.2637353417713083,17.594191887471286,-0.0004978610960093555,-0.061086403089209984,5.251338038124901,180.5680043393582,19.95320213704624
2022-09-27,1.1307150556934102,-0.47831073314304107,18.627791351202045,0.5086966116644711,1.7429843558197087,-0.3127329580795032,3.3913068230359924,-0.2635931460865395,17.96986665485562,-0.02908721857382013,-0.05106058662720181,5.24045623150927,180.60307078784325,19.957248854341003
2022-09-28,1.1626723402245633,-0.4657724060102798,18.788601093791254,0.5175572546564227,1.7109552093031932,-0.31060858050374685,3.5328256978773647,-0.2575597929445671,17.74880941306332,-0.036781102478377625,-0.05751852094243448,5.3854985368861525,177.8494213554255,20.128950791321202
2022-09-29,1.2038409100043417,-0.4872531909961758,19.767434309868992,0.6136584026792677,1.8415768879205339,-0.3186946711883233,3.5216120709003134,-0.22083536092569622,18.31930804766909,-0.03799869508013998,0.002165258269050341,5.533113111139129,180.78387501336613,21.174083732118426
2022-09-30,1.1873022889389517,-0.4871974482980631,19.855722933553523,0.5330057950184377,1.6753183771145714,-0.30530184314453346,3.540834806873309,-0.2176076031781311,18.108614997578403,-0.01938077008998873,-0.02811506536533248,5.475058436910443,178.666630802128,21.704241728323755
2022-10-10,1.1668193881186895,-0.47202681480529196,20.472713874416907,0.48310219739255644,1.4895787282837056,-0.2724459798588946,3.675169826029636,-0.26285103051541814,18.031558766983615,0.05265518348022025,-0.030798542951606778,5.27515890889113,185.6643279976409,21.32244097573733
2022-10-11,1.102901666518532,-0.4842828775547693,20.110348292643287,0.5243944009214141,1.4693632846383653,-0.32628223505935505,3.6028847753072135,-0.27546962764362426,18.56143121910412,0.05890117063461897,-0.008300063468999475,5.22420445629758,187.3031805954731,21.598799439681777
2022-10-12,0.9919641675137922,-0.511489269878721,20.5962744846288,0.637893484202265,1.5346592338618912,-0.3671662630583016,3.70883576389382,-0.25974680529622285,18.136290349339067,0.06129821054977547,-7.869240556390711e-05,5.388787505160221,199.1649175060015,22.089209396822817
2022-10-13,1.0270264288676878,-0.5028905755984556,19.00011030939949,0.5259650357502648,1.519364214179903,-0.3633748034119817,3.360809304111812,-0.30354115060206466,18.47582364454334,0.0897114579433802,-0.0025149492044348465,5.3502353284691635,202.68819104973997,21.000851590355673
2022-10-14,1.0503491816602493,-0.5136741257046838,19.481313840828157,0.6433175433161995,1.5634415821275889,-0.3728210245002438,3.4622261843585296,-0.277026702426982,19.97358846094057,0.06181292219389678,-0.0013780404323909812,5.3574731695212385,218.35258664285638,21.025927616453068
2022-10-17,1.0614798269056696,-0.5188463370325518,19.27809438556685,0.6166225446225568,1.5955506750359385,-0.367431968212271,3.4155972694529764,-0.2785782841886455,20.314295537818694,0.06424135576108059,0.0012219584537169759,5.437105449065161,217.46742760546263,20.668125734924477
2022-10-18,0.9723178580302603,-0.5249606598068974,19.054191868528846,0.6008709436515851,1.5979208653108476,-0.373548422186077,3.3810883251622865,-0.2611250793707077,20.135869911807045,0.062268247205879534,-0.008918839281288782,5.442983648585857,206.66001151666947,20.457001826315953
2022-10-19,0.9325044282674539,-0.5007400749504878,18.81007638135002,0.6110794346756356,1.5887898376349563,-0.38117408634220684,3.292651184258083,-0.2760400914901803,19.74528879964762,0.0898013092107115,-0.030759789048616204,5.375980763148942,202.46816320509998,20.59382960210614
2022-10-20,0.959617347074313,-0.49332073241105234,19.515643494263497,0.5531201327427642,1.5698113469013637,-0.35856165064524803,3.4455407261516715,-0.26588297829978746,19.792599269944706,0.09131558891264402,-0.06562863835729194,5.131464866190595,201.985111784284,19.816981941551507
2022-10-21,1.03753949504567,-0.5157037558155709,19.348336400782223,0.5733069287270769,1.538636596480211,-0.3534605030470207,3.409286903645298,-0.2708451213331279,18.94273474576976,0.107683484358295,-0.053484076160576266,5.057083185546978,210.28180635341892,19.647217403350844
2022-10-24,0.9057240345763453,-0.49624843367251026,19.26413576642943,0.5875401752544058,1.4794888392597847,-0.356135858648842,3.391041443819102,-0.2582521302384436,19.156313579477114,0.16271895923193624,-0.04492122409397481,5.082147163088214,201.2689462079869,19.340656445415668
2022-10-25,0.8834816781453969,-0.5311153281180756,18.185695547098298,0.6788921930317935,1.460359509247675,-0.3471296005819041,3.4100281535193204,-0.25504483837975656,19.4970717284051,0.18898086130661662,0.010036990302956017,5.035223217143104,198.90819621751385,19.103253693238603
2022-10-26,0.946993085616205,-0.531802117931935,18.832641329285284,0.6908761002095147,1.3949576662870786,-0.32960009415015545,3.558735251796854,-0.22992479003198996,19.2726766622884,0.2316014261186532,0.01724661912134806,4.874793524004302,205.6491436098063,19.78113973355173
2022-10-27,0.8542076325045451,-0.5383362071938911,17.88750155157705,0.6882067802747951,1.5053103901104743,-0.3426820554423151,3.341485216817815,-0.2666233165007291,18.694614607473586,0.22758949156684571,0.06411840178388362,5.145487021597094,202.7651836391011,18.790798534808303
2022-10-28,0.8499245589926496,-0.5247180307432353,17.843872911405736,0.6675505239247626,1.4804434342049544,-0.31062339170696107,3.3314567280938627,-0.26831735884651253,19.60076124257932,0.2453844732519861,0.05355628322170203,5.084488769489393,201.89185338947536,18.745083349789244
2022-10-31,0.8160386659942334,-0.5276076694786919,17.498701289110308,0.6445402031169414,1.4916514943222485,-0.3385438311164468,3.252115503879085,-0.28171991602993995,19.668828363251613,0.22924860376836254,0.015646773189218255,5.111981964847544,197.39099174616052,18.38340385405883
2022-11-01,0.7742941056036843,-0.540448258616347,18.202334354354235,0.6614621827953642,1.5745646790194203,-0.3602134312677433,3.154373811610604,-0.25439877551911727,19.72188327804241,0.1308978121832376,0.04944383858316104,5.315366704114634,209.49750309259932,19.56624686838289
2022-11-02,0.794573085667756,-0.5517336831537093,18.13064716921504,0.6663433103417098,1.552702834443855,-0.3645855379069298,3.2018554909095887,-0.2435653651711268,19.42079918997577,0.13099288085461147,0.040532515330397256,5.261739942880715,206.27159352853192,19.630011321923586
2022-11-03,0.7863003983317962,-0.5299469217476718,17.956978156934763,0.668199511541806,1.5805108703236423,-0.36751469427042616,3.182485626854012,-0.2504323182189423,19.221091354134668,0.1294002383077344,0.04707094049741589,5.329952617952807,207.34314475225506,19.53783196936845
2022-11-04,0.7062955881638415,-0.5432529625663403,17.818494033981814,0.6985831566431386,1.6562746320414163,-0.39584244186885464,3.1519318197544184,-0.25590804447372784,19.753639365799106,0.07797704690121265,0.08331735531388906,5.515799934988611,207.3203111947756,20.307647705432366
2022-11-07,0.7018722684278365,-0.5429349674137989,17.802998314398277,0.7154619997916347,1.6895560683081836,-0.40495559989209895,3.0663255194508947,-0.26195505932555385,20.073805982384485,0.0847012092304722,0.1019940568593074,5.597438775207731,209.04858174773807,20.189723700955735
2022-11-08,0.6964673022550105,-0.5443405860973054,17.49858910091037,0.6916729795215375,1.6946413059684828,-0.4065999940549161,3.0116131077855455,-0.2721898334307684,19.923094162073035,0.09585341896379518,0.10891333646384815,5.609912783285321,207.72971359359215,20.056156778783365
2022-11-09,0.6979979823863338,-0.5431736244480596,17.85768195539755,0.642463250430299,1.6629465500074567,-0.38608045470305963,3.0300181723454145,-0.2933613846468024,20.226754222893057,0.09684218016952006,0.09687068423943934,5.532166044925056,202.96703071192647,20.014642249510114
2022-11-10,0.6359452148792817,-0.5103479427993816,17.973570681934547,0.5824399811007366,1.6850750957872576,-0.3911820016203944,2.8592711598188094,-0.3191852561501082,21.00247884588194,0.08534369923123131,0.13756119551447443,5.586447020022352,218.5080427144606,20.071921973256007
2022-11-11,0.5998094226718231,-0.5108788193899114,18.009313843539886,0.5461806398464413,1.7552144794321536,-0.4046299584844204,2.7186105161082716,-0.34399922649627235,19.65520046117738,0.06861015466532039,0.08636844230745688,5.73193262598045,218.92156063240762,20.111618091875485
2022-11-14,0.5619680009151804,-0.5320733841787599,18.5610472059089,0.5356851621658703,1.8797009584498312,-0.3901491422549419,2.8265408443820843,-0.3595160759353637,20.28170831320421,0.05058729237402382,0.05953032274495351,5.5681960043360395,219.15263879270398,20.724369511035174
2022-11-15,0.5106221188476132,-0.543099714560527,17.894451226876217,0.5045848069458942,1.8213818934868122,-0.3789272725967763,2.696141039421801,-0.3741084669001896,20.19187385911393,0.056647756748457345,0.07901447411273921,5.435178355978234,224.16846082429183,19.98405243032685
2022-11-16,0.4648149430613182,-0.5520658810419279,17.712204656355592,0.49499233298950296,1.8033941853766642,-0.3587605633244024,2.660489883402144,-0.38014550836044037,19.504317199665014,0.0604892982980072,0.1087774509141648,5.479617156600752,227.80266914051728,19.781650595781255
2022-11-17,0.4692273579703621,-0.5507714647600704,17.76022565471954,0.4892669983360054,1.7926580969548227,-0.3374205696729172,2.66988377268084,-0.3786307252363995,19.147454160234563,0.08327775703512708,0.1283572985375978,5.454802329240468,226.0514458062966,19.85726180522764
2022-11-18,0.4503404862499023,-0.553666682049081,17.519063540860568,0.4899806675452745,1.7939963620866224,-0.35398032975384763,2.609746779963539,-0.38881286774166934,19.345926143669733,0.07248758945686995,0.12478927673753493,5.457187466017868,225.333477739424,20.170792379429198
2022-11-21,0.5171203892222378,-0.5303776773531436,16.66636634449747,0.4535753078061231,1.7257294074292706,-0.35548414382424043,2.733614875639902,-0.37456909311470843,19.44556081230192,0.08179891432610265,0.07897420245021736,5.5479575015802505,214.31880069044155,19.355914742676063
2022-11-22,0.48643487222999937,-0.5333009083153151,16.764768032126636,0.4906850172772814,1.742394539122066,-0.33506615089119085,2.7772644469465497,-0.36725720051818234,19.032025664940697,0.06827515031301967,0.10652036326126968,5.340520944803414,215.69407909361783,18.586591644113295
2022-11-23,0.47769937069184487,-0.5330993104355377,16.50593272372413,0.4835814432135346,1.7280416890377572,-0.3427693757933037,2.8005947931417143,-0.35661532596708034,19.050061489586803,0.05648161401345786,0.13099879913238466,5.248138613032303,213.10672095253014,18.619954208606686
2022-11-24,0.49829523802772835,-0.5177737095596662,16.26426416612045,0.43302849690593037,1.7274466737625085,-0.33713194027503035,2.842731914341032,-0.3494821324899883,19.439963618205105,0.06253181877558167,0.09246008470720368,5.184520256690516,215.28674903966618,18.3491016862833
2022-11-25,0.5314626219311358,-0.5414469307025969,15.571453824746484,0.3610490469138323,1.734578996682672,-0.31602077133025486,2.7925269162352135,-0.33752517062413534,19.139510573331954,0.05896867194972755,0.0581070162914763,4.853139109385398,220.0746342685224,18.096307154902174
2022-11-28,0.5184586954549748,-0.49591005768516616,15.818105396510962,0.3464650426726106,1.687731923628986,-0.3222694334452896,2.848975356712512,-0.3243743724643935,19.310052459006464,0.06134843071235219,0.04676911686143592,4.906611915391477,219.3032540446072,18.151530030603165
2022-11-29,0.5268559754030269,-0.5176593411727239,15.53511358350411,0.27816326912608735,1.7590719957220058,-0.34025833592942367,2.8702607059157605,-0.3357428659267938,20.74396661180598,-0.013584046144699102,-0.006330061289859135,5.0633902444223615,208.12798956135717,17.413655719200666
2022-11-30,0.5174256465263098,-0.5116285841383393,15.432987671421827,0.30147496576050425,1.8302759873364303,-0.3601475558355496,2.846356793638909,-0.33230026223368125,20.719087931472107,-0.02050788297569106,0.011792922467754652,5.242850689865223,206.64017242400593,17.29992735709443
2022-12-01,0.4726738061140803,-0.5246290956471407,15.422393280374791,0.3105595188977559,1.9076525666555395,-0.3713013460034884,2.7329202336391045,-0.3570831733991231,20.705085577467354,-0.04044905266146759,0.01885543754477914,5.41352324397056,208.0801335249774,17.42766447602259
2022-12-02,0.45981139727423104,-0.49833506554009666,16.043313083325682,0.3351263031572682,1.9457145999276686,-0.36945464164558106,2.771481379960834,-0.3758307289291116,19.440764209843763,-0.028715687998493333,0.03795415176940664,5.397807430402806,209.9062501751979,17.77309591279539
2022-12-05,0.4740206824940565,-0.5191439994186672,14.87893768764309,0.2646989904421264,1.8214434691828245,-0.3483583196257939,2.749473236231483,-0.3794730131260218,19.927972319673383,-0.07843718857100301,-0.01679746345814015,5.183754303242205,208.6755255342287,16.782823536799775
2022-12-06,0.44369289165565906,-0.5291554399994265,14.452035701500156,0.2335116817831031,1.8276728772895847,-0.35723146911841486,2.663985985151103,-0.39362090617308987,20.21294032058956,-0.0935297464054855,-0.043230662195176794,5.017505335848855,203.03844199269037,16.483691959310995
2022-12-07,0.3905586633919411,-0.5464845842186719,14.121079227347472,0.23831750854239564,1.8785186367824291,-0.3705513774648549,2.536665850149074,-0.39492719806470533,19.930155510509785,-0.0943060929936349,-0.0637230434408751,5.022659029219523,202.59889227030337,16.073286499341563
2022-12-08,0.38964806142029795,-0.5467815670376301,14.214706785386724,0.25146452770941097,1.9169935281731818,-0.36766065799578584,2.5734506536655632,-0.4096069774422575,20.00420148202184,-0.10389920036473754,-0.053984842167890235,5.025879482812919,203.13926243251572,16.11860057002373
2022-12-09,0.40793774205840116,-0.5408165888332126,13.696810196358554,0.21419847750608811,1.901655938083184,-0.3427129608756344,2.5527394926370373,-0.4018365928871138,19.776920645253064,-0.11159408127166037,-0.05946779804673774,4.990954427900237,204.83924711492898,15.201446934995815
2022-12-12,0.3958791821266714,-0.5447493555442715,13.834240614519521,0.18662588384204448,1.8841812227033694,-0.32527219488176085,2.5859612916238044,-0.396243144644278,19.58263488839666,-0.09509661303857864,-0.059419065463453324,4.95487495269197,210.8579340876234,15.352947267199934
2022-12-13,0.4098297231774557,-0.5401995399977715,13.548686371659985,0.16374324610658664,1.8523524153628639,-0.3166644924350823,2.6217997086199696,-0.4029059924841979,20.155979605502793,-0.10723458126705865,-0.07752493846289821,4.83791092828052,214.03413602374522,15.038158421801498
2022-12-14,0.4323753787372582,-0.5328465223765476,12.946361401429966,0.1428667660402585,1.833818231113162,-0.2995163336229786,2.6797186525851346,-0.4067858252461264,21.031850763939033,-0.11043427606101286,-0.07144715218208297,4.876374379953027,205.1315845307638,14.529747078428835
2022-12-15,0.42282079782356785,-0.5359626438676891,12.877105698857369,0.14654757285240927,1.88658094737744,-0.353031678376573,2.6551732923900055,-0.39574080095951514,21.371103147436017,-0.10730763529775977,-0.07764101270831958,4.855720131276335,198.44548349960468,14.396256459593078
2022-12-16,0.43509245578591194,-0.5399876729555639,12.718297266338043,0.13266703673818836,1.8036127337893446,-0.33972921495377884,2.686698721668182,-0.4131088592965284,21.2875756110983,-0.10155295170237455,-0.07419717834218764,4.678694066795117,199.48109156066812,14.797021293633113
2022-12-19,0.43034737945244417,-0.533477735987443,12.576064104260263,0.1406976264649329,1.8568327280340138,-0.347417072881702,2.7388716198440033,-0.40196811123455556,21.853065081033225,-0.09756476787011792,-0.05503521758961105,4.822776211654134,202.57730892601904,14.753990940335681
2022-12-20,0.46306056327784684,-0.5130481151803664,11.927348338352562,0.18312840805024644,1.8794225266619495,-0.35617923225183357,2.7684359538559926,-0.397239300965852,20.805729151930453,-0.08409172584773195,-0.033423120360924874,4.868818579058445,202.94572278566307,14.363424259253543
2022-12-21,0.4787360427787162,-0.527021454227833,11.877947369648599,0.1351446607066269,1.7916349314435682,-0.3505611829172611,2.7824946652431346,-0.39499061243644706,21.12269067776512,-0.08722352896265329,-0.056141926128053354,4.807087401078309,203.7065726688492,14.304713994692527
2022-12-22,0.5008285306767479,-0.5199550999250969,11.776089918707134,0.044633694411151836,1.6292417702060926,-0.3363320360756198,2.83900557401846,-0.38672957916900397,21.0940392168075,-0.10418858931161135,-0.10983387648773668,4.835726952082403,206.7649125946387,14.217864657768546
2022-12-23,0.5405500922856985,-0.5072500289035661,11.737312314461615,0.03467995161748583,1.6021936667609857,-0.3282323038825198,2.9406103165380593,-0.38859095912373065,21.254270621925222,-0.09730263644864279,-0.09273006760665581,4.963031929311773,210.56484508909875,14.496192974553072
2022-12-26,0.46995699135919655,-0.529829462454819,11.21213758154403,0.0888504795316325,1.7010084248133688,-0.348689096424906,2.7600385174252806,-0.36537353406542217,21.34676816936039,-0.07968869183622307,-0.05532223519542945,4.866102837347981,209.68549794595023,14.842717856050536
2022-12-27,0.4947661482675525,-0.5355781902779237,11.418247582875981,0.10020601389395845,1.7035476644469068,-0.34886931241221397,2.823498459524683,-0.3606844952303475,21.582019498129675,-0.08648855868070338,-0.06141403836407455,4.812063626322785,206.61279462126032,15.003556652811685
2022-12-28,0.552972149931853,-0.5229744757090551,11.384981449517085,0.14232733683038634,1.7125855662996496,-0.3520595212252471,2.7328304706809847,-0.3798911135103299,20.903599805105074,-0.09014069379218914,-0.062028746374609534,4.916892467855458,205.17987735966838,15.537842605301208
2022-12-29,0.5371264841975747,-0.5246467703643646,11.514521019588237,0.13689506034901777,1.6841172095805046,-0.3516374775367981,2.7269507801257102,-0.3749445335795951,20.81877002906959,-0.07563488504675875,-0.056918680458317605,4.832719843649667,205.97838504676406,15.643533162806214
2022-12-30,0.537012869364949,-0.5212015349560313,11.514363098999896,0.11742963217925717,1.6546292774208462,-0.34512433317928237,2.741661237113861,-0.3724774090865596,20.664379515862528,-0.07469714697142693,-0.07299600642251436,4.839939364015582,207.47851004111686,15.826380385367916
2023-01-03,0.5317469172207141,-0.5171364497052193,11.851352249509358,0.09608484800373218,1.6515584433368304,-0.3298871874915196,2.8416746634686203,-0.36714962920606375,20.99638417341534,-0.08813143520629407,-0.08752733705900806,4.83318381249653,212.3292284159284,16.537347116016285
2023-01-04,0.56203344862087,-0.5075890095154726,11.338252992334576,0.06435022450974204,1.5746426469073902,-0.3237547682665668,2.917634339976695,-0.35463656819633227,20.974589573553647,-0.10701468907604661,-0.13289189755966035,4.664297350469472,215.42793864324256,16.427951152043455
2023-01-05,0.49495174772601214,-0.5287356544930099,11.085632339672538,0.05078211283793643,1.7396174673773692,-0.3495308230343048,2.8374223890245633,-0.3823517728476511,20.694462150821714,-0.11057526059496403,-0.12489256825279393,4.739137242830833,225.63658515402778,16.66233943072796
2023-01-06,0.4894617646906636,-0.5111010169693508,11.290402214211623,0.08727865183358019,1.8305188324500974,-0.361387768475683,2.9024407909640786,-0.37188680532020923,21.287451131429602,-0.10592821894576088,-0.09128399277901111,4.830971872905655,227.26203999598377,17.15714416869915
2023-01-09,0.49565897567535644,-0.5217863711614616,11.305387545914861,0.09249866587329736,1.8188893902940944,-0.3680609702272495,2.890903297524615,-0.3737438102694294,21.86729617026568,-0.10964818785936647,-0.09879843374989206,4.998833852704355,226.8065405194959,17.24431643803594
2023-01-10,0.45261296222170344,-0.5355496625504019,11.177176386678811,0.08111580451335954,1.8592437972360547,-0.3837192825119038,2.7789206340859263,-0.37961461200035007,23.09204191046543,-0.10130163728540342,-0.1081881500089813,4.874156211196539,220.24806494519243,17.054226938516972
2023-01-11,0.4418011714113532,-0.5279459572214273,11.505207766501654,0.07318732544053841,1.8214923118419528,-0.3686015737305741,2.75079414723277,-0.378221222894097,22.5901582458636,-0.1031338185029177,-0.11472834816354471,4.9422189426231915,218.60131673517807,16.921824322756095
2023-01-12,0.44027154471318797,-0.5233064520094581,11.601848735974915,0.08148097921211472,1.9063440663191407,-0.3631639472890825,2.8197897361268427,-0.3600129432568715,22.135365778589353,-0.11265631154134115,-0.10572763664026652,4.943697349768746,222.49077663644897,17.27050850371185
2023-01-13,0.4236042297414002,-0.532328489081523,11.347377931485793,0.07094537393766376,1.8718791648491808,-0.36653428769254526,2.738374075426532,-0.37836016546783735,21.769649754869764,-0.1107780927308929,-0.1237857971930828,5.039962864878327,223.68787363763136,17.414144090263523
2023-01-16,0.4480310666218792,-0.5387475098196197,11.221982899350033,0.0857510703515485,1.852127231460932,-0.37204921412779357,2.8542013575527374,-0.3768076259091986,21.575277521246672,-0.10907867198121479,-0.11621893761559776,5.1136013386481665,231.1882755042194,17.638647037867692
2023-01-17,0.4657978685067665,-0.5346307427304621,11.516360245640067,0.09444714971170187,1.859265335054395,-0.3576556017197178,2.9323603329541226,-0.37124551424478736,21.633718512770596,-0.11993333748272494,-0.11971156872878341,5.129427718796819,228.55207695791916,17.68689720943401
2023-01-18,0.4582865246498822,-0.5370154838921717,11.689454049340478,0.11519109349900991,1.8592760738774596,-0.37139490219267934,2.9867425330660717,-0.3690598862077723,21.538773849190385,-0.11134535940204626,-0.10753770428801845,5.240735405300987,229.61580302455766,17.773560989005983
2023-01-19,0.45015481540462243,-0.5331174124337074,11.56974795390766,0.1133365628557188,1.9123734510123227,-0.3722686011715518,2.9645116267478593,-0.3752683990126159,21.450574285355344,-0.12484361569884173,-0.10801299510927587,5.301078748015937,231.17395205819957,17.59646040811215
2023-01-20,0.5309168967376423,-0.5352173517740191,11.793410087069754,0.126345692138498,1.8416747151988835,-0.38600766477207216,3.0108362028159927,-0.35638334564094987,22.022232674930546,-0.09337289445954977,-0.10160226325563393,5.444402998312406,239.52295328280124,17.81375656609575
2023-01-30,0.4909459827687124,-0.557284052542985,12.38044586241415,0.0632287743345632,1.8240732176378915,-0.42751206950669207,2.7860813866835272,-0.33222362056814625,22.88642847878578,-0.0955174092318758,-0.15194568490771643,5.389242551666112,222.881347383589,17.652721445301434
2023-01-31,0.4754608427314919,-0.5701908053493414,12.060926157724374,0.03853674572763488,1.8128513989831063,-0.4095154502987941,2.8085326538995137,-0.3282637411033571,23.237671964062418,-0.0865597960841229,-0.17164058210572863,5.173393633863009,225.2066053446578,17.207301904790842
2023-02-01,0.5047309108021678,-0.6009849114768149,11.80148729974181,-0.021259916555389946,1.8332663659823951,-0.40930109715978247,2.7412063144708263,-0.31881362723564455,25.114048719286384,-0.08033886393486589,-0.1830061358228532,5.242627954990444,219.469209680207,16.885437528265825
2023-02-02,0.5232612098497393,-0.6007949629803175,12.238077024519955,-0.025671765360556265,1.782770221252981,-0.43258118007653357,2.78727812126906,-0.32220847288363474,25.565357841381303,-0.06853145891136869,-0.17294510729306578,5.131368156585367,222.2217365032481,17.105691198617254
2023-02-03,0.5247567260162995,-0.5941823887237412,12.36289711002251,-0.02471518377296167,1.7194167639323612,-0.43271438226076187,2.77607447829648,-0.3327702068031885,25.539276351308988,-0.061840015096370715,-0.18083285115654757,4.9917794230785315,227.82336022566358,17.052130384368652
2023-02-06,0.47810405670659484,-0.5898629341984081,12.357873365154825,-0.03643353211708711,1.6326664801905602,-0.4322140909811897,2.673182144288696,-0.34788906078726156,25.858153954970202,-0.05317030430265457,-0.17752260769196782,4.896845481788504,222.67326480738043,17.04534373498996
2023-02-07,0.4915989008541164,-0.5879985642234102,12.476395462177798,-0.022373008337122746,1.6220305156149228,-0.43810462720858834,2.7203318800935623,-0.341337664867684,25.749647094651383,-0.039832843859493594,-0.16552087940596916,4.873022243970788,224.669504284939,17.42070095203135
2023-02-08,0.4854732380169333,-0.5846767505985632,12.283112251302933,-0.015089377102049828,1.6026454214538224,-0.4334391941542102,2.661433716115235,-0.341740969800704,25.273032818514956,-0.033322092410949855,-0.15930374522329227,4.916778122874769,222.84567618555985,17.44813075951112
2023-02-09,0.5368895824516604,-0.5866167867981739,12.240992459454068,-0.007643018834006199,1.656392085303371,-0.4255426705795743,2.7579631031528433,-0.3336894164095733,25.15030760432351,-0.04146074128325039,-0.1529477111201668,5.0389642194598645,222.5098585027358,17.627290151759826
2023-02-10,0.5707534855412386,-0.5773406469951154,12.281475919892836,0.01422262527223106,1.6652966241970506,-0.42238074938530523,2.779112485245395,-0.33395961534858,24.69822795538311,-0.045062579737798925,-0.13428371798106686,5.059207538233185,225.40894485874313,17.963310180841244
2023-02-13,0.5575005412521878,-0.5839314369604571,12.67824352133143,0.011538774475107871,1.6751597100269873,-0.41048175068006976,2.8697194239292783,-0.33815758277799046,25.317109551390022,-0.0362324181862681,-0.1365745891129896,5.119820400420276,224.80981818576848,18.417969175382225
2023-02-14,0.5799872629406451,-0.5809609433382981,12.429069779955633,0.026143065322042247,1.7041301483403841,-0.4142040771365537,2.8169447264376046,-0.3268112162023913,25.85930457167884,-0.03963563504757939,-0.1241087142069377,5.103260717752212,220.8680503069116,18.365425900161192
2023-02-15,0.6099192195343035,-0.5787591264776948,12.550197947061687,0.01597619751389967,1.6629127310545648,-0.4137371513546977,2.8513729873845093,-0.33760880973460483,25.593186709338468,-0.03955870538405459,-0.13278691047206315,5.042790548423004,221.68570067755988,18.48416746806264
2023-02-16,0.6197421634345657,-0.575521301960656,12.451459605582594,0.029837586509282366,1.6929962917313288,-0.4213192138137869,2.9222607629775115,-0.32529886913390016,25.804036520368328,-0.04468766979993688,-0.11407927305203724,4.9987576037392545,219.3976282967606,18.387902516284658
2023-02-17,0.6379135683753758,-0.573811659457957,13.36396538102013,0.041391027686639825,1.6955253683271687,-0.43000416808674546,3.188334906894476,-0.32392621632231733,25.233141059296674,-0.0387151119761886,-0.178366605042923,4.632758623403919,232.84463058514424,17.756456241116457
2023-02-20,0.668810958736314,-0.5646329809755366,13.010866193273873,0.06156188855632405,1.704513220018443,-0.4316789037081197,3.192522122876511,-0.3182201304413289,24.588270332142862,-0.04400398615558321,-0.16842738402341295,4.6162087102553375,226.03692666832103,17.295379561518804
2023-02-21,0.6343910052097155,-0.5659669802812295,13.007765756184657,0.05524889397389532,1.6962696187395494,-0.4203109199753814,3.11727506316017,-0.34360791415194725,24.133243226685643,-0.043845981254461486,-0.13686864607000493,4.729476552921076,226.73258593810402,17.122818209818924
2023-02-22,0.6687593176123312,-0.5634140832599948,13.220174408552266,0.05436575718312198,1.667999808852088,-0.42728673184750376,3.203853975530059,-0.3404595088296616,24.661750268239523,-0.04024502563681365,-0.15501875086243333,4.66052967788728,223.82658662584544,17.475973534244904
2023-02-23,0.5800330371828044,-0.5631901603370144,13.083672982774019,0.04999999465350635,1.6634601823820865,-0.425596059975895,3.163500598353595,-0.3555108851092236,24.648588473714028,-0.04307825969829571,-0.12847218486850065,4.634188129978304,223.1628897863706,17.826768039358896
2023-02-24,0.6046458333067313,-0.5624136414251342,13.245552680111347,0.0363388887480236,1.6094802950808385,-0.4345735207529149,3.2113564536798034,-0.355153582818598,24.668828070187995,-0.03783572052212347,-0.14136058382561745,4.546130407141115,226.47787377745647,17.780705804212303
2023-02-27,0.629427089125878,-0.5546984685614564,13.161887405586322,0.05461078757522331,1.5884043516238808,-0.43888058097549776,3.1506626599968515,-0.3738898154648981,24.216255813560757,-0.03648525939536418,-0.14709038450591805,4.518573940004948,230.67057229171004,17.664006262784014
2023-02-28,0.6690047985163161,-0.5559922919434724,13.247932561034412,0.0515466164472167,1.5648009797244953,-0.4438626638857637,3.2514795186531202,-0.3683268222874936,24.072152961037485,-0.03198266496336455,-0.14956851297699614,4.509437027459109,231.99449565923,17.69442915110033
2023-03-01,0.6727774133411719,-0.5475048816622821,13.319596633780968,0.03021928443936117,1.5480946203003372,-0.4233295618708942,3.18991812849945,-0.36514964044965714,24.741434924450026,-0.042176703792726866,-0.16681685403005708,4.690607268422776,225.84575307291553,17.381477116227547
2023-03-02,0.6819729300313491,-0.5439267776909561,13.415003182311224,0.019893558383789145,1.5599978618839745,-0.4206298792210035,3.212950757810326,-0.37858787917694015,24.53788459473782,-0.04374378833548642,-0.17516771782124207,4.71451260001647,227.14498984351914,17.503946577721315
2023-03-03,0.6309210939362475,-0.5406140557460196,13.432097921648197,0.018644165797116585,1.5532300911842136,-0.42216153836264014,3.0850777892718497,-0.3974491992215957,24.723380928628956,-0.04692778698820432,-0.171933541313396,4.711970367847242,227.7481282291207,17.68703061804481
2023-03-06,0.6208794227520806,-0.5502077588124517,13.428336470349883,0.06975568065450344,1.475282791367921,-0.4398023095450533,3.0599257398722024,-0.40115913775612655,25.066255283428703,-0.03188605630275465,-0.13548290908782779,4.907469321429581,226.43174776221554,18.509614449693615
2023-03-07,0.6287737781742921,-0.550300907324113,13.569191499371959,0.0723595982173848,1.4585291033665606,-0.44410289920588863,3.0796992630155327,-0.3982425342496979,25.026488530559703,-0.024453928524088342,-0.1291680106321187,4.824333906713091,226.47884712691913,18.652123181394753
2023-03-08,0.6191158416988205,-0.550317992692406,13.50065503904981,0.07087476787061808,1.4462220211285728,-0.44752046899082354,3.090007081754586,-0.4014780530505665,25.10594694982144,-0.0184564214802031,-0.13592321764023485,4.8377784583190975,228.4945755277661,18.59805399250755
2023-03-09,0.6046485678415172,-0.5495222207832513,13.682954603233256,0.055431770290234494,1.4180458023202394,-0.45020467551341736,3.115761426144343,-0.39865748449702065,24.497704233396174,-0.013687619148539665,-0.14838399835858285,4.8442628167526705,228.905807192707,18.620611795800112
2023-03-10,0.6625037000219167,-0.5168133366844002,13.242719922974771,0.03274902036658012,1.3732716801558573,-0.456427413365194,3.2928865695496397,-0.38570193718544477,24.13469312029541,-0.0025242586893873264,-0.154561986690809,4.759460616356779,233.8589836029926,18.31167168136832
2023-03-13,0.5773956752811369,-0.527967229318226,12.802667235095479,0.03205007524644521,1.3773369490893876,-0.45549630683910924,3.1602506486084465,-0.41714950312321986,23.567502589053927,-0.004232873500327972,-0.1458345339953443,4.899294447422515,226.66783560422797,17.91435953598565
2023-03-14,0.5623336035114985,-0.5327100715951412,12.670869761725083,0.04659924408730154,1.3094073858726865,-0.46550242322002544,3.120525679895155,-0.4227149653293736,23.727122584065114,0.02421998253868729,-0.15548250918377504,4.730729156224051,226.7814420937421,17.67031534512321
2023-03-15,0.5520104744752425,-0.5291326769007418,12.58053940444995,0.04988361411415054,1.3408761959331237,-0.4593858257837222,3.09329928074765,-0.4265293797989914,24.150823310360444,0.010263595160790784,-0.14265426718609264,4.808818118971902,224.2473753333778,17.830553681207725
2023-03-16,0.6227539822242263,-0.5250821957559944,13.199565506653881,-0.012124261365797584,1.2819130775551248,-0.49320101508798486,3.2798794322020983,-0.40038952834101615,25.27523811316842,0.013787307139291105,-0.18094409464726202,4.73995463607607,237.55086060935494,17.84789576927573
2023-03-17,0.6114636516936596,-0.5302542353935904,13.338226164815918,-0.031040186555388538,1.3319267218609103,-0.501450954669461,3.361830912528899,-0.382378146847726,24.4859701469604,0.010878186418306957,-0.19662744390449283,4.6616050405588405,234.50212578404287,17.60701532948666
2023-03-20,0.6333959593445964,-0.5206738999730148,13.444888977365759,-0.02820137148583457,1.328131603022955,-0.49709296456529684,3.3490518156525138,-0.37397220329383907,24.584213232590933,0.005003375255476117,-0.1942737589662058,4.788150547849588,231.4265698219506,17.383336168073086
2023-03-21,0.682852965492079,-0.5286908156842952,12.95225532423774,-0.022253101380162676,1.3512063887132935,-0.49377467607311376,3.2007301991316055,-0.3613715432627078,24.156307301715152,0.004523660040557154,-0.18934199926592254,4.8455185820541935,225.69251455520933,17.390277329293866
2023-03-22,0.7010272200410941,-0.5316983263513955,12.811574601303704,-0.032812443987275564,1.3728779140613723,-0.49539817244173456,3.158374196640879,-0.37416828941447555,24.063183044137283,-0.0031032923294921355,-0.19809683712736847,4.719529296738994,229.4789174483912,17.20484798833649
2023-03-23,0.7055551182506261,-0.5333154138040479,12.885539399736574,-0.008462367487418576,1.397926966313368,-0.49252924527163666,3.274135139029852,-0.35994532769949605,24.264118027167616,-0.011424775771257112,-0.17790798829444465,4.816974795150918,230.04351527949626,17.663176301628425
2023-03-24,0.7078699770733012,-0.5333343007443954,13.164044472881859,0.011425103421666805,1.3947494556657607,-0.48219735050394485,3.2799361942581564,-0.35407589488386704,24.452421377066496,-0.012766516096853309,-0.1614191224851299,4.763631941441828,231.76557293663504,18.037507404754816
2023-03-27,0.7156966353419003,-0.5316802635330826,13.170256507840906,0.011868691982331203,1.4153796356262176,-0.46763198696626807,3.230105231241196,-0.36343736656483405,24.74876193233791,-0.02579548708133539,-0.1698882745804644,4.653685783668436,231.86765874123083,18.04585683219116
2023-03-28,0.7259904064270595,-0.5389007435693745,13.154885202326414,-0.010288336702408363,1.4585329967136431,-0.46977799450000235,3.2745116121807545,-0.3567549222172459,24.446279063590474,-0.036022395006510055,-0.16511703263859578,4.7546949751424865,231.40801531693552,17.68691911892809
2023-03-29,0.726137373227683,-0.5418411993178427,12.967482176383358,-0.014874368207358879,1.4282497484211198,-0.4815713137529195,3.222647402640881,-0.3774362922782306,24.40681735302757,-0.0145813843912862,-0.1791155734661608,4.8118081355384525,231.76843020549416,17.415153503088373
2023-03-30,0.7150824738913726,-0.5568533469561381,13.579282707512073,-0.029261976447317206,1.4083249294878817,-0.4878651766247042,3.4076068599776583,-0.36907654831501513,24.715914864425073,-0.002618138910326695,-0.1573947739922842,4.679239221800717,227.51928520588322,18.221769939159856
2023-03-31,0.7291343281582192,-0.5498963963031167,13.186186189381704,-0.019899282025288567,1.4112745539218743,-0.4898534309369479,3.360515084173546,-0.3758174638912416,24.49938269180288,0.0012539836163072415,-0.1492679106593301,4.686194937190283,225.8040483707988,18.123539775168698
2023-04-03,0.7450212983813984,-0.5541548507433529,13.548524860463623,-0.009174820789421334,1.4325256217139204,-0.4834750579206645,3.3576204386802004,-0.364534371131635,24.872490022456166,-0.01126471547692387,-0.1399590272487603,4.736308564397306,221.5010311807347,18.611986627339814
2023-04-04,0.7478036383027296,-0.5423466770629374,13.27325777227048,-0.016433943715854493,1.4070694160300579,-0.4932303072808023,3.275171564920761,-0.3635211563419506,24.791286954118263,0.007408844047347873,-0.1299874733942855,4.802816918752555,220.79505824959134,18.49401312518244
2023-04-06,0.7895668442203747,-0.545115107182168,13.825058098121946,0.0011206179732736743,1.3891086633011378,-0.49030158318553374,3.3559076132207677,-0.3515013377491356,25.080602582423147,0.0015868254899298329,-0.11445960063878025,4.838531448688496,217.75077050933174,18.83388217544926
2023-04-07,0.8087554401044863,-0.548658609301368,13.601488329336023,0.021110924703430234,1.4317803175082133,-0.48513936415068426,3.3771966670367233,-0.3385410303307005,24.838350773454213,-0.008557233045532575,-0.10624938634391412,4.942812931938957,220.4271878819276,19.115217719965546
2023-04-10,0.8634265201178415,-0.5619957122475006,13.633402365766372,0.045942795022497096,1.4362389672197136,-0.4793784804291429,3.5095009376483057,-0.33709529923952153,25.401490689501486,-0.019650694264540136,-0.0845147257904193,4.957811124961871,225.4059765718391,19.553623488097305
2023-04-11,0.8963181010643453,-0.5586999812182015,13.891698431235016,0.06019706898733945,1.4104938560992966,-0.4900819178069341,3.589098718144429,-0.3253942831868455,24.762687553859283,0.0005042686170364519,-0.09273651299056418,4.8948515748067205,230.8840326961373,19.451722187559554
2023-04-12,0.8969862593830036,-0.5601815592058839,13.896945447640226,0.08646428480950452,1.393733310999063,-0.5036699604659931,3.5907156644162344,-0.3251565891938123,25.00987199426002,0.027165207221272025,-0.07057801669492492,4.853863739293789,237.06316271380305,18.76168368703385
2023-04-13,0.8702398210157964,-0.5501247499195843,14.018257337437857,0.06229822914896488,1.3965002924456194,-0.5007537095406165,3.52598915784701,-0.3346715013895992,24.62319790066616,0.021129966056167238,-0.07814667817727339,4.866251454468877,242.63354820314714,18.332865028961784
2023-04-14,0.9192720194744466,-0.551255213340107,13.86491880739419,0.0846853167710826,1.4093538622765558,-0.503691330394686,3.549265698160574,-0.33124980834536877,24.825707308547216,0.027138408663205604,-0.09229989584505727,4.774088379528649,240.14601524167193,18.036047476299757
2023-04-17,0.917326293205823,-0.5450040366786545,13.639501683017185,0.11613642669244362,1.5045295963116363,-0.5012463367865627,3.544653727745727,-0.351318594447971,25.40452107090745,0.02207835834041627,-0.06496948632598143,4.9034990391952435,235.74069818685234,17.688292094484073
2023-04-18,0.9124377370614738,-0.5502853862287371,13.254426740668949,0.14205801125239992,1.5693669681795588,-0.4954002218332684,3.425111935265554,-0.368037748415427,25.91527883726934,0.010098120369561814,-0.0510484187688337,4.774838348545939,230.58117812404038,17.41364215275429
2023-04-19,0.9484178579241787,-0.5348048733173267,13.397409395161084,0.14989154913492042,1.5794946858254866,-0.5047487641710253,3.5125433122941248,-0.36048288884674673,25.97012982249412,0.02881185242444073,-0.0630308821066774,4.807449804348709,229.27340136920756,17.14360669676452
2023-04-20,0.9339707580426959,-0.5184958657585282,13.167526077340815,0.1773556126093856,1.594161524248388,-0.5227159486399913,3.3304198486829524,-0.38049902740936314,25.28820689530155,0.0661360446708823,-0.08167938918232387,4.597402532870798,229.69300425557475,16.21782163783947
2023-04-21,0.9347468763277453,-0.5240722292457392,13.061897615155358,0.1380657563583081,1.4937571449796536,-0.5232921493726139,3.3321576815909877,-0.38025041660155534,25.886420299055082,0.0674231364315736,-0.08277134461988234,4.870494074760543,234.9426452009418,16.197348293629535
2023-04-24,1.0632615441861812,-0.5136978546016009,13.240985025827756,0.15625378916434496,1.479169209707993,-0.5380195019516474,3.619919255144615,-0.33908383670401887,25.799560272880175,0.07713205672902457,-0.09108378628281977,4.605640892755168,237.1852852720816,17.28411597543013
2023-04-25,1.0825910195843136,-0.5091419778238727,13.374400380016644,0.15566408942146204,1.4461015774512083,-0.5566515946751822,3.6632005424032794,-0.3701258669066039,24.766778534384386,0.06267098044707597,-0.13994389026124776,4.451470490201812,243.5600114431637,18.15715484263253
2023-04-26,1.1543020044269663,-0.50627037622308,13.458493028556225,0.18880538769105093,1.429024435620982,-0.5724607988983589,3.6904810462096895,-0.3484370696409481,24.574027273259382,0.06440360612801976,-0.07897419884628254,4.8379272222473,250.45123208185456,19.515212539006317
2023-04-27,1.215123359280652,-0.5054700493318716,13.144836648725917,0.29597060079858917,1.5905537057758825,-0.5740832870278187,3.614244993563834,-0.32266672720583434,24.526897620928388,0.1068722480998281,-0.11371993272684588,4.799658037361342,249.98783971038364,19.959925758729447
2023-04-28,1.207513287401055,-0.5026649019303401,13.329430441861044,0.3436269776089138,1.6652827459515747,-0.5623313369538381,3.6744620895239652,-0.3138273520227377,24.243386579916375,0.10120033122203531,-0.15480331166441796,4.842447386136933,249.4536443931522,19.887917786375823
2023-05-04,1.156319382641235,-0.5141984794583236,12.997120099046866,0.39764333998514934,1.5228302889351855,-0.5687522681134765,3.56605777396208,-0.3168083096155381,25.4988298235373,0.1393029392531311,-0.1376697511846381,4.728132783239427,254.44524046541252,19.68882152991047
2023-05-05,1.2515618201282903,-0.49274111960533507,13.615358680383254,0.4319044264510852,1.5054463318446727,-0.5694864851912034,3.767735909214098,-0.2866324264013288,25.316235487873286,0.14124264957008714,-0.17787366951258177,4.892273706005849,262.5629259733567,19.724045103189003
2023-05-08,1.3303035279528435,-0.47500124224803875,14.126487574413003,0.45616303907989986,1.5478923575037609,-0.576651611784647,3.9344733554577793,-0.2616845077833908,26.060796874613082,0.13052729030082055,-0.16419084880865598,4.84799595296447,260.088280074934,20.0689597262724
2023-05-09,1.32994695168393,-0.47508157603116097,14.053415901503945,0.48844649147510344,1.5026451002785866,-0.5860373379504287,3.933718296695246,-0.2536062182924519,26.186460939719296,0.1809179291622156,-0.1456607775049572,4.744143144443625,263.12049684168096,20.56363989639898
2023-05-10,1.2712653570667136,-0.4781997403560029,13.256489979330738,0.4485961930934108,1.549382368873963,-0.5749542820958602,3.809458619094875,-0.2728195845478617,26.43328456758822,0.18806621610353957,-0.16853407065362147,4.688137135397755,258.18800737241514,19.58361064550539
2023-05-11,1.2613428083704705,-0.48531855607221464,13.43902770070788,0.4738151218084896,1.5730255111555094,-0.5810496731124565,3.8500268918365537,-0.28274036031285243,26.082033364654094,0.20891330211460035,-0.14341294683154937,4.7312193721641105,261.50660741650984,19.262963037394712
2023-05-12,1.2174132816850003,-0.4773952797373521,13.25541703809278,0.4710913394914775,1.529955035476808,-0.5724563564531733,3.69413452726777,-0.2716984888870727,25.852468605762596,0.23968611030634013,-0.15588861711392477,4.513821876145197,263.02640954719095,19.56470119366791
2023-05-15,1.2024502872411693,-0.49012386659036133,13.915279671684912,0.4565776650105471,1.5245015079597217,-0.5744487532932617,3.6624587411478595,-0.28943703712429447,26.255154329703036,0.18555798279677949,-0.15549171401493844,4.594697419382195,260.29739939259747,19.36181142679207
2023-05-16,1.2622684229762622,-0.4845845058454472,13.883788884401637,0.48596101419928295,1.5191542085305247,-0.5841429174031753,3.7890902440030763,-0.2817173885166565,26.542963923788683,0.1947535357000243,-0.14919929106444774,4.54116091661895,256.5640229493228,19.772567564031267
2023-05-17,1.2626339955620458,-0.48772736995307264,13.67351088439968,0.4896428378504154,1.5058127973426823,-0.58014436656816,3.768252008770755,-0.2860972813688599,26.538513102462836,0.2195611588578521,-0.14642487836798856,4.511814993294257,255.4016920810585,19.82403656612565
2023-05-18,1.2687368318607923,-0.47785444147650147,13.709098413196712,0.5032056827268385,1.5321193166442812,-0.5772083926805587,3.8601495810391553,-0.2768711675700227,26.764676364832827,0.2323360970321653,-0.13553594970545768,4.5696791193222275,256.023540708318,19.52937053638792
2023-05-19,1.258478872246977,-0.48021529178608713,13.811735399572878,0.46440701328547895,1.5456015309911812,-0.5742582420172474,3.8381747017057473,-0.2801407518842898,26.86981949475764,0.2370028784006455,-0.15951648673670793,4.471147081031256,254.05431961971226,19.381935078418735
2023-05-22,1.2370569597704906,-0.48514550506494614,13.714969963561046,0.4668356622498344,1.6917573804281076,-0.5914518775213724,3.792284099726028,-0.2869686934683445,27.334196127401498,0.2500180719920204,-0.1867700499469519,4.590989814053241,250.12747078252207,18.55880801597712
2023-05-23,1.2502153560004392,-0.48211712466741685,13.638217767018089,0.474496120126666,1.690721172445989,-0.5962543140642005,3.8204723730532955,-0.2827746346560629,27.350285348184972,0.2767452128030279,-0.19459332703702925,4.627036171152931,254.18543099815798,18.14074060778215
2023-05-24,1.2213784553037401,-0.4924500792941806,13.080173367297506,0.5101887293050098,1.6759501518696531,-0.6009410093226295,3.621639266403733,-0.3123584879639648,27.833402307803105,0.29061344368017017,-0.2145496574200949,4.699147617220336,252.29509644293057,17.91855416375516
2023-05-25,1.259686454981015,-0.4836973059195325,13.144322843689046,0.5033082873026173,1.6157639532053851,-0.5873878902291219,3.750512901404009,-0.29318371985141,27.895665240256857,0.2964695135764843,-0.20577077164386226,4.707959857760702,254.18752508686057,18.56107926317247
2023-05-26,1.3407719450782993,-0.46517055107007943,13.68625151907587,0.4870783104635652,1.6493065744048674,-0.5926789225806472,3.920977996671862,-0.26921303102027316,27.344392536103545,0.2824726039900691,-0.21035524858603594,4.734772404628226,258.12605124144693,19.190129577789477
2023-05-29,1.4287609480747245,-0.4450664524698644,14.238303858747516,0.5310300749400823,1.624700751095686,-0.5943534022087592,4.105956267880602,-0.24647098302718873,27.41657068110743,0.3203770865190261,-0.21546408876030232,4.697669599096274,267.86653149074044,19.7153544743557
2023-05-30,1.4802781224463706,-0.4332955911360439,14.342451221563213,0.5537474300168475,1.6038402349781657,-0.5911294166219417,4.214260232334131,-0.23048765383529946,26.276618156235088,0.3170310946506827,-0.21347035532312442,4.751090193363404,265.72964231917183,19.80444000105161
2023-05-31,1.5181315125159065,-0.42464668888241486,14.57660391010922,0.5670475808431255,1.560286870412685,-0.5896870718913748,4.2938389798594025,-0.21874354710021848,26.306788326237886,0.3133956209109203,-0.22356955523597177,4.69312008286058,263.8149510962216,19.796976310225816
2023-06-01,1.4969139829640232,-0.42120102490393874,14.44535697080599,0.5576773812668094,1.5136221869822215,-0.5796562580051798,4.249233610981803,-0.2253263374726081,25.95639031976283,0.30660359734857967,-0.21566678775804438,4.780507649224099,266.4855748803343,19.12924164006598
2023-06-02,1.457485836995915,-0.4282871901026609,14.20146319099241,0.5191280923700954,1.5863922334427532,-0.5859778456543876,4.1663442722033786,-0.22925275539646328,26.137815996443244,0.2918421364166808,-0.19550157959786918,4.986759701834288,264.6835824676911,19.264718283722353
2023-06-05,1.5014193134204663,-0.4180664470663784,14.473225947329004,0.5253029034419596,1.552964966732957,-0.584419271079309,4.258705115495735,-0.21547379260843325,26.598860105733905,0.2964637394109435,-0.19223152898229146,4.909385121639894,269.4333162122417,19.015365539148192
2023-06-06,1.508832308853997,-0.4191981008040626,14.443136027459193,0.5292857800282562,1.5483661386747452,-0.5820256304484801,4.248478804829629,-0.21699941698673264,26.51729871640484,0.2881814435037402,-0.19012228096138684,4.712282903578876,270.23474959344264,18.436090274797262
2023-06-07,1.543863205431752,-0.41108834743748934,14.955923054938465,0.5520852605975819,1.501740543694292,-0.568200897909015,4.3217634630164925,-0.20606635767182413,27.431006514351758,0.28394906719593216,-0.20494002239128384,4.607769433150117,275.19733381053834,18.51377440290738
2023-06-08,1.5720030842568584,-0.40457388451101706,14.716958761298777,0.5652262069123128,1.5603892607551257,-0.5769813220937327,4.380632107629694,-0.1972839685706388,28.558574084225693,0.2817178390314181,-0.1982085362107342,4.682922032381365,269.5809957083956,18.48303997289026
2023-06-09,1.5786039293073024,-0.40304576988650986,14.734232918644869,0.5614230438909966,1.5513539990717744,-0.5765994814695342,4.3944410797235856,-0.19522386056555707,28.020516156995274,0.2915296007567352,-0.20015671701196525,4.738650241992055,269.28360619648583,18.739440044255222
2023-06-12,1.4632956770567267,-0.4297399621064316,14.177861112420235,0.5090502976563263,1.5559946995551308,-0.5842237405066975,4.153216141801952,-0.23121129121997308,26.98201579049909,0.2764953564747763,-0.2269848014643696,4.869584961955691,268.80853743803806,18.362704790806216
2023-06-13,1.4348794351286256,-0.43631840388654053,13.983501457508865,0.4872329236927406,1.5848530476938145,-0.5891502382141499,4.093769345399416,-0.24007993258680582,26.997642582340102,0.2666575961923412,-0.23816081176182635,4.86069246040464,272.3005806755233,18.389944402614976
2023-06-14,1.354421061062649,-0.4549447490188233,13.784506116106378,0.44461765121824004,1.553938306836756,-0.5918316303570331,3.9254503750696585,-0.2651907993353039,26.539881607482148,0.27200875812530656,-0.2599906032298033,4.783018692838674,273.1393453349494,18.132427251692956
2023-06-15,1.3111086306934787,-0.46497170128997645,14.698990405278744,0.4467449289612748,1.5576991193345382,-0.5960629251637627,3.8348407428610845,-0.3210324355227492,25.77297580364358,0.26619714707162867,-0.2586710536894168,4.791534501116702,290.09602433281583,18.16060078718066
2023-06-16,1.2833364849632969,-0.47140103294674396,14.987286605602309,0.46704685064141893,1.5935908692640752,-0.6061262182418348,3.854146020986404,-0.31120869443313826,26.16034450320128,0.2623954800644215,-0.25373384239008223,4.87280610435221,291.4186308289327,18.653734807771922
2023-06-19,1.3630120198517637,-0.45295591733684026,14.751020036285972,0.45088045078925365,1.5650103048280344,-0.5946123339009963,3.9850875476023706,-0.30750263623765417,25.81013124150981,0.26205814743025524,-0.26195746326134894,4.702699071343217,291.9024390678362,18.713899171977793
2023-06-20,1.4084988931702944,-0.4424255752654902,14.974000027321122,0.4331223790235763,1.533615824980946,-0.5947435494545856,4.041200711199922,-0.2997077444744476,26.326213696101913,0.25773635875948253,-0.2709907453118431,4.632900805530285,296.6816853808493,18.555713900341427
2023-06-21,1.443098001983632,-0.43441578200894027,15.215696686270935,0.44967651627261596,1.5628818700284381,-0.5932268198435788,4.113619698998206,-0.3072414258138405,27.068288097245265,0.2591027724544148,-0.27441556784126087,4.697966995556922,300.95800913313985,18.382170178161374
2023-06-26,1.4858736248049338,-0.424513102229896,15.368016398450152,0.4182725697015617,1.5073628598141888,-0.5910665547963074,4.242750934579216,-0.28974760032237457,28.02525817796779,0.2798536526250337,-0.26539537460938556,4.5751312134214235,290.66294662794513,18.281793336540037
2023-06-27,1.4475744189883248,-0.43337947859051595,14.865615827766142,0.41975865696325165,1.5099901122098185,-0.5834229704312277,4.278237767811057,-0.29956455474571364,28.542224713396447,0.26720871340135344,-0.27408964574070604,4.680271132457313,282.65945432467026,17.75268366955449
2023-06-28,1.538485564673917,-0.43489411446601023,14.825288974316843,0.443012520779428,1.5511005981103718,-0.5862629527466052,4.261646538572272,-0.3017662526514152,27.730699114361187,0.28702419452588845,-0.2707897805217391,4.70609268057867,283.94892204181315,17.827157415328593
2023-06-29,1.5413531475397235,-0.4302394638756384,14.955862972147559,0.4320386490383328,1.5316998996693267,-0.5898508555900951,4.3050602307221295,-0.3100251114808612,28.24835090678449,0.278469969938671,-0.2680435555133439,4.727581976807729,280.7128521974257,17.827424663947298
2023-06-30,1.5292205850665956,-0.4257406459709373,15.304319788721564,0.39316710254785003,1.4629789259609471,-0.5912293802293613,4.293097985937558,-0.3328108530849171,29.16770817570928,0.2662043352551291,-0.2711697714638365,4.572111334141036,275.2889815582578,17.74701196216091
2023-07-03,1.4891431162602338,-0.4324416270316068,15.385003777559266,0.4552881825944257,1.5728027301067917,-0.5897593218834005,4.364832631232419,-0.3237687803846405,30.43137655827264,0.2550848548267113,-0.2515930478662851,4.820570814402642,272.9118295104256,18.250565543082402
2023-07-04,1.4711809974143475,-0.4407360967336347,15.514104230925359,0.46918664652404307,1.597373812570103,-0.5951932722816449,4.430533161543832,-0.31548730120424406,30.067290514183355,0.26300584862691423,-0.2480741027084704,4.847938638050812,272.35491067610167,18.53189912963296
2023-07-05,1.4554517056020724,-0.43414762520744077,15.555190107941694,0.47081883030651084,1.6002593488795385,-0.5936984842212287,4.414509790028296,-0.3147268460717999,30.076861353245828,0.2705953395540377,-0.2517758843747805,4.804599602263083,275.5751990498303,18.004872064744387
2023-07-06,1.4537370533661877,-0.43190327800830286,15.706300771057329,0.4814548016505338,1.6190626734983478,-0.594311242308275,4.438675152043888,-0.3062245640535628,29.88556315108902,0.26982329563482144,-0.24993857568240307,4.816880742592337,277.08456484416604,18.070435600501092
2023-07-07,1.4244459575098638,-0.4311507660899545,15.856533355379185,0.48244433297508205,1.6027307951683931,-0.5945822203585711,4.4875828207477895,-0.31309676158672695,29.423672066995117,0.27308762287295707,-0.2555190046004626,4.805812681982754,279.3234794932979,17.910599945410066
2023-07-10,1.4494124604147882,-0.4366171763846226,16.018517800419033,0.4693347925100744,1.5797143459703946,-0.5909970329291202,4.540316264753663,-0.31264948223485833,28.70178826452233,0.27800935337375465,-0.2621025932840476,4.754470763373263,274.9706277131622,17.74336987161404
2023-07-11,1.3755951373082267,-0.4366024278429691,16.052333925049854,0.4860331458924576,1.6090316819473292,-0.5956451744646007,4.551324980524343,-0.30787157548892996,28.581304513678,0.2763560424379541,-0.25371670892324927,4.819867830689179,274.97785222219466,17.435036199375677
2023-07-12,1.3890199666515581,-0.43034607384416157,16.052329922729548,0.4859867744731765,1.608950267543905,-0.5956325566389452,4.551323677583596,-0.3078931732422897,29.219180634604893,0.2820047499407805,-0.25373999657029045,4.819686222673178,271.9132044056943,17.434460937110885
2023-07-13,1.4300243137541049,-0.4488563748263795,16.606427322615556,0.5114917590864672,1.6537294254567594,-0.6025729854490843,4.731708060809412,-0.2854038949508446,28.904113037388683,0.2841663671222696,-0.2409314371457042,4.919573388638084,273.54957777115555,17.750863916351403
2023-07-14,1.3989946189736884,-0.4467494834703727,16.539122126942658,0.5121135162888886,1.654821045952628,-0.6027364683839058,4.709797100368438,-0.28393211986864075,28.837422330347227,0.2870302528651829,-0.24061919174757407,4.922008424997047,279.1891680546844,17.758577147086225
2023-07-17,1.4134901993094355,-0.44242997821293084,16.534561360525124,0.5024509018063599,1.6378563723280566,-0.6001978994784475,4.665217840418218,-0.2895204379209836,29.009916743918264,0.29269921241164587,-0.24547174012871853,4.884165972193986,280.4233123613338,17.63870724495221
2023-07-18,1.446018889583108,-0.44313227343292283,16.5358118339694,0.49127126368529783,1.618228256945045,-0.5972229984028132,4.634046069883104,-0.28994678389707385,28.77106937729146,0.2934585595185788,-0.2510861351730651,4.840382281070164,280.0688416413474,17.662183892715674
2023-07-19,1.455700908937731,-0.43714158190604113,16.72445921710716,0.4812628236030909,1.6006564165500135,-0.5945198218680394,4.703326675466305,-0.284026005197479,28.888911504818076,0.2853528271223844,-0.256112356575824,4.664640762735829,281.18138986259873,17.899775360318092
2023-07-20,1.4532899025949533,-0.4386098415469273,16.915846167062995,0.4638139914241566,1.5700214632896126,-0.5897433868779957,4.697727151216655,-0.2893763255780235,28.914181756369516,0.27391656659947183,-0.2648751300980261,4.597912992047234,277.28931294354317,17.881390894074222
2023-07-21,1.4904583637631874,-0.4403367890809494,16.887893555378653,0.4508499356706033,1.5472604419213853,-0.5861100088416216,4.629735066028096,-0.27628281781959096,28.966366894195144,0.27590415316235894,-0.2713856566096362,4.5396019294163095,276.85512116560113,17.732609326376313
2023-07-24,1.6391922385466078,-0.4377652430377522,16.784989675398762,0.45107191267707525,1.5476501674427507,-0.5861733331448367,4.965951211038932,-0.2759782322210399,31.03469398057566,0.28324406087348164,-0.27127418013860916,4.50858174860606,274.09694840182397,17.64925734544161
2023-07-25,1.8253618211838987,-0.4495997577946318,16.847549029424933,0.4701848055928397,1.6622144642617078,-0.6047825447622948,4.986936663419065,-0.2438867310821745,31.147377192566665,0.24661019877982904,-0.22722708093278532,4.913553213493734,273.7236954904786,17.50234792305079
2023-07-26,1.7906559478831614,-0.4455216703678132,16.840100888781564,0.472784484672341,1.6557088115840055,-0.6038167519869726,4.995136134882109,-0.2449780891766885,30.92935496677781,0.24933477376158852,-0.22911550588038976,4.886177680572588,268.5742929083086,17.672154690666844
2023-07-27,1.8059129056601115,-0.44665815106347107,17.029472259895776,0.4359865856015681,1.6699352159204364,-0.6059390716678688,4.982848266951087,-0.2382644818124514,29.66348527880856,0.23607317616397228,-0.2249859437604037,4.684346309290355,269.8795348367886,17.296034128444465
2023-07-28,1.799137043536763,-0.43814582265259605,17.175918167021088,0.4346129378751582,1.6978991474596756,-0.6100663226799761,4.968400578685353,-0.2188831477243698,29.856797608206037,0.2046229593727793,-0.225727313009228,4.823539265240389,272.07977667576324,17.44464520680063
2023-07-31,1.8205848296882983,-0.4317953166462499,17.548891262236854,0.4368439452396682,1.7048940043081742,-0.6110773057094308,5.0908732272120645,-0.204069227078856,29.645052555108403,0.1989780532838723,-0.20983909883736007,4.8598849291057,281.5708931835209,17.793154419457316
2023-08-01,1.7905027639007933,-0.4293025316658411,17.351063860854445,0.4129567877288869,1.6655402590868986,-0.6054188345835732,5.052634345114314,-0.192489158949967,29.538341492266234,0.21566337253638745,-0.2229753186526473,4.924851132390522,286.26856091271264,17.362738511055742
2023-08-02,1.7777297111810508,-0.43254016762576397,16.70260127255103,0.4257701624596517,1.691816287365984,-0.6093084872817576,4.990592110034748,-0.20076650969892884,29.263169349439682,0.2281244710326813,-0.22921141150460378,4.917848145222495,287.47065149445524,17.318616341668662
2023-08-03,1.789666635908329,-0.4293140638943084,16.601959033640657,0.4989594881546864,1.719495600136188,-0.6133258760716047,5.044342028281329,-0.15500268065078604,29.091118187412214,0.22084603755975496,-0.17834650104400462,4.978699983628774,285.83064775831775,18.258969291263167
2023-08-04,1.778011879603918,-0.42442406509279007,16.860741032783878,0.4900469604809172,1.6847963728803919,-0.6083921327335184,5.133205257118221,-0.15278640120927522,29.33115965424,0.210385054937257,-0.17989326570922737,5.203090230162372,287.12291350682835,18.273970549677312
2023-08-07,1.7972288765328734,-0.4366635638499001,16.98967919393123,0.48333541671892744,1.684177859851539,-0.6083019156241122,5.128032079411197,-0.16435078741718845,29.5567273473558,0.2361236334237211,-0.18599226048131956,5.11841862998206,288.4206910897637,18.42073950657697
2023-08-08,1.7816352905404775,-0.44299658184753976,17.077885720317152,0.4742173303547217,1.6694676652617657,-0.6061552787980677,5.136498592225553,-0.1631962512341274,29.72990230853632,0.2500201128903792,-0.1810866011910658,5.089638180365933,290.1997646743356,18.530803184925677
2023-08-09,1.7888314505502518,-0.44155560008524786,17.00387815723595,0.46388442265729846,1.668259761340833,-0.6049581823810405,5.111376887525791,-0.16662197297955128,29.771186351200885,0.2467862796202931,-0.1840395981698869,5.086882687976627,289.26348615338975,18.460375221623426
2023-08-10,1.7776602488145774,-0.4430811560216952,17.437555246238386,0.4740694269251995,1.6758787287529584,-0.6071653610108898,5.258587622636978,-0.14654757824968223,30.512402127346146,0.25019224485272495,-0.15878637328143375,5.283607073931873,290.1845496042727,18.98529842993102
2023-08-11,1.773245877037604,-0.44602708144754744,17.516534628870133,0.46600771741284386,1.61338484935969,-0.6000688658313206,5.248641218076926,-0.1479039198991593,30.516600034071182,0.2568053684005043,-0.15834010610545568,5.216003621310261,290.0450395385889,19.102538300117807
2023-08-14,1.666838133469739,-0.4523724384156744,16.92637910065187,0.45361877175154786,1.5617103857866472,-0.596741947095812,5.049485693967629,-0.1888593433316822,30.782940681949874,0.2712011600265607,-0.17006751435433853,5.129391900028964,285.99602210417953,18.822871867107644
2023-08-15,1.6228392725914538,-0.4545572056833743,17.365910671541794,0.39979460858992133,1.5449625916263527,-0.595714354392881,5.197811238976828,-0.1676224297606108,30.65614222740847,0.27627263356060494,-0.1575000230255934,5.113772823498407,296.62282537658064,18.93591669639801
2023-08-16,1.6523480104880583,-0.44982213607165666,17.691351128602747,0.37499051336382205,1.5450466375744818,-0.5922180421819097,5.33088480378828,-0.1555860119904,30.874547890099294,0.2651931219667061,-0.15846779119107857,5.106750016529511,296.82162482773174,19.363961920797546
2023-08-17,1.6750570701800869,-0.4581642230932209,17.613468783562322,0.3919320171142553,1.4927930265111446,-0.5867034488890954,5.3486309950294615,-0.1565806286071525,30.66537364815995,0.28437664754000225,-0.16850843949323968,5.033888005374912,297.002345864794,19.279110210624562
2023-08-18,1.7450398149637607,-0.4450755904716127,17.840865017226253,0.38554652132376566,1.5311457900757577,-0.5890952563694417,5.42619068011442,-0.14627677870770195,30.593136051684777,0.28730667082089023,-0.15571556062727165,5.125065027238441,294.223867839502,19.19097424338012
2023-08-21,1.6944192449274578,-0.4481481899674321,18.164740332769856,0.36172891441538946,1.4704219760928674,-0.5784869823193488,5.554131009619013,-0.1292798304883076,30.682568121127144,0.29443444851423517,-0.1581055134476428,4.985860586563398,293.391982436665,19.712241985922226
2023-08-22,1.84889037769329,-0.4442036910293924,19.263455446959775,0.28366095660751145,1.524962245917262,-0.5609342326948717,5.92987952880641,-0.09982277266972706,31.0183375718914,0.28518215430281435,-0.2063713485629024,4.944307847672368,295.4355972186836,19.7079766114643
2023-08-23,1.960659584562746,-0.4432896358844429,20.0584422816498,0.23329967625334125,1.4787642919037176,-0.5468706472915053,6.2017563074639,-0.0766196477621438,31.07099449983056,0.2830685609928598,-0.23750741670176234,4.864319063643866,298.6552497519306,19.898834461664737
2023-08-24,1.851014693180792,-0.4380245328043302,20.066783854173767,0.2789736232850355,1.5012253945237726,-0.5636518128529744,5.935046891694373,-0.08911576073691618,31.78275046193081,0.2709339059407454,-0.20926931161490958,4.9174580703317865,309.7526644909963,20.208989968908593
2023-08-25,1.8907878949750652,-0.445269852204919,19.795178443125614,0.28657810732344857,1.4731810733252684,-0.5575645189005881,6.031794558458718,-0.08340976849934001,32.24008761722936,0.2873195359603784,-0.22030043373058583,4.7956833012389275,311.6992919711537,20.572893893616023
2023-08-28,1.8105640607338094,-0.42608111728832143,19.943296260539203,0.30141453234986093,1.547917804667049,-0.5687774008357002,5.8587112136901345,-0.10597107937545269,33.082509154124644,0.2697184833549542,-0.20054008548791724,4.777501345750604,304.0023891519396,20.169757480688226
2023-08-29,1.9773080493414148,-0.4279773956050523,20.21053807322102,0.3479525646086514,1.6019686693164985,-0.5841977382699164,6.265622011581647,-0.08446653985962582,33.517410681266504,0.2739137445684594,-0.1719517376814773,4.900063754427671,296.26948252914565,19.633028052828546
2023-08-30,2.0420642581649657,-0.4367899883744033,20.565129460900508,0.3532094552607574,1.5943983992610415,-0.5858193287325215,6.428640753470851,-0.06392471803189448,33.319995305356635,0.2935396876132026,-0.1687224258466513,4.832176947384426,299.9659338591473,19.587821441038727
2023-08-31,2.0799069559041756,-0.44135001554181164,20.616858146140583,0.3666401746665593,1.5642275971871111,-0.583200030938464,6.506649757696899,-0.05409488468144852,34.51856328850987,0.2972002377713576,-0.19698096176745805,4.818187193874127,299.6862730701499,19.754510638941866
2023-09-01,2.1017518131820854,-0.4635170617630001,20.654991557399033,0.39209674574313236,1.6621362000237738,-0.5841389303744772,6.383970002972503,-0.06955363276288762,34.58122012661433,0.2718330035029288,-0.22742791815658792,4.668296662447532,299.8331820861146,19.79112281839515
2023-09-04,2.0010992289061504,-0.44751251963146066,20.915254179229503,0.3899886492788971,1.7509588577915634,-0.5857770875029038,6.485976117895869,-0.0997468387423478,34.72138142962117,0.23973238238494465,-0.2043802841085285,4.62250020389562,301.01822213361265,19.87302306956224
2023-09-05,2.027658658510813,-0.4550511092549895,21.37761839914365,0.45046917967243405,1.6561946063426753,-0.6076266918755983,6.877952523184011,-0.10009522927635817,34.21898178508908,0.2576621720041561,-0.19287353125966933,4.510134044614824,300.03750991074367,20.313398478849297
2023-09-06,2.081567229866091,-0.45858218318180943,21.462418199923327,0.427832862253253,1.7098191947713555,-0.6021777340512124,6.895277421823519,-0.0981161923512035,34.83726613609307,0.243732573544875,-0.2018130921892105,4.5603463217172004,301.17828907733355,20.051310847530118
2023-09-07,2.112711826507573,-0.4778441376047474,21.760364145760835,0.37782940233661977,1.6618363261230824,-0.5992154163226967,6.986651963991033,-0.08767840586071063,36.09230609779414,0.25288505599919,-0.19593932814668769,4.46705335026863,311.7607321384285,20.242678146091148
2023-09-08,2.127546044445285,-0.4858348076383191,21.823431972184807,0.3595901507304833,1.6774005347019312,-0.6033343805005341,7.008782575634497,-0.08692717590600019,36.06991781464292,0.25540519657571203,-0.19432198430862346,4.499020138692172,310.14953410474567,20.460994503278005
2023-09-11,2.1177035796068227,-0.4926180365720697,21.50779508786319,0.3729465926886848,1.692661944284759,-0.60447628121943,6.95149846729668,-0.09345807646195303,35.953257865446226,0.2601431867570003,-0.1929568046646022,4.530365018755155,307.0036519686742,20.37502956178152
2023-09-12,2.131365659994179,-0.4860046448189089,21.78457005424721,0.3861191836246629,1.6813861241546166,-0.593205043524665,7.049276846404785,-0.08231046695895716,36.46258491787551,0.26783715463275204,-0.1975357817027652,4.507206002697505,308.35335393531403,20.637875081092723
2023-09-13,2.1490893728443767,-0.4901967229309432,22.380576343513617,0.3634043813604224,1.6310296890549574,-0.5955876557789033,7.177050016127133,-0.06774318312773342,36.527998376202675,0.2781774667230963,-0.20476518907481234,4.412675490684773,312.28729229917593,20.981351885024782
2023-09-14,2.1407256598580298,-0.48195427076080166,22.550687971350268,0.38277756437746424,1.6233040685277134,-0.6042430105586679,7.236544327503722,-0.07021917777975006,36.263812457915414,0.29633962486899956,-0.21417161526547135,4.376106288461748,313.19331289678615,21.077713450590323
2023-09-15,2.1886525758814592,-0.5018134620373097,22.476391767508854,0.4032637220476485,1.619061936642344,-0.597576551963182,7.210560204362627,-0.07315239083830483,37.08360694964839,0.2993831853644675,-0.20627923294672645,4.186974402286548,321.3206805037126,21.85440932736408
2023-09-18,2.0983820317419606,-0.4981423159142535,22.380093382677718,0.4026295145885599,1.629144279784811,-0.600272252461352,6.978119786443142,-0.07695424968572773,36.042885382460476,0.28980800582866006,-0.2066379564161568,4.222853053800581,322.64281557615317,22.093034464540583
2023-09-19,2.0875223412113866,-0.49834211692611696,22.824651368579104,0.39510818171162043,1.6464242670083964,-0.5959710059477943,7.034601646744036,-0.08302094556653372,36.17271903999266,0.2903215078688721,-0.2014236035629432,4.241158920304412,324.3782883605628,21.94879495698944
2023-09-20,2.0585310153790966,-0.49901010345484376,22.755402687882057,0.3840673499164189,1.6545888097170525,-0.5984660874466798,7.011248290786973,-0.08584993816088005,36.1578943155011,0.2920396456955947,-0.1989598976575384,4.239068711704757,322.96308690592525,22.262162155843615
2023-09-21,2.1808274591514696,-0.4971749455382942,23.791248863447645,0.3787165835256776,1.5533224845026865,-0.6000988365213473,7.363358931253218,-0.04567118547803051,36.51925151194031,0.28730682213838277,-0.2295176952405874,4.238005658394968,335.9168654495782,22.121150493288475
2023-09-22,2.107160741651866,-0.4925720770572256,24.018188346648323,0.390899389015658,1.6762494600139424,-0.5968715425574203,7.0427094360057385,-0.07683630958286136,35.974488977872596,0.27552279518008294,-0.19242365013509277,4.321017988070315,339.11655855785375,22.34073162286493
2023-09-25,2.112635230436113,-0.4927978012222358,24.72605444497879,0.4032272063364135,1.6249381222343882,-0.5930664981189623,6.922681612578221,-0.09061342403785189,35.926371963028735,0.27609019855872186,-0.2079071928652544,4.311642916833742,336.6126329733787,22.7194387664462
2023-09-26,2.14235762841093,-0.5036074619538826,25.003930774559702,0.44275760184250146,1.5965852252775883,-0.599389875758502,7.0082573347181985,-0.08866948293726773,36.47175989319075,0.2731100310269339,-0.21646287101655382,4.254269958966031,329.31396541915103,22.94707330963762
2023-09-27,2.1601801554491473,-0.5012163352382963,25.281824169589424,0.45455288973447483,1.5900650028525134,-0.5756939602878988,7.093838312390762,-0.140285868567397,35.966079574489086,0.26953465518601893,-0.2100570506634971,4.297226327207657,332.84389595434,24.55931201351515
2023-09-28,2.149714125156326,-0.4985110830938788,24.906244448370362,0.4402112714101194,1.6015407045567462,-0.5775739167900242,6.978173527581901,-0.1361991169643071,36.37191640214052,0.26812446173673665,-0.2178457397908261,4.244996670452853,337.3352185346078,24.07255815646624
2023-10-09,2.171463459446597,-0.49504821323862946,25.025518133675934,0.43954187566001224,1.5883539069838815,-0.5754327059148567,7.014905449900418,-0.13023441876667563,36.62997610870448,0.29182013325524836,-0.2182092772440496,4.218410613489582,339.67148318520236,24.18799350709454
2023-10-10,2.2034804856445818,-0.489950549402301,24.977899112729116,0.42901692910218014,1.5741655559489218,-0.569718511347739,7.095818706838466,-0.12145383284584266,36.56843535144947,0.2978689561129395,-0.22392519681230993,4.189805312866289,339.6887029059154,24.141906909153935
2023-10-11,2.2347032949183943,-0.4849793386246519,25.50635222260704,0.43348525103799673,1.529849851516106,-0.5614974166492983,7.260507181224769,-0.11289105884480988,36.62980640371889,0.3006212926807985,-0.22149852712331142,4.100459902359444,345.5539853890601,24.65335392173754
2023-10-12,2.14651556655768,-0.49902034889501445,24.978425910559295,0.43976143075639795,1.6042951560833196,-0.5716801285444064,7.053593850760677,-0.1351118089115968,35.75598378139852,0.2855594410947391,-0.19858974492044779,4.250549952421687,348.0997815172327,24.487916043230804
2023-10-13,2.1774585357778906,-0.4940936934896345,25.233898866702773,0.4322541127308235,1.603517480019903,-0.5733735390227623,7.132793238580264,-0.13485354216246503,36.09417235160909,0.2978866776666358,-0.19882905634062087,4.248982070606051,351.53284376204715,25.31775876505861
2023-10-16,2.253834627378985,-0.4819332999006911,25.86447913717249,0.42557760469390726,1.5632580615620286,-0.571298908069157,7.32827996307044,-0.1140581472365686,36.58511062098112,0.3057537035511171,-0.21121794042709396,4.167814585739848,361.8326030284917,26.17043043403678
2023-10-17,2.264426623069146,-0.48024687115336173,25.791385435134966,0.4280157994576448,1.5731711999964202,-0.5779209841615296,7.355390469773219,-0.11117419849275612,36.10680225202666,0.3144592943666942,-0.20816740647252774,4.191601827183129,361.6280548186428,26.28512273905381
2023-10-18,2.2155652854280947,-0.48802644044712384,24.908501484965957,0.4237323222540126,1.6303835780868625,-0.5867758870469979,7.080046734339378,-0.12447797970952978,35.91855355511356,0.31793876537182664,-0.1905616499160684,4.162286540516907,358.82848185426036,26.146700981073835
2023-10-19,2.274675492906261,-0.4786150739711741,24.867547378681824,0.41098659199024956,1.5493413050872733,-0.5764913681620805,7.228578390986023,-0.10838367476551347,36.31900222747962,0.32104981277655464,-0.21550049316704034,4.106292180162644,359.6778714420263,26.1340489196341
2023-10-20,2.2196442471367437,-0.4873769992571967,24.957723847751563,0.40989339961223425,1.5715457659967043,-0.5739114236313784,7.090296316701403,-0.11684034641663787,36.1547626951831,0.31433400420586355,-0.20866759535215007,4.104067410669467,363.0889164877223,26.262789420847223
2023-10-23,2.3339723213370274,-0.46917399421469386,25.411891146418547,0.4174335969087466,1.5840590738955922,-0.575616139292264,7.275599844825939,-0.08547975665726659,36.80483811415501,0.3149675097211073,-0.20871502278795606,4.128904132570713,362.9134265925389,26.885593785691842
2023-10-24,2.346754323846945,-0.46713887853756175,25.419591101537453,0.4286739470524821,1.557120831147151,-0.5691561105052796,7.307327384167124,-0.08197360875946713,36.90742096868947,0.33910354109326213,-0.20899281299945327,4.075436444485554,361.1889130060685,27.114858134618515
2023-10-25,2.3620504651771337,-0.46470346851502886,25.279360935125496,0.4482259598936045,1.653868933697793,-0.5761529664028788,7.349197952750133,-0.07734657467282346,36.53296197546008,0.30676505761914186,-0.20522947211843257,4.217736076221159,357.6111202610774,27.099390664750345
2023-10-26,2.4675460427022426,-0.44790674957190035,25.381712941589864,0.441250226196122,1.6140757017536496,-0.5764770063580716,7.325113029973494,-0.08742561175004193,36.71374864471561,0.3200648922027105,-0.2026683036972905,4.2345503646219775,360.49409175913,27.27792010909487
2023-10-27,2.2687660708075046,-0.48388625540558694,25.129979263772388,0.4184290140154978,1.6365630650119525,-0.5948600558626582,7.051307524073465,-0.12518366606295228,35.17757247831424,0.3088625403954852,-0.21529350610068287,4.279580137655777,375.2186584758118,27.227678633556465
2023-10-30,2.2304021685677067,-0.4899436289873388,24.918971925804048,0.4413868041456792,1.656095050361433,-0.602425197706965,6.983724090381416,-0.1382949734170712,34.87389452744515,0.3386397270920183,-0.20948030331942713,4.318691920441687,367.42380887871815,27.675554981522552
2023-10-31,2.330092293604062,-0.4742033029385897,25.64692363277701,0.4449613734369464,1.6916563140970005,-0.5949059440792688,6.930267995557914,-0.11409340991355399,34.63369605792918,0.3879230721805098,-0.18198499694668668,4.417618558134825,381.09475612050517,28.639066872620702
2023-11-01,2.369384270519321,-0.4557251557716865,25.96133242866915,0.44454419914699184,1.6601998142944545,-0.5939795288603132,7.023837746646118,-0.11222361598255093,34.562492655696346,0.3906964259357881,-0.18991030751685523,4.45264341907218,379.7322933291763,30.21714825576295
2023-11-02,2.5334719099439758,-0.42921919289619626,26.09215756243954,0.4357925074588851,1.6455116158552583,-0.5934898192145395,7.145740443353091,-0.09873601332885462,34.7350534099246,0.38394831560265086,-0.19831400693266543,4.371303674184252,383.68192974687094,30.17949661083114
2023-11-03,2.4639486519957177,-0.4428067665238741,26.06284785842993,0.43024050614766707,1.6618913283362136,-0.5914781194852743,7.136927958013615,-0.1099137234328752,34.77552573344181,0.385445542813198,-0.19248305425994416,4.404560156334527,389.2553226699884,30.02519842137513
2023-11-06,2.4182132961252485,-0.45437157476166434,26.747564753204923,0.4495777717744933,1.7652293605490583,-0.6025634108359174,7.263243154346586,-0.10963152475853433,35.45244664268412,0.3503923963403144,-0.18156519141742256,4.561530123106082,403.4134608774048,31.45410933510552
2023-11-07,2.4274651206600817,-0.4567647841418734,26.56476513841048,0.4332538063884337,1.7158724001699714,-0.6017281384251771,7.285608662034283,-0.11724823571103615,35.40671793364768,0.3592887161459595,-0.19078173829485823,4.505877500589706,401.1323149748011,31.38265189897649
2023-11-08,2.4277236552752988,-0.4586786908109466,26.498951848142525,0.41771687664059876,1.6635086618743933,-0.5980646571351371,7.215675532854988,-0.13426824827211759,35.266857730807516,0.370761538150427,-0.1995539231142791,4.45036620275759,398.45054192046604,31.3053354822259
2023-11-09,2.4354556679599098,-0.4864596807225966,26.30899866343401,0.3757697913798572,1.559127736396567,-0.5942684326465357,7.080041830424365,-0.168195632385561,35.010658778669466,0.38392288299792066,-0.22323734001294326,4.326751236264621,395.6912766586354,30.854972660174106
2023-11-10,2.437239567569265,-0.47720711207124267,26.692026581346987,0.35894587962623037,1.5041372374398017,-0.5900460606116371,7.118554899206179,-0.18606943233661066,35.659470722002276,0.39673698376641964,-0.23273615771268918,4.2459270763006645,396.14650071380794,30.902585933063985
2023-11-13,2.4303295716749598,-0.477432720839969,25.86723532341101,0.36204376461592247,1.5109404126362485,-0.5854946789011906,6.880297391124125,-0.18385816684893364,35.67529094114205,0.39612639938008787,-0.23098708501171517,4.260179075126554,391.5636966462815,30.975311818307908
2023-11-14,2.367919560287027,-0.46740798330601385,26.31404617370608,0.3909636095019635,1.541803751050943,-0.5911681732535122,6.94089046602603,-0.1738265223446801,35.837943439016186,0.4086093588719233,-0.23572096082106542,4.066772289572613,397.00053966500406,31.65423351083445
2023-11-15,2.4128853174753324,-0.48395913377875954,25.983676521825718,0.4031623328937022,1.526740446348417,-0.5887453432550018,6.9990167901615665,-0.16777903591229149,36.53717819615638,0.41065199096623783,-0.23461267562857668,4.044092803510885,384.6320350427983,31.508069209097528
2023-11-16,2.3993618781979205,-0.4731201851556145,26.550443037092826,0.39486468666673447,1.4688326243524723,-0.5927877880098209,6.992675558414392,-0.1812343800027424,36.59307189947613,0.42511746823720786,-0.22562436142153042,3.987727541520341,384.1384092713857,31.096402240258755
2023-11-17,2.407520869789693,-0.4661106711166677,26.71897075470329,0.393698242205776,1.4728925981884826,-0.5939046225023257,7.05011699537644,-0.18200035042985196,36.62450880579881,0.4252589489592027,-0.23380268548417027,3.9959298161986547,386.0619187015423,31.152370914887975
2023-11-20,2.452820379970782,-0.46646628541173696,26.690303821932645,0.3876511473538966,1.463729295415546,-0.594659896800448,7.127920329769196,-0.17409449014170741,36.258374987971756,0.4135845457299314,-0.2318673269803645,4.018581515477587,391.2440209055656,30.769867826213037
2023-11-21,2.454498786202712,-0.4666575900523857,26.603483287496807,0.4055646609833239,1.4625266286924585,-0.5988079925830232,7.037860303380043,-0.17872927433774655,35.85889937603246,0.41289740627585636,-0.2315919041889557,4.026215927428299,392.1509446620884,30.738916157473625
2023-11-22,2.4452187357360824,-0.4555612351211695,26.847490126327372,0.37916524052210065,1.413306092013538,-0.5939560995246171,7.032530157290269,-0.18300625447607666,35.989197469790454,0.4166929668031254,-0.23714825995484023,3.9898713808244928,399.5351350739337,30.65365379036154
2023-11-23,2.4976592951180994,-0.4602401911540992,27.03743966779315,0.386469164242522,1.431355283896115,-0.5897514554609462,7.023527610987099,-0.18606193786128988,35.67109805397217,0.4136082202550204,-0.22924881844990297,4.050417850111935,402.2672112827084,30.890392458919827
2023-11-24,2.435237733232538,-0.46254266306595926,26.53706480916166,0.36652390678946256,1.4045741747606568,-0.5936109272035198,7.027861265038313,-0.18562231502312643,34.840405275773435,0.41926426120132554,-0.22398321740606408,4.109192747740415,402.48502328119946,30.321255233573787
2023-11-27,2.3614316202409356,-0.4514173137254661,25.945430728905563,0.332617830396553,1.3646815208675078,-0.5867085927660989,7.062315273015187,-0.18212716552713581,34.242122044558485,0.4206337049224851,-0.22018485637281948,4.050368189995409,408.7896472848711,29.648317788678913
2023-11-28,2.4018096260515738,-0.4589424534548837,26.22828029275625,0.32236879222583426,1.3660152690347713,-0.5881398651718946,7.14694640701123,-0.1774037049707169,34.47965092549929,0.40890646681829645,-0.22911227126802025,4.090996400842843,415.25270923175515,29.855992696276772
2023-11-29,2.3075363545931693,-0.44825975807955654,25.50767703152797,0.31367050065164737,1.314599363969061,-0.5766576205500127,6.921172664617334,-0.19917392205747508,35.18016477154071,0.4254410207892452,-0.2077489040889302,4.07736277427686,403.7172298938803,30.048235969022482
2023-11-30,2.2560224020147355,-0.45250349887380636,25.815606781949175,0.31528236629661865,1.3600492160161504,-0.5752632687276533,7.013189959031996,-0.18987102561663138,34.90188301951689,0.44892335283252294,-0.1954098151086081,4.177062700956426,408.41867828727055,30.6747370479989
2023-12-01,2.229844070434063,-0.4554749614734124,25.600010032540933,0.3214736968014129,1.3878071322042764,-0.5745994988551599,6.948764129640694,-0.19638444054319792,35.39345057501099,0.4415843633492451,-0.1889409318989569,4.227654812881016,411.9679210341349,30.152589325723046
2023-12-04,2.17755062081943,-0.46267739933869,25.169337141202725,0.3211730498837233,1.3990226623141906,-0.5830706845833126,6.820068041703513,-0.20939554227181534,35.2225105375085,0.4495488075189715,-0.17580931452445836,4.252209107558904,411.13051901259973,30.203539407503683
2023-12-05,2.1896211818528313,-0.4463131719000818,25.966327597902666,0.3229902105047384,1.3267218067017907,-0.5902894930098831,6.849774132918635,-0.20639227324511256,36.18807321046971,0.47485299006199244,-0.17894016754911524,4.169414957841613,416.19250301074067,30.18994399039415
2023-12-06,2.1955323233588806,-0.45847972781322743,25.595493772634676,0.35537712355998763,1.322531025349662,-0.58991007584533,6.864321667890564,-0.2049215256842949,36.29240830764379,0.47066774110304754,-0.16089843375199298,4.1601040519377195,426.40541102398726,30.446387010072577
2023-12-07,2.275581860046258,-0.45630346214815953,25.450810745090198,0.3214243107580177,1.3372572500205564,-0.5823098305692098,7.061326499064803,-0.18500444863461574,36.569715640374056,0.48239341317356876,-0.1642706213171159,4.192822173144556,427.39531047719214,30.936683788482053
2023-12-08,2.2655412272826636,-0.4498548377816318,25.658739073672205,0.3254748693445828,1.3062477864050415,-0.5827104155352427,7.036616135403369,-0.18068474611951824,36.705054264741214,0.48475511944364746,-0.17418296112433762,4.168426975780989,425.8595113527779,30.51296516104794
2023-12-11,2.289646979619331,-0.44596534603081506,25.466174565168913,0.31569040584984864,1.3062827644221313,-0.5865016910349986,7.095941271636942,-0.18081041207462833,36.43212686722535,0.468419325096221,-0.18002143573245544,4.178334182775584,438.37505788677254,30.46238833624723
2023-12-12,2.2522643667164965,-0.4628919669464203,25.067156190909333,0.3306415375203813,1.3011780065172753,-0.5965499967738954,7.003941297014526,-0.19011944962460592,35.867779860034695,0.4583061051428692,-0.1549698144722248,4.088160894301339,436.5825882366511,31.613956153473893
2023-12-13,2.2499868686558147,-0.45296828889901386,25.498653859188025,0.3315733601459281,1.2481268571524051,-0.600189740652874,7.023013850272504,-0.18818958915256612,36.17456653821099,0.4839288131948276,-0.17058270235595763,3.9708588938339346,437.62530168359007,32.153825018742566
2023-12-14,2.188104652909123,-0.44999912571340095,25.36075623238216,0.35692752718881793,1.2351877222190968,-0.6070142395887019,6.981262500348758,-0.19241420862444703,36.24785301734004,0.4852197473515867,-0.17508459000835475,3.942249025241723,440.00605963894895,32.208629644453026
2023-12-15,2.1000408241634743,-0.4584579889967253,25.589009570905624,0.39440943144988805,1.2627279964391764,-0.6102817749939922,6.931527067988651,-0.19744669922354552,36.335492748597034,0.4734811588320167,-0.16239761622403548,4.003143639177749,441.73844622257934,31.799458299339648
2023-12-18,2.012892287730673,-0.445427968531689,26.228766656809437,0.43360915430248737,1.223422518255572,-0.6318333922598245,7.1223672205807205,-0.1959533229335242,36.4049659407116,0.4870908279028894,-0.18255113336658269,3.978093198441278,440.9073108017445,31.6968782827053
2023-12-19,2.0276465359003937,-0.45504607776097306,25.756529982358884,0.4584726682479625,1.2311087327823458,-0.6277736826458974,6.9814985674662395,-0.20762968099027457,36.12214441759918,0.48165931480854507,-0.1683738722670317,4.032941820305231,442.42216712001135,31.38820543029452
2023-12-20,2.029847595519411,-0.4395481566525018,26.51745778539094,0.41699522689200474,1.1919246677287658,-0.6273382389208046,7.2084840612447625,-0.21727875670780517,36.50741111756536,0.5049318830109859,-0.19393581857312614,3.944550287969741,442.7445292632312,31.7243416427823
2023-12-21,2.0016815501026075,-0.46920641081182435,26.130112251227427,0.49198044655101625,1.2259882709662944,-0.61632760361178,7.299214306324615,-0.2355528541000541,37.44899393243924,0.4794905297059786,-0.1512801352253924,4.007403118465337,459.9805049006209,32.0166617118562
2023-12-22,2.0508151276395825,-0.4692477872513582,26.601561414065813,0.492096749460452,1.2403148704569045,-0.6229709036721853,7.453745494463016,-0.22131886503016063,37.805773171634,0.4671033296037368,-0.15121397578624063,4.060629107956262,461.4956198807857,32.17345861194836
2023-12-25,2.0410780532139006,-0.47576105306949745,26.852187274074502,0.5104074084123724,1.223635939837318,-0.6258171817313105,7.379068453931355,-0.22819742586635672,37.128915302308194,0.48203101061188125,-0.14079787413723255,4.022953206726428,469.5625587473421,32.13328483769955
2023-12-26,2.0771460255619054,-0.46779374589796774,26.78823079054028,0.48745245657707725,1.2067420578033317,-0.6263290968312363,7.374643602104321,-0.22860500244232596,37.24871513794672,0.495336490937589,-0.1369697458536856,3.95009193791093,474.58601681654756,32.328456839669535
2023-12-27,2.116332851044313,-0.4467321847447895,26.840681790949215,0.42858792682910996,1.2010982162232722,-0.6225463477615292,7.392091900769335,-0.22699782595272544,35.73505826770273,0.4994445582203846,-0.14693954034933132,3.767910836064857,488.34126279147756,32.92499515306688
2023-12-28,2.176547375414349,-0.5054727999336339,29.205613980476976,0.549939609201602,1.2955967040272989,-0.6280077699885283,8.104959797562604,-0.23656506439016267,36.68195029622605,0.46079450112656395,-0.13230428397863447,3.849709959033243,529.9084525869496,35.80676053760367
2023-12-29,2.1725893863404595,-0.5129996491736293,29.374761329418597,0.40558563808382475,1.2919609893647679,-0.6352086809818787,8.10124468864756,-0.24390963606730864,33.3283386868078,0.31887640171337783,-0.2131173179742546,3.374088785725129,582.327745161885,32.37875468754278
2024-01-02,2.183518859239541,-0.49475820578306495,32.16989802451025,0.39156892432426416,1.211369223501578,-0.6322281909807086,8.132598196794804,-0.21547553737037184,33.973350886919576,0.4503682479624789,-0.16481524641473677,3.1380966506020336,577.1843435207431,34.20006472096378
2024-01-03,2.219157702397127,-0.4983545953108822,32.553177384150544,0.40594669435211617,1.199976520733605,-0.6309569758271859,8.238125696039242,-0.20788471604308334,34.19934151982842,0.4699380825123358,-0.1492196819404361,3.0969391439252085,584.7436031389323,34.8573622548313
2024-01-04,2.2777570467719688,-0.4805102030580213,33.26944282907526,0.3980433182785741,1.1683543727916308,-0.6431369177960069,8.57291363774309,-0.17917860679174535,35.09473668936021,0.4784206470670589,-0.16132165154252254,2.9052638029873026,605.970841402767,34.34730731020271
2024-01-05,2.2859721636893893,-0.47399442258161884,33.35533311182607,0.37008546049021596,1.1695185219646977,-0.6518919125119793,8.596906448574472,-0.17392489354434548,36.22068522459583,0.4554801351700246,-0.17809341368306952,2.907360466560334,615.9100891150372,34.2214369148342
2024-01-08,2.308653879135951,-0.47397769910814525,33.296980793149984,0.3902719896533491,1.1693731754408443,-0.6476514188771816,8.663149949855216,-0.16822283656736903,36.16622394783397,0.4577073021799558,-0.17811954483753656,2.907098693611402,609.9904484783531,34.032018157936555
2024-01-09,2.302049824048516,-0.4915536931543919,33.985902918130535,0.43333387941338364,1.156087296784472,-0.6384684182853387,8.852825597535894,-0.15114472814336788,36.40419222950465,0.45598454190700033,-0.15304091964832633,2.9053014206084935,608.2189997850621,34.71965322188043
2024-01-10,2.3153202111873252,-0.4846232947034882,33.24869392115183,0.45360307303759106,1.2028249689978403,-0.6389586297804972,8.768511656997028,-0.16903146798283664,37.16203417712028,0.45055694551797765,-0.1561982004530702,2.8669414396033797,601.6038463088431,34.58649805761591
2024-01-11,2.417045921681369,-0.4734066938035977,33.255892316323376,0.43865846494844796,1.2787497932992031,-0.6362846211973999,9.068244028375263,-0.14598091707760086,37.06946683074879,0.43564884982205077,-0.16487037152150685,2.9075105244740738,588.4888436800446,33.81199749902478
2024-01-12,2.3942513604471225,-0.4681652746281737,32.97982871321354,0.43754761231499395,1.2575891031040065,-0.6355403196036702,9.043146416932155,-0.14024880318975563,37.19409165957895,0.4543881427577878,-0.15396955914714971,2.83534896559157,594.3562903274022,34.38035401286686
2024-01-15,2.3742621091666036,-0.4717481327859011,34.167371316540866,0.41470070669396875,1.186561981553775,-0.6403792723650386,8.984000833398042,-0.1453120059071592,37.36922377317136,0.4485736314551334,-0.16144147172258216,2.7675649659857493,602.1296929318588,35.00564832740704
2024-01-16,2.3933057048948694,-0.4523581162228617,34.57242910934739,0.4131944219757311,1.2577303021134347,-0.6421894511434618,9.040348345674989,-0.14048833421043783,37.811160503482235,0.4319873577099256,-0.16138451067260817,2.890191844844259,602.1706619273688,35.008094095310604
2024-01-17,2.3320311583272035,-0.4548467382603921,35.64112448357072,0.3860030533506993,1.2120268354422414,-0.6416079459921964,8.985703980145322,-0.11615224635320953,37.56074076441662,0.4295115289243492,-0.20367695013788745,2.8114422912953008,607.0387022806074,34.1753279056475
2024-01-18,2.3346770230955727,-0.45838356893032395,35.42457675906414,0.4574049281783352,1.2464626184164804,-0.6350228695589101,8.967956640398544,-0.1177230866664799,36.90581341497209,0.4024849773984329,-0.16265326076638298,2.8707770143008835,608.9535095301086,34.26577578828756
2024-01-19,2.288907572189638,-0.4615600057657847,34.947276538615164,0.40686518942345007,1.233336516703417,-0.6318891495585984,8.758984774646672,-0.13621946053129808,38.63739788106146,0.40773385211819235,-0.19169068518419274,2.848160028653414,606.6707260365271,33.04283282928701
2024-01-22,2.2053451060788083,-0.4496599642607495,34.96974522760287,0.3780316278153273,1.2699537504235683,-0.6324803581080569,8.765084585671348,-0.15816584560666003,37.78614846554113,0.3869139024002559,-0.20825690389681328,2.911253509688569,607.0505479831378,32.345128368989336
2024-01-23,2.293652320420473,-0.46446203468964364,35.06919641739518,0.40866902285556606,1.24247957595319,-0.6307664287408145,9.034112533999282,-0.13497332603328738,37.126805888961755,0.3972324073439695,-0.190654299198871,2.863914015964077,611.574385096987,33.08648136110303
2024-01-24,2.2943151030639966,-0.4687750930340401,35.521953040978836,0.39610175609025866,1.1783440048977507,-0.6281384098554883,9.036131701471655,-0.13479925645644242,36.77958719039058,0.4147836283548272,-0.21164685668784378,2.7534049461913295,627.4631492958847,33.552587036783564
2024-01-25,2.2909523540866292,-0.4762087063074607,36.46418267403659,0.4139216040330085,1.1916972222624644,-0.6290768013499766,9.061457846671447,-0.1379195933300451,36.76975192843677,0.4044026164067309,-0.20117342392340287,2.776413264432891,635.4985560422728,33.54359186849398
2024-01-26,2.3166411527190225,-0.4926657439105907,35.969847277358355,0.3889280364344063,1.1036028894679926,-0.6172655220880678,8.74107160811459,-0.16537075428858605,37.06457830308185,0.40011567313320606,-0.20361184448529723,2.6246219478645436,615.5003605830059,33.83208780058249
2024-01-29,2.3079207969391,-0.5057655533179518,35.938825547287074,0.39257990773211615,1.049606405121271,-0.6066978291638369,8.71545966935214,-0.18841572693484532,37.03263797439895,0.40107729613668397,-0.212898163661157,2.5315830747718433,614.9830496070807,33.764427988762684
2024-01-30,2.241024660240354,-0.5115789617118454,35.90109233839468,0.3719352305749737,0.9765528445255331,-0.5987440728923701,8.518983768619108,-0.20482840904130828,36.58528093903528,0.3975022987111221,-0.22456676753141713,2.488239376187713,621.0953617709505,33.061386389598056
2024-01-31,2.273847554609129,-0.46857025362914906,35.795910993959225,0.3758457379037796,1.104174618057998,-0.6316596924020712,8.491851251747761,-0.14991878414824522,36.52523992496044,0.4077548111672986,-0.2223565047792191,2.7898296361648613,630.1499592664252,36.00630537839975
2024-02-01,2.2078997098103357,-0.478421449838469,35.690859143045856,0.37046281108347245,1.0900603970084113,-0.6308298003937287,8.46475213894813,-0.15992400178165445,36.86200815764083,0.3951209918832068,-0.22539899559903953,2.7644085077252103,627.0103447908006,35.61005170230806
2024-02-02,2.1708432944502016,-0.47794157952143157,36.46818327350722,0.36366150681010545,1.0364529417633088,-0.625643306975209,8.511723613583106,-0.1727796486477573,37.25937916583907,0.40263095995545584,-0.2538682515035158,2.6678561014449866,650.0918888566185,34.286817892339876
2024-02-05,2.1295128115734263,-0.46829640803396677,36.02179185380991,0.37210101193454914,1.0790465239866123,-0.6199076009564024,8.379180835423778,-0.151089028448685,39.451059399498085,0.41875332396464593,-0.28772092308927144,2.7445714171963385,642.3348585651174,35.010058909406176
2024-02-06,2.057020633535567,-0.4729046008412431,36.23240404571313,0.39485284332043125,1.169841778174574,-0.6269889835745066,7.9508109952659485,-0.13375102098424618,40.01096370638765,0.40929589453562953,-0.27591009187742355,2.908102781082021,689.7168895169026,35.60716858382246
2024-02-07,2.00747013700097,-0.4721644626403976,36.585461466680265,0.41799318221023407,1.1890020951151992,-0.6270278954926609,7.919694974524669,-0.1481219240034154,39.95337682374547,0.4037295069279252,-0.26389758034914224,2.9426124345854503,691.1373008041091,36.214474430372746
2024-02-08,2.06289125053117,-0.4603449933789291,37.15862373969973,0.42427350483467086,1.2387578975085063,-0.6356872604794976,8.084065493704898,-0.15189491051778192,39.50852742155713,0.39328780546027464,-0.26063736673314297,3.0322276275751605,684.8402696864662,36.37929814649054
2024-02-19,2.0719508966520435,-0.47980001700671515,36.623272772570715,0.4110726843542918,1.1500694691531752,-0.6317920421597787,8.11093501403068,-0.14403428333013368,38.94746576261428,0.41366824022437054,-0.2563573063887633,2.8724908684291313,680.7471662783702,36.032849656899586
2024-02-20,2.019986631626291,-0.4787562090735671,36.01244995832461,0.3967797268953439,1.0974231272781263,-0.633266836090792,8.240642486718372,-0.13536408390643873,36.392594380618846,0.430994115128841,-0.30086317891450454,2.777669523773871,682.1151269162539,35.657738615066975
2024-02-21,2.021416364337827,-0.4950635386888007,34.96526563562591,0.3971533171702215,1.147760941661859,-0.6294483279643286,8.303295824807826,-0.13559534411400231,37.173097210262455,0.38107319017223285,-0.2761553920064064,2.8683329787618916,681.2877844554262,36.42290265867839
2024-02-22,2.062604852342989,-0.49801249298479033,34.9876338811294,0.38978343716863995,1.1229013681379105,-0.62733910049889,8.376355398822914,-0.1310356737411107,36.7830819772532,0.3790060733884826,-0.2683096703151353,2.8235583922447174,679.0872224192594,36.42844575754697
2024-02-23,2.15990468923705,-0.4997130867838111,34.284067436590945,0.39658697001322984,1.1132549078031753,-0.629600394169518,8.432775336139555,-0.13528959357953063,37.792788053083264,0.38163724936021204,-0.26087503741076223,2.8061841491819393,679.5984755959794,35.726745785547074
2024-02-26,2.0526445008885377,-0.5068556262053783,33.566234305892976,0.3925709988187318,1.1148770408035662,-0.6253816241583441,8.240871195187548,-0.13280306595301672,38.796234915828535,0.3729793166720068,-0.2813875290108664,2.7077301907219,696.7264613374058,35.7844151779279
2024-02-27,2.0656108306860013,-0.5010706633589412,33.695619819886495,0.3921678745637589,1.1413814675377623,-0.628184012853851,8.27546087188639,-0.13255202803951072,38.29749367826578,0.3660469024276374,-0.27332015904949125,2.740840677826237,686.2857902101348,36.47253991985472
2024-02-28,2.0669511742672606,-0.5028417553178754,33.7126182203281,0.3786758811143385,1.0984745646066307,-0.6317874136754204,8.686071660169608,-0.10648386455660575,37.790564866611376,0.38797197648409765,-0.2616569362861567,2.7190687116544683,695.1516220046665,37.22337794535276
2024-02-29,2.037012368349403,-0.4919516921894366,32.55321454029955,0.3767486805349973,1.2060844660924208,-0.6323021245798512,8.812442143351793,-0.08485520699571913,37.315982185896324,0.3641808167686773,-0.2743128386034973,2.88464066758459,718.2561939227888,37.64840934683667
2024-03-01,2.0169852082507878,-0.4899345833811394,32.27625070668554,0.38542509707101313,1.2245195562968636,-0.629877391544285,8.955301433274183,-0.0740348739970923,36.99970425365391,0.36719319569189723,-0.27271037895667416,2.9438719503157436,715.1014167473214,37.92997649025096
2024-03-04,2.0338692276628865,-0.4895736689980831,32.630676415093575,0.3786829562440721,1.175690980268978,-0.6319487166833453,9.061335457179252,-0.06935440797541303,37.45188065911021,0.40582093879140935,-0.2521620345609241,2.8573033018967497,718.8660925812333,36.91243588951715
2024-03-05,2.097120816572669,-0.4899766385838309,32.482604762443344,0.4072684675918017,1.1437573255941862,-0.633129739821823,9.164711679743203,-0.059792394437672924,36.736208557009405,0.4157541148299779,-0.24687800019064543,2.8006878207756776,719.5661725435023,37.535885354008826
2024-03-06,2.0579031042064315,-0.4786448669016228,32.793488375292775,0.4063976749054412,1.1372184712585494,-0.6372555543229423,9.200679272782985,-0.056465491954332814,37.16339639985043,0.42076372744378965,-0.2442130957199724,2.7890950235226613,727.4723437991577,37.064672296856905
2024-03-07,2.0813191719811845,-0.48672716443613584,32.50366093963393,0.42407667027698004,1.0883315345192872,-0.6395883219282196,9.275874745234855,-0.04951011955119866,36.42337612077387,0.4221002822264093,-0.24350210445376508,2.833160986811554,732.157065247568,36.89385037357879
2024-03-08,2.0692023184267345,-0.49424895742273156,31.126810493229115,0.4207113875631787,1.0659400022487495,-0.6384902423417793,9.201590190759749,-0.05324778710317113,36.152841602690614,0.42084083872339817,-0.24417207574305821,2.7886662919692453,729.0907913025765,36.735367380529176
2024-03-11,2.0657232396268554,-0.47562366244360665,31.090393309316646,0.4087770373910007,1.3703155217903777,-0.6317729445423128,9.190026229679491,-0.054320973296486774,36.11072718657697,0.4152660001390678,-0.257504987245306,2.7568404963786,732.6424734507046,36.41838034703502
2024-03-12,2.0897164395571597,-0.4877156841408925,31.753982387415668,0.44895362558237206,1.5212913739807488,-0.612898434560472,9.400743189312225,-0.013404365969960308,36.87813047153999,0.3650291183150087,-0.2363299428132658,2.863980966103461,714.4617906003652,37.48550652675687
2024-03-13,2.0696151630903397,-0.4845780040493335,31.40353956646885,0.42233852091841695,1.506244625155687,-0.6101084937182273,9.289463109226258,-0.036473978782306626,36.872183361906394,0.38322787520096724,-0.25035741625471863,2.793005431747736,716.445658079922,36.7785855003208
2024-03-14,2.0730980695916053,-0.4949984308321361,30.972825027642312,0.41951890746318377,1.5012762994278344,-0.6048807667246203,9.20576862311587,-0.03341398534202189,37.406545346894106,0.373809318917808,-0.2518434916753428,2.785486258925065,720.8737079872632,36.70369404063679
2024-03-15,2.097208566625807,-0.5044827416412306,30.81638430720402,0.422798430266778,1.5070550126375957,-0.5974601291586623,9.295487590603862,-0.021034281948600242,36.792261883649516,0.3664887137456445,-0.25011502133457586,2.7942318898874756,728.5999834118137,36.51921259260076
2024-03-18,2.1676532273333304,-0.5085668756354802,29.27633643169311,0.4405605688757128,1.5383529517464716,-0.5941423299441824,9.529653974474074,-0.015917634238864276,36.21295600362267,0.365944138519517,-0.27934688847217937,2.841598875476562,693.2842513167703,37.37257075180881
2024-03-19,2.1531828939731343,-0.5263604160467036,29.114227892183372,0.3980785558590132,1.4634971314034013,-0.5847325307235135,9.732746346108323,-0.010504264400866714,36.01370673308436,0.3837321146830377,-0.3005988896208318,2.797378883327304,705.7668488498798,36.89375182118924
2024-03-20,2.1185478141559626,-0.5266160489452048,29.048275008913897,0.3844962013262925,1.4395642191297395,-0.5867343007349324,9.57674104088122,-0.020159413924150105,36.012128796523086,0.39171330691068595,-0.30739358209496936,2.7604872894520742,695.4936741727197,36.87329979407554
2024-03-21,2.058103584260679,-0.5199106810453011,28.91854093085822,0.40348809467122093,1.4730290588406985,-0.5887139842753351,9.576156630931287,-0.020213554286066637,36.9213119663444,0.3840988912059473,-0.29789272018847635,2.8120719550205435,694.2293043344246,37.20255141586695
2024-03-22,2.2042159598814823,-0.5239827561781043,29.215270359657158,0.34765353459900794,1.3746452605951451,-0.582680500244307,9.681050012036899,0.026599420238776483,38.98771400809696,0.3930691743824186,-0.3258244505968899,2.548422805020401,705.7916611929751,37.12610978601363
2024-03-25,2.111225100923433,-0.5180923265281381,29.47801200181035,0.2985296727095872,1.2880861095797078,-0.5860969145993928,9.792107997256357,0.02834670067093148,38.840609347957816,0.3896857207201414,-0.3274618723226681,2.542180917501958,707.1888034272376,37.59789766856653
2024-03-26,2.1119243006605344,-0.5115758408678286,29.43012545250608,0.3173080948183211,1.3211748003426704,-0.5812567589848623,9.938041795118446,0.016862168263718225,39.281317294524825,0.3673946978802991,-0.3291553662588126,2.5934054446362187,719.3190480170656,38.15607329609581
2024-03-27,2.1480634032737522,-0.4996628560034375,29.818045689286826,0.3141501132304494,1.3156102499458817,-0.5856034187522051,10.065066419315619,0.017949584715486244,39.33217255800281,0.35604462331886255,-0.340651865025012,2.584790976785792,716.9278880892806,36.98472331978293
2024-03-28,2.0815895962691036,-0.511358985043546,29.09762778014128,0.3146265002689892,1.316449672092772,-0.5848168061512156,9.83141893658503,0.020963622527396364,39.38326189527684,0.3849280360103964,-0.34019020716050163,2.5967765781711885,715.5651086916504,37.097191946991785
2024-03-29,1.9503518656178644,-0.5321690688988534,29.29535818693445,0.3008948578814361,1.2916278280818414,-0.5849293786345857,9.370134006660784,0.0174997015328322,38.950536315484065,0.42944293696912594,-0.3483781401883427,2.5739208618915774,724.4573488246823,36.38233489113434
2024-04-01,1.9678354169537866,-0.5421760159607973,29.70552777155173,0.2940455034148839,1.3226542324749442,-0.571405911429735,9.431586598935867,0.004340686658800275,39.49306728071207,0.41344599717265984,-0.3533196181712972,2.728115516798668,718.9559503328854,36.09885148425575
2024-04-02,1.9790254122418403,-0.5446162440559001,29.86694027265361,0.3003452404751099,1.3314116217050547,-0.5746966959462262,9.470918094281666,-0.001012506808734881,39.20745950769185,0.4297314139000936,-0.3626087393662214,2.7998167437150245,721.6704888971904,35.56595186751582
2024-04-03,1.9289168594060069,-0.5522760044935036,29.32770375146505,0.2805154290708529,1.290682534816562,-0.5737061212694985,9.28799418290801,-0.018464529451114764,39.121073178621266,0.43463393377419424,-0.36242368189460583,2.7916527805188993,718.4346474137849,35.495389677950165
2024-04-08,1.950357358659824,-0.5489985382995606,29.20227435940652,0.275219470197535,1.281208724333061,-0.585091898635566,9.363305208174411,-0.01147698784986284,40.9945774507868,0.4821213255140009,-0.3660569797735461,2.5904126070341698,747.6534748452501,35.80624783592509
2024-04-09,1.9301089962010698,-0.552093770488683,28.996388894722205,0.26462751210487245,1.262261031192045,-0.5789980824424915,9.292181634106377,-0.013080943980551818,41.66897541640381,0.4717631242614426,-0.37333517416666173,2.6459742482392947,746.6263065620586,35.44079115390422
2024-04-10,2.0281218654262396,-0.5419417307890553,29.724934349100366,0.309797654805565,1.2241653339642928,-0.596779946424232,9.726892656219594,-0.0026535259865907435,42.12914750895702,0.47510092597116804,-0.36828062308970466,2.515746829098376,778.2038095092789,36.32585678104683
2024-04-11,2.0168373903873777,-0.541428783759629,30.130692320233635,0.3097269670987788,1.2223753354843936,-0.598139523771014,9.86855356755949,-0.004196006520025941,42.435293681679674,0.48549211305382367,-0.3678140963106843,2.4960684365364134,775.3000604762605,36.8187874980406
2024-04-12,2.058956742900024,-0.5562535886322459,30.535712282686166,0.2710591320738065,1.1064937547203533,-0.6037500691431712,10.0202940758392,0.005991862576208762,43.7176592529291,0.4896584211036292,-0.35935429017633336,2.4455859155661126,783.2422292638074,37.310821653108235
2024-04-15,2.1217050424017825,-0.5471510301250155,29.950261101928326,0.29765753670697404,1.209465483964133,-0.6081372960071044,9.683741109196609,-0.012684079114868019,45.90359248472238,0.5067672495117859,-0.37726470926670486,2.6140164837502353,786.1723128635914,37.45395843665711
2024-04-16,2.1009518018530815,-0.5501615911730307,30.75798604795306,0.27786969310458987,1.172472032712954,-0.6223866289054281,9.962560217776938,0.024779118496779162,45.11827776734755,0.548598463225497,-0.3763341729249756,2.553506399486461,806.7155551912077,38.20232836823692
2024-04-17,2.142558285343334,-0.5478300115612724,31.184093322951085,0.27206139973954224,1.1555004352626241,-0.6200135697036515,10.109648469983654,0.03852891475269393,44.879239850482804,0.5175494456696941,-0.3714620248829009,2.4952489530169233,795.5970344773507,37.71788923584811
2024-04-18,2.172786250689079,-0.5440733407393272,31.49366901552861,0.26700923511968755,1.1532603204892706,-0.6189501814385838,10.216511108147065,0.04374154207119907,44.93937879510663,0.5002952299280599,-0.3708035649959748,2.491616497793017,805.4886935142804,37.523878117097645
2024-04-19,2.194947665366278,-0.5408887644836556,31.720632200735423,0.2800026153177484,1.0967003341250843,-0.61883241171827,10.294856680227463,0.04175998633723044,45.388039089455944,0.5303334111484908,-0.36056428098254734,2.46026290245507,811.1218906341811,37.212025877208866
2024-04-22,2.1339622478808513,-0.5428583493452346,31.37978939173719,0.2770658022429535,1.105792459908768,-0.6136900620114792,10.07925954931084,0.02187478809905996,47.54279451381115,0.4557372340526282,-0.36203138984437977,2.4752679773537984,827.6482654858922,37.37595527356391
2024-04-23,2.055156111550266,-0.5476382961020865,32.19308622818058,0.30048686365581423,1.1057188904948045,-0.609994652575474,9.85100967355644,0.029577626383399114,47.07843809101125,0.4862135384933759,-0.3591099797376477,2.475146563001089,855.7924487128457,37.77722044528527
2024-04-24,1.9974515465985223,-0.5628911391642182,33.363409252069566,0.30881649861674254,1.1020602413405727,-0.6008591879469152,9.781508818096706,0.07385226871718298,48.06055507934714,0.5083722067989211,-0.36506030913903187,2.4691085576002028,841.0277803619899,39.08472029052217
2024-04-25,2.0464356699244566,-0.5567644719130316,33.752903360523774,0.2869951509584092,1.1493140822531003,-0.6028596314281669,9.961264385397179,0.09175615647695157,47.1290255525241,0.5218570533785345,-0.37765392924760843,2.5269100131080537,855.0665558149833,37.93130828869935
2024-04-26,2.028552800092564,-0.554779560891993,32.78088613097316,0.27876050799606666,1.217259664086522,-0.604699382405162,10.03139837041054,0.09874159239241109,46.37203950983809,0.48618384560226313,-0.39032654324098204,2.6194305406991893,848.0706905269877,37.613157572002
2024-04-29,2.1351871376369345,-0.5391034972010957,33.22198582375743,0.29559570426288606,1.3496227368518832,-0.6069227452144175,10.419810240720619,0.12296271567711137,47.580232354340716,0.45291164581361576,-0.3825093141945939,2.8819068944544215,879.2739589177386,39.03218749798581
2024-04-30,2.1037031335555363,-0.5437318867479348,32.87832367727362,0.2878425580107027,1.2978391111049348,-0.6162313465890409,10.305130849525286,0.14955599257507113,48.379076257151,0.46104114821786935,-0.385255188615355,2.796353068874635,878.2403401713593,38.85417127493224
2024-05-06,2.0036817374046,-0.5444134227248221,33.465084869756,0.3253207064127803,1.3760273692185145,-0.6050631036581516,10.288244170019121,0.11250986078239689,48.3497519921036,0.44551394128671085,-0.3927066412887372,2.9471783541889374,888.897799432477,39.544432141598534
2024-05-07,2.005132931596022,-0.5404938364563232,33.9658487613554,0.3284398419891814,1.3860738942344266,-0.6041336216709974,10.452257840702504,0.1267266623960086,48.582259657555205,0.43870351046792777,-0.37895154061973757,2.9750648540637386,901.3977144974388,40.462757260217636
2024-05-08,2.0431444985118516,-0.5451754513053507,33.208413950677354,0.31163656536320916,1.347741214252395,-0.6091408881287871,10.495675489423855,0.12805069053342732,47.89613045357209,0.43985477830154296,-0.3838105814379599,2.9216038396513326,913.8852741568938,39.56458556388826
2024-05-09,1.9895228340254163,-0.553189677827366,34.07537287848135,0.33727066927208327,1.4143799404618655,-0.6073706084802644,10.517783092447855,0.137936340158332,47.21641939691928,0.43583459332443697,-0.38595859271250943,2.952865419522603,911.3308443002386,38.71017738518041
2024-05-10,2.0346748249309594,-0.5512621280571127,34.4346587183287,0.3024026965825328,1.334928487731594,-0.6067897928418428,10.306431473401204,0.11705517874609961,45.83775397347086,0.42474470255344965,-0.40461808635333507,2.809308282087344,927.6013311000083,39.11693868980718
2024-05-13,2.116112070347168,-0.5417733756668789,34.54422709865656,0.34405968699715483,1.2744827325668386,-0.5960079537487272,10.703025455298429,0.15623795382239547,44.33966135324289,0.4250611351627962,-0.3981645631123445,2.710694334390032,927.8075713771022,40.40006789005402
2024-05-14,2.1161911787213787,-0.5401928934634376,34.77208634364182,0.3486955206717115,1.2741546093989093,-0.6030829086155592,10.740650599905178,0.15995525071955674,44.60488067398582,0.42615803618558745,-0.3996245368642132,2.710159019365308,932.5338770807509,40.67515969196332
2024-05-15,2.089094935756903,-0.5588895875985498,34.62515130789063,0.2910605231527661,1.2702463524606484,-0.6165934009629629,10.63856202350834,0.16298436466173016,44.33918266929763,0.42974614926191124,-0.40086842205632933,2.683448913610558,927.0950274492318,39.08541451989836
2024-05-16,2.0861837723433507,-0.556595731185705,35.12050711360178,0.25398778096880026,1.296012931670636,-0.6161512422044595,10.526714265368502,0.12125330328291706,45.59836751582255,0.395279689610053,-0.4066261371149791,2.7252548956334426,941.0701919106268,39.33987021061237
2024-05-17,2.157806100771408,-0.5427764263372702,36.405311098887104,0.23631034886146463,1.3017884162760591,-0.6185073075770373,10.956711217182853,0.07009395350693093,47.33669081681122,0.38934990346897935,-0.4073130411123044,2.8577619593094994,973.3004062069577,40.77475665474456
2024-05-20,2.2541212966278477,-0.5368838129110192,37.42091367362995,0.23310037430364705,1.2881408809031178,-0.6252264818371127,11.281351391021397,0.0736117114911854,47.79774751649401,0.3881082435069485,-0.4058575938336635,2.9491055410849607,967.3912576336854,42.04891464312578
2024-05-21,2.2860732294743973,-0.5301754061532966,37.79816526989806,0.22589423017960675,1.2572002993044702,-0.6234776192841036,11.40194090786499,0.08524785734031104,48.31063015078955,0.3807705923277047,-0.4004723291413028,2.8957051481041827,959.6732663079439,42.47160817677475
2024-05-22,2.3125550809121167,-0.5189704934880675,38.110832449532964,0.30010127514877216,1.3048697429111558,-0.6240801698169627,11.289440868966508,0.10317738385818775,47.48116821292545,0.36293494564577355,-0.4082165292082022,2.9276564267645417,942.9665515668108,41.71560945939723
2024-05-23,2.263383627467785,-0.5105245458255814,38.26170335673128,0.2632327380733346,1.2836007224940866,-0.6141357554767677,11.424280865423215,0.10743291518491449,49.28727058047515,0.37710112796585427,-0.40206560280630066,3.0011981935909953,948.5817180555549,41.461516495632175
2024-05-24,2.3469624126222923,-0.5221065577408737,38.26785289326231,0.26723406596324684,1.2329520099527187,-0.6134134324500007,11.466918030945653,0.13579547020670635,50.31788601854415,0.40172937282873655,-0.39137207097557847,2.912454336080346,948.1138951349918,41.60266535419794
2024-05-27,2.3576730333289024,-0.5088082713175182,37.89044799326419,0.22761379181228492,1.2043453452206347,-0.604374246937664,11.347097984620657,0.15878955728159827,50.91659699149376,0.38628197890887095,-0.39807929674434384,2.862331328970037,963.4517414338359,40.58738497793752
2024-05-28,2.408891224447102,-0.5027166360942117,37.54468134668522,0.2189031614173853,1.16335825393497,-0.6046988262682271,11.30586241900758,0.17003327442573002,51.746554644833424,0.3898965784806345,-0.39650984525516264,2.790516026935259,961.0435383039845,39.92255387488049
2024-05-29,2.4289296192103835,-0.5061941986917171,36.6732202714409,0.24642285174200018,1.1758058686790993,-0.609027726096071,12.415177289238649,0.13688475723634097,51.1942650314853,0.4078227765265414,-0.38872632797754125,2.817122536572445,949.8529398438649,43.13551140431412
2024-05-30,2.5023930442846223,-0.5088839643516676,37.09689904276765,0.23635150456200482,1.181119993723342,-0.6123226080989165,12.566046415638866,0.14329432029157307,51.038705519179814,0.41847846994359617,-0.39021928503595427,2.787593006271873,960.546376782965,43.6318660856747
2024-05-31,2.497080653621542,-0.5083902794294812,37.5947023460404,0.22593376612077898,1.171075641201964,-0.6133504942565117,12.743310783283992,0.15819296573523944,51.176680717578755,0.41765047780125686,-0.3874111623836186,2.7933379850528532,965.5357002974862,44.215060280659806
2024-06-03,2.6180130185734574,-0.516477725580502,36.4802254317364,0.2343277791178513,1.1562102074782947,-0.6162137811648862,12.898779442682594,0.19824437669483141,51.110662704666915,0.46846789768996033,-0.3832167443759603,2.6817288704268116,972.1536053219182,42.88282029287134
2024-06-04,2.603118733127955,-0.5101365349423159,36.300119971299125,0.2154265416080139,1.1892282128591747,-0.6121094152852813,12.831990995115765,0.20590227429338426,50.8692959904022,0.47526956270576326,-0.3926615344907647,2.752306019946004,999.6491097722361,42.273296607563864
2024-06-05,2.733746746463469,-0.5158002431589163,36.21486252507179,0.2475735277284805,1.1313250105149106,-0.6167813086569076,12.7671593907846,0.21207400430540013,50.573504031110836,0.5176612190005005,-0.3765979547080487,2.6702870569745825,1012.8796301897015,42.471958146635714
2024-06-06,2.9626801432322636,-0.515106036871037,38.49667901308564,0.24927518732788534,1.1329849000183811,-0.605637270742819,12.737659372584142,0.3199013648705882,47.60150902437241,0.5197312715661868,-0.37708346419454974,2.6074240980683983,1020.0170496828472,41.69353455559596
2024-06-07,3.055147572225324,-0.5072225070052931,39.418316952585144,0.26459867813934057,0.9909625374651354,-0.601926011591271,13.058221718433519,0.3416626950813253,47.31202643968795,0.5383721510232873,-0.3593152930259689,2.646243630651693,1027.242085486878,43.77786316913059
2024-06-11,3.0637248808911988,-0.49929657586694165,40.06841319571388,0.28778836979643496,0.9863971145022741,-0.626486453821476,13.284336950667104,0.35039031731808623,47.35391529992967,0.5418387048554911,-0.35707193025504924,2.6378825268708264,1046.0975669320842,44.49630232941073
2024-06-12,3.0186841410657266,-0.4946270409688258,39.61322693975172,0.3185538331507629,0.9518796196850554,-0.630117385762746,13.417551957141395,0.348830484073545,47.32042577376719,0.5642943599586996,-0.34726290727190656,2.5746672763299605,1031.5467430345157,45.37230911124868
2024-06-13,3.0021962447653774,-0.4967004900504193,39.446598598060845,0.3104506904028319,0.9251564258642611,-0.6421117412365198,14.049079073715687,0.334503649903952,49.436988922023026,0.591890525558795,-0.3685290770258912,2.5257264884315602,1076.7750362492852,47.403539569025035
2024-06-14,3.0094130345440453,-0.48741161033203906,39.41423646528239,0.2759746714050597,1.0053892782668128,-0.6418253876801912,14.076215684065467,0.29939483312539616,49.97613957128842,0.5206303600417954,-0.3503392647307392,2.6726647263625916,1081.5130855569623,47.36481092857627
2024-06-17,3.0035468711646107,-0.4995240296434613,38.67623372663317,0.23212778979943471,0.9922183282793997,-0.6352007760829625,14.054157706106011,0.275666636596013,49.93908312472845,0.528794554377755,-0.37266384372242656,2.6485434826939986,1082.5538765506292,46.48162307099536
2024-06-18,2.9337982433243575,-0.5043234122654043,37.985005935537814,0.2241019805304112,1.0058340780567443,-0.6358336150376309,13.79188855400633,0.25711243512280957,50.43560738230223,0.5212192647371499,-0.3778384508045207,2.6734793315449763,1061.796810935394,45.7910166261292
2024-06-19,2.935844020548254,-0.49432992053629354,38.005280141860354,0.2167333233549249,1.0014956030119118,-0.6368663042698182,14.090112475773525,0.28245747467849847,50.118332820704445,0.5142324591732512,-0.38334794349030965,2.665533859592951,1068.452527823257,46.519478656064464
2024-06-20,2.8856043861245486,-0.5007846173684418,37.32028578602612,0.23223485858362047,0.9567308166649477,-0.641492732813393,13.897492613238969,0.266087365915189,50.30841257494037,0.557933483388819,-0.36762027566069677,2.583551745904908,1100.018575406616,47.05638231805942
2024-06-21,2.9553283148563527,-0.49182661385045134,37.72618788342052,0.24084599328727108,0.9649634701098613,-0.6439980623359891,14.164815688371702,0.27949821363639615,50.085492169866164,0.5528810559315838,-0.37454859025211773,2.5986290060853516,1108.510631345545,46.66765159472369
2024-06-24,2.9324081576829313,-0.47564215796779874,38.95955093702618,0.24669444122141737,0.9322521710770613,-0.6456759972353614,14.076939302035345,0.3202480501192475,50.90255801896336,0.5773116783863967,-0.36363145677488684,2.5387216178225134,1116.2181547789314,48.46200736787867
2024-06-25,2.9237146302091888,-0.47680137621854746,40.2987671374696,0.258973319406649,0.9367475780692995,-0.6491657868134622,14.043608126636853,0.31732932646808165,50.775341114260335,0.5732629643200569,-0.35595692408832413,2.5469544945362586,1113.748277204357,50.11969170166675
2024-06-26,2.9430378519693683,-0.4844704686596064,39.69340609773697,0.24439242791036553,0.9414088237445566,-0.6451025747367616,14.117693783546295,0.3238168132263053,49.72357697576334,0.5723546138787636,-0.36658769209374864,2.55549108778424,1111.324587099038,48.52657771738933
2024-06-27,2.9811811696321686,-0.4794834491541634,41.08550872586589,0.23287055002555057,0.9191682553743077,-0.6452496966097033,14.634863105690933,0.33662286965536725,49.773830150738355,0.5707968410195707,-0.3724524812862463,2.524619255316493,1118.078191652426,49.76229055778869
2024-06-28,3.1269202098220656,-0.46042890747646403,42.20382232391269,0.2285531967277843,0.9097290408781029,-0.6569937460134266,15.05031917463345,0.3855526032744572,49.21686799052362,0.5609443198769544,-0.3746500715761333,2.41770106691386,1137.5392553759718,50.93340422275671
2024-07-01,3.1485377577692564,-0.4445793770421179,42.430131690972,0.2116795484261158,0.8847545685551406,-0.6525080833809667,15.134393624025414,0.39281037621694215,50.96144276846573,0.5796534590421816,-0.3907746011300135,2.3675690948822727,1157.1494120377738,51.91052073706891
2024-07-02,3.2561822380680887,-0.430167560687407,41.08863186723409,0.17946729211653212,0.9096612243145186,-0.6571001197610835,15.55304195700549,0.35749182408286195,48.22779731877671,0.5645243836598055,-0.388558643783798,2.412070848899217,1157.2151898200216,50.975386106026065
2024-07-03,3.1946908208035145,-0.4384002448951597,40.48055413947733,0.19450901041033974,0.9258497824979273,-0.6600069466849658,15.313891010678002,0.3323572310079692,47.92401498136573,0.5741789873611853,-0.3916672245743592,2.440995616685265,1156.0383176999535,50.65464853215326
2024-07-04,3.2938494139078243,-0.425124548548783,41.461115893697354,0.22966167569517504,0.9067216068665103,-0.6566300234709256,15.699536234553172,0.3638529178614278,46.51911551955558,0.5861292827146132,-0.3942504656585647,2.40681851258241,1154.4300309453292,50.26251503825401
2024-07-05,3.1731115359583253,-0.44128935439145256,40.26716041594645,0.24824943903054497,0.872201969614584,-0.6542586543776654,15.229965373225337,0.3255030151833187,45.840958240830886,0.6210595353059192,-0.3939670009201811,2.377374278276294,1158.9571682336734,49.13359533526029
2024-07-08,3.3246943248427945,-0.4209949248965704,41.76613575156623,0.24619999807493764,0.8211410575831835,-0.6484259642698258,15.819497522935034,0.37365016916781424,45.92957719649252,0.6457454272458933,-0.42021912125892324,2.275745231217116,1209.2041600880661,48.370148657297854
2024-07-09,3.352164387203616,-0.41376004599280825,42.30051416489735,0.2290977993779142,0.8277255450381422,-0.6459851596900552,15.926333431123645,0.38237546926410837,45.580542552222184,0.6479429209080334,-0.4239018363130579,2.2304396408299767,1217.5401863078562,48.98704661269571
2024-07-10,3.267560192969377,-0.39826552630255585,42.670576020591845,0.21007167265876592,0.8553556945434562,-0.6504943012469289,15.597292826524512,0.34838784796312683,46.2851430587988,0.6184711500069009,-0.4127027370598526,2.279274943529739,1199.1079400197432,50.05094670637462
2024-07-11,3.161430145782054,-0.41674489436918083,43.14294508150212,0.22124916243303816,0.8533539496580664,-0.6611348684663356,14.659559443932304,0.32784122731403986,48.1275145622139,0.6359775757723556,-0.39809722866385866,2.2757369309183013,1210.7942824977342,52.04004525509278
2024-07-12,3.2741415831690066,-0.41178137983381913,42.16154104544165,0.18817189243609778,0.9050857927071003,-0.6624217808211712,14.860460952527214,0.30405545830146274,49.82438605941596,0.5794706723979888,-0.4020863940326366,2.354730809215098,1188.2854934551058,50.20803437879051
2024-07-15,3.3487308329730023,-0.4010581713504586,41.81187530626248,0.17651671886344777,0.8633234775758163,-0.6563079259917164,15.149596698328832,0.3156107708757574,49.387793261095496,0.5945083471270296,-0.40898453407805246,2.2811901184118843,1209.0400499042676,50.69557098074126
2024-07-16,3.2847150778029013,-0.4060811038865928,41.445593224875715,0.19383570436083364,0.7819591754046962,-0.6549769515319303,14.773695791982139,0.3094635953435496,48.21495795694108,0.6167049409405689,-0.4007572141908746,2.2116618457604895,1198.6874086132786,51.415206969531155
2024-07-17,3.3259876374385797,-0.40436058820381293,42.452475985755235,0.18233607033412946,0.8295473058476472,-0.6551794892768483,15.145912897506786,0.3403634399758029,47.66484894640354,0.5976848828118564,-0.40780712931804075,2.240142282652621,1227.1460654113419,50.798557475771965
2024-07-18,3.2977684701846313,-0.43238809481080065,42.361518006264916,0.19004865347477162,0.7997437643189955,-0.6505284261998657,15.176444232444418,0.34289801856444213,47.69932718291868,0.6360225644607242,-0.3998194188726706,2.3585600038151155,1223.7050969461686,50.25428869237332
2024-07-19,3.220023144022128,-0.43467711044846347,44.28094846954156,0.21157627213443142,0.8254216394036222,-0.6407855483406639,15.299973394375534,0.3400139204554071,46.6340533908142,0.6352947897877554,-0.3726069293185892,2.3735981457592934,1240.6337953596246,52.57818393240806
2024-07-22,3.1367322787211513,-0.44646651677583105,43.5342981425067,0.2354892301065119,0.8360876407626743,-0.6431348907321572,15.031198537025613,0.3385137945620731,45.660794856851275,0.6580119260967667,-0.37304434024400024,2.397086889190469,1244.33801960655,51.6433172839106
2024-07-23,3.1009531884072494,-0.4273309022218521,42.90907810139619,0.19277845215103273,0.8095938605746309,-0.6380157342620066,14.892542790980173,0.3848003033607972,47.27385533507603,0.6580294892173839,-0.3823519869369565,2.3480687098161384,1228.6041461773355,50.350720549646404
2024-07-24,3.1852479040726944,-0.41593629690822365,43.811625163906434,0.16904530548467123,0.7780363645781496,-0.6298303906438768,15.219212546575918,0.4132647462506114,47.48913599629487,0.6887982265362889,-0.40111445692318004,2.2896817605631075,1253.8785463280296,50.363711797230756
2024-07-25,3.074769962439454,-0.4342209653825194,42.62873320079688,0.20564337814192757,0.790483377148955,-0.6271481006168724,14.791074176250456,0.3759588127128022,47.370040523521,0.6894140651493663,-0.40362265998637814,2.312710935355825,1254.5212463521048,50.61585421685674
2024-07-26,2.9382596276215485,-0.44814517799120823,41.55861362341893,0.2353150939538362,0.8304114295172298,-0.623802315157405,14.403752877095146,0.37715278647109196,46.571696263872205,0.6743940429912192,-0.36123321608708503,2.386584894419584,1285.4204909321945,49.3050385183827
2024-07-29,3.031131649328885,-0.4283493353401663,41.39097123627757,0.1910025279507841,0.8376215925223103,-0.6317021361261543,14.443538830247125,0.38070979862798837,47.738677851650856,0.6538166236342413,-0.3697360387288392,2.3999249712599853,1296.1625885680019,50.225551722789184
2024-07-30,2.9805726672319164,-0.4314417295547014,42.49160566167864,0.19744536018141434,0.8435426775918478,-0.6338922819000707,14.249843939790669,0.3633927551616547,46.81065698595738,0.6518554053719543,-0.38684755526383185,2.4108800259169363,1275.29254859777,50.40724168096514
2024-07-31,2.9332123850418363,-0.45479447638617065,44.27796338278929,0.24662877689423923,0.9137140950677447,-0.6173150532630538,14.068403485685,0.29178506272965854,44.667311861335385,0.6322018668799594,-0.37080411649939593,2.540709559655458,1295.3462546540882,51.21497633002253
2024-08-01,2.993290099623847,-0.4534868810490422,44.70351784454739,0.263556774042885,0.894802556576781,-0.6157153116594203,14.242148014039797,0.27144641947995485,45.73101988177627,0.6571328770312448,-0.36741127072484114,2.5057198685122906,1289.9271258015751,51.70572976696447
2024-08-02,3.037997387074623,-0.45172335158318044,44.313940469881004,0.2521595721951535,0.8564981021804299,-0.6175837826627139,14.08070132114502,0.28406705980123603,46.67571262231721,0.675685477525896,-0.3761486622327854,2.4348498528667477,1261.8007614793496,51.79192104294526
2024-08-05,3.0701655283829457,-0.4513573894349606,44.674927637663224,0.21743039491249117,0.8853620935533453,-0.6186822520288677,14.39385211137214,0.33414607351733516,47.18751950610369,0.6710458228654519,-0.38506300523796433,2.4882533421587447,1304.6436447667145,52.46653511555834
2024-08-06,3.0652674483457876,-0.4710693206319594,44.61996194899514,0.18651152774011037,0.8637280214334984,-0.612390106252495,14.375326987714178,0.3429682206804361,47.649390114312375,0.6637981484094289,-0.40068045272398434,2.4482264822602677,1281.555781201733,51.621124090226864
2024-08-07,3.007937783646689,-0.45942710779133256,44.284196489197555,0.17034285389807668,0.8362681665687457,-0.6104777727168771,14.158499349177548,0.3441803029485002,47.60548210353323,0.6688859124854838,-0.40884742123672824,2.397420893861788,1279.0533118150029,51.66861674899064
2024-08-08,3.0223931935881545,-0.45241324658088267,44.44752278303179,0.16135284383519588,0.8398305260536174,-0.6112334456769564,14.213171435925966,0.324467010703136,47.04184902924762,0.6582976027045884,-0.41338837059535316,2.4040118889929434,1283.6700739425778,51.94114853229184
2024-08-09,3.0630481445121758,-0.44158725878222793,44.51858385092444,0.15782126961407839,0.8451928281700098,-0.6123665303211712,13.767027506722135,0.28562547665846383,46.27466064781295,0.6519940942536584,-0.41517220616195993,2.413933096353126,1296.084105697345,51.82268702344968
2024-08-12,3.0614859390737372,-0.4495095817866276,44.81822723580736,0.16145111369026188,0.8681343136379469,-0.6171860199028334,13.762054902515958,0.2851925590215265,45.95844028555829,0.6409439002645532,-0.4133387334500983,2.4339053895682943,1311.101972498217,51.81708131544132
2024-08-13,3.1776844941654954,-0.45131849234350374,45.687802650229656,0.18521527868940524,0.8703711102354383,-0.6176443793483519,14.14331480761058,0.2894156995353576,45.80413493244665,0.6414109151651104,-0.4124693343795208,2.456032248749414,1304.8779281154696,51.93216219704863
2024-08-14,3.1712605908029756,-0.44522222312556703,45.891948977095446,0.18877108557877054,0.8385327730509173,-0.6111357420473986,13.85641633713257,0.3388777535138541,47.76103122113312,0.6617022369572301,-0.4152074321478071,2.478325082471694,1319.387225958504,50.040084691308856
2024-08-15,3.1932353409235095,-0.4446940502686595,46.45296817524369,0.2072114925617714,0.8606662287958975,-0.615817143418295,13.890422214759843,0.3419424032928233,48.09349372135305,0.644118881304605,-0.41435531945121795,2.4729334383519626,1313.2750690394541,50.533903356291795
2024-08-16,3.1476867214394444,-0.4265290665685061,47.05169505543668,0.17660166253709453,0.8849640392168925,-0.6208340572912681,13.966724329558991,0.3488188398258585,48.79892214538138,0.6213045710151408,-0.4148341734527824,2.5182853004881496,1322.942684213418,50.92004834471509
2024-08-19,3.1533363022014242,-0.40860884986599055,47.181480089655466,0.1995858188735402,0.8988021782946041,-0.6236176388024117,14.232841303088524,0.3462312997290675,49.08874823107554,0.6050229864271728,-0.41641467475943716,2.5453427057816653,1338.777897591062,50.89529284565695
2024-08-20,3.079605585522346,-0.40998826979322045,46.96073698651111,0.20305109759418083,0.8971414831252866,-0.6232884542374254,14.163052150644631,0.34006355074959904,49.05297267464359,0.611120133122887,-0.41470816072475614,2.5401442024945853,1335.6528654873848,51.22798183198622
2024-08-21,3.118440264365139,-0.4095391708924495,46.99724323402801,0.20509524035339588,0.8930058414400659,-0.6224672482357554,14.154803881276756,0.3299736080710751,48.69562167760441,0.6232509830235,-0.41535028355503245,2.513488860621509,1367.774780720949,52.41493924034086
2024-08-22,3.171499427339164,-0.3925928726009542,47.61560683470798,0.20956240694480566,0.8500999376916856,-0.6208804026207186,14.350047992483987,0.34100359009027903,46.82057505140557,0.6451471350467737,-0.43506587329186763,2.5680011378035448,1355.4140636189172,51.93257577027144
2024-08-23,3.206332808797514,-0.3754799536472869,49.01256164177013,0.17548453313373558,0.9430337998419351,-0.6240685932492681,14.791126994226,0.28169751180924574,45.89768393727997,0.5782896477990995,-0.44179114059604274,2.551596659416371,1328.525332256277,50.54138981653979
2024-08-26,3.34903759253981,-0.37406783194625837,50.2619139839883,0.17282660849519793,0.9488804411654315,-0.6231642676567575,15.326859534942951,0.32518060612437805,47.06922423332257,0.5589604885710369,-0.42968957844727507,2.60037432997941,1331.6700807049551,49.879324010761245
2024-08-27,3.327181375229082,-0.3910036700265621,50.58996006131838,0.20455976194456804,0.9457370709429092,-0.6201158394866124,15.479705808701151,0.3375864773985964,47.37194662055514,0.5712927154920096,-0.42517811225839786,2.5945672475028556,1336.957616564213,50.427895426280585
2024-08-28,3.302643784381101,-0.39107777723803205,50.89252248935376,0.20470634175238156,0.9372208463290534,-0.6249395828820385,15.576355230349531,0.3300015978060553,47.55617962346744,0.5832275470596231,-0.4208120241680413,2.578834319078714,1324.274787252887,50.41037833268121
2024-08-29,3.2390115439216958,-0.4289396242857205,54.119119706480916,0.22252286746609085,0.9456996150816863,-0.6239625668555729,15.829019412982138,0.350274073989147,46.81606472692713,0.6066420617220176,-0.38479900685140744,2.594498051302614,1346.8276401611688,52.48775004775016
2024-08-30,3.1102958780010104,-0.4456268532391292,56.53708308550375,0.22112544088454755,0.9824703163446191,-0.6079960348447089,15.855431510285896,0.4432843596751166,45.364151574706966,0.6250639803438311,-0.3668219237589335,2.7109664763982844,1348.9429716553598,52.42660992048319
2024-09-02,3.2424441297546958,-0.42107404903030077,55.81400632402633,0.1670426375603986,0.9263265185230671,-0.614373703982277,15.845298853694832,0.442416728088769,43.89338021942799,0.6443012020897791,-0.3948649439270362,2.6058714594107792,1408.7310145463248,52.63578326630034
2024-09-03,3.1593885899799217,-0.43255375806061824,55.02643029665001,0.16662922281113035,1.0126457211516304,-0.6143012288624234,16.164943993233635,0.4621930538051051,43.01494618276726,0.625045823366736,-0.3828655261152649,2.724279944524194,1454.5239379963507,51.01927395464992
2024-09-04,3.1803246304791113,-0.43250118116488745,54.1764018632059,0.17101966774358868,1.0261417618832658,-0.6123598365355616,15.904518862175504,0.4592830589448038,43.91904752413918,0.6391984475017214,-0.3827157076229314,2.6941529403113376,1431.9526355694218,50.2300417705817
2024-09-05,3.23039330070356,-0.4140243523196597,54.47191960422122,0.174402952915943,1.024437780495294,-0.6077169847893737,15.99505729995704,0.46203110810452364,43.26329148071658,0.631455298915119,-0.3737045287783063,2.7480824701980677,1478.6064775020536,50.50442331241722
2024-09-06,3.346206060171702,-0.40099425287055446,54.45010131798522,0.14828823751711218,1.0166163489098863,-0.609386866618085,15.98916181278748,0.5021240722305518,42.04946877366279,0.6213267585093449,-0.3775927499207675,2.802373991722366,1492.5691077987149,50.48655672559408
2024-09-09,3.3254079317907506,-0.40660407271202237,54.070608666475145,0.1590422080247702,0.990615515237425,-0.61022143499488,15.782746170699014,0.47989468600256746,42.26962686693887,0.6768027989989847,-0.3562961854711765,2.7533488542574687,1497.1707521761423,49.86100316488583
2024-09-10,3.412910886279982,-0.3948634926715807,55.35689355775007,0.13611008600000774,0.9612822340485168,-0.6011173722062274,16.181032837684548,0.48851567749208247,42.50546833628101,0.6548768403924734,-0.3647132892597902,2.6861394982666376,1501.921031331767,50.235974737131585
2024-09-11,3.4307367591643363,-0.41409528598701184,53.473715430460196,0.10258269921585028,1.1105752004953344,-0.5840831451562181,15.693838436669015,0.4463065442723757,41.55756268277263,0.6060402913716574,-0.39184311973763497,2.6094718547572584,1483.4489771839815,48.7831004973622
2024-09-12,3.34576345340872,-0.4123128445139772,52.429010694313796,0.05018775802555919,1.1375836000413275,-0.5998039008299587,14.900544034578761,0.3775777800860902,41.259660755580526,0.586127497849187,-0.39369325683256706,2.608472731880781,1483.8598813250162,47.82835304790578
2024-09-13,3.4458705104710825,-0.42525430347479654,53.659777412222915,0.03411160802864455,1.0377831998791036,-0.6021258706240449,15.266821832728048,0.38822324600364433,39.4211643802446,0.6171144556155488,-0.3803417759279346,2.576047933259561,1526.6797231877085,48.95314108048813
2024-09-18,3.4355868136862897,-0.4332470247043969,54.454232822603856,-0.009360885156810217,1.0685478185272048,-0.6139155389789328,15.021239981660589,0.3266533486089662,38.85904603708797,0.6081313411799834,-0.4019117739854372,2.641056219603836,1548.8838644937127,48.83759498999588
2024-09-19,3.4252550186694446,-0.4333074761468232,52.8208464589923,-0.0022061042082444082,1.0733660788704857,-0.6034428519713246,14.983921770032884,0.31691645556454695,40.096762553852365,0.6107005921840913,-0.3966509645391866,2.6672659261271603,1506.842678562381,48.72150847490832
2024-09-20,3.3327761812540526,-0.4436792063032676,52.7797775747516,-0.012329158985939115,1.0721181145280925,-0.6029015637404425,14.993542533401154,0.31770911094518817,40.10384990360306,0.5803956666653445,-0.40252495637846686,2.665058589392697,1534.0617741551594,48.26150703832882
2024-09-23,3.2394657666910156,-0.45566009839607247,51.8950930252024,0.009336181370763752,1.0974651372319513,-0.6012267167890784,14.730446615010806,0.29603261944923376,39.277277642908494,0.55305367720014,-0.39948631331593343,2.6535678891570895,1557.6520264509504,49.52235628179187
2024-09-24,3.395347304410217,-0.44839355247722523,53.60687267094564,0.06020364853762894,1.1596835655458584,-0.6141317321775838,15.690760120858556,0.37515291774315984,41.48074624462147,0.5257487299820203,-0.36922225382371354,2.761945972666744,1603.8873023812316,51.02103273021988
2024-09-25,3.2855513443511173,-0.46191469130686336,53.322074658140984,0.03642518852479282,1.2079294197901436,-0.6121192654219354,15.273824232823717,0.3484945431770783,40.564821447626024,0.49746738446751126,-0.37114136211569315,2.8459852735938136,1638.4901803101995,51.28772064113762
2024-09-26,3.3304269821985866,-0.45628019541503717,56.188461945239766,0.07142166566139241,1.2188649342527413,-0.6066706402835842,15.823334727160212,0.36261514234774705,40.526875580611225,0.4354988661701662,-0.33795867503391963,2.8650338116518466,1693.850066625364,53.05329527228593
2024-09-27,3.51584523685303,-0.3998601968696677,58.63713152074541,0.11729731165716673,1.2946601911966304,-0.6264583681402596,16.54366862850539,0.504009190717646,42.30495446822704,0.43715832832431034,-0.3096116904319526,2.76370145002237,1753.7045285584484,55.246923843457154
2024-09-30,3.681593454646001,-0.364852350750719,59.71865442643394,0.13755956445517548,1.4402234920455648,-0.6370899485458777,16.861824096209897,0.5917422856323546,44.45035957633076,0.41683044145380066,-0.29709145762434863,3.042263542181459,1817.6688973075481,57.311393924785015
2024-10-08,4.4901041110522675,-0.25516242406564693,70.20475913031483,0.3340159716739919,1.7059536102355888,-0.6812624298055527,19.94655908324903,0.6612228689008095,52.29963149858456,0.32328804706999925,-0.30483006493960874,3.6729584371026647,1903.3816125305298,67.38176501420658
2024-10-09,3.6853774950700204,-0.3643389733284238,68.05873904949448,0.13847903160206254,1.5036728625977833,-0.6554753150724706,16.876261459274755,0.6606961216615113,59.98316706062993,0.38552958470105714,-0.32836188061978167,2.99931696300745,2182.521413815059,57.35852588400573
2024-10-10,3.6136498865963933,-0.3740701946208421,67.00153112944182,0.12105025914560397,1.5742833221931556,-0.6480327444214392,16.602596960678383,0.5740546742078121,61.22623242555912,0.3572873020869993,-0.2937008187978004,3.0773461935883857,2213.8196111935026,56.465125619008845
2024-10-11,3.49965786569778,-0.3895353914193974,68.40020915227863,0.045192160948460014,1.5293920484144983,-0.6435678919993794,16.16767978015262,0.5752021667937302,64.04358042085585,0.38666803631354574,-0.32107003097321263,2.9149476958232206,2363.68979068298,52.57663346037869
2024-10-14,3.521718842960386,-0.38654239811824254,68.86255679313446,0.10273427535500068,1.6002255888779144,-0.6470018477140087,16.251849689195897,0.6316255741635783,67.62449624268096,0.34514570000427836,-0.28369215213769106,3.12596548538321,2416.724480468445,55.52624683032285
2024-10-15,3.5719506714066487,-0.37972749031725117,72.55407316875153,0.04446612969464536,1.553357838151491,-0.645334933328978,16.443500692733537,0.6364140102682849,68.55421432595394,0.34481537035303433,-0.32154164221857207,2.8783574312611333,2383.969381444997,56.15419757916528
2024-10-16,3.5138897027574956,-0.38760457065494014,70.42895775816255,0.04746399163092785,1.490375193076995,-0.6442699852975015,16.403877302835266,0.6326968509946955,68.99796618328656,0.294504516964851,-0.3195943081420326,2.859030017530184,2315.063133728931,55.42837433383476
2024-10-17,3.552800558105247,-0.3823255692756391,71.94123380339695,0.011182857687297654,1.500913369103451,-0.6411493828083181,16.553903067046328,0.6298187961026307,69.5340261382334,0.30131146150696586,-0.3431616004208543,2.764104013451996,2335.380543229124,54.996233323852934
2024-10-18,3.6775575137624825,-0.365399903285878,75.05685041665105,0.0707751984904672,1.7123908132935788,-0.6561658524431837,17.03491941700441,0.6744794898184401,70.80208140464651,0.30529436072784844,-0.3044519472035788,2.8572134267206395,2393.1735852850575,58.29627603577238
2024-10-21,4.036962495289209,-0.3166397468654948,76.49793615171123,0.13095370878324197,1.7277139271947473,-0.6538988127330769,18.537503074467597,0.8031398576138957,74.8374216898377,0.30835621379141887,-0.26536153334889,2.8790039889025647,2458.090068000614,61.6287790324541
2024-10-22,4.310802406213786,-0.30500997550062414,80.71119522450977,0.17299840590376814,1.663338483425497,-0.6519801868957611,19.599680548809438,0.8338266062018436,73.19387263487668,0.32009482852617843,-0.22542211897809528,2.841386871136268,2500.3612382047004,63.95708657059453
2024-10-23,4.651986541385796,-0.25854503830185116,82.41584051141575,0.25993327020318446,1.673555019113747,-0.6455275111618344,20.92307457767444,0.95163790792912,72.65549331880943,0.31777518061012544,-0.1756605831034751,2.921525241491433,2550.891092769523,65.95333329668259
2024-10-24,4.366148664512437,-0.2884721420337545,82.0718868674912,0.2036030139178191,1.6541634181098872,-0.6470303859276241,19.81435907633103,0.8728645863723519,71.37705952451667,0.3142696406188217,-0.21734989482128975,2.9053553762921664,2561.413461601095,66.06987973712326
2024-10-25,4.911161259703136,-0.21620585411198723,90.50907850708458,0.3418172730608111,1.8306851060379876,-0.660085742239227,21.928368315851973,1.063081975504692,73.51364998716524,0.29473482795248107,-0.22151338704027412,2.9363993508246033,2821.664844477325,65.7130856594556
2024-10-28,4.838434868096581,-0.22584905575856862,89.3832210339634,0.3141091915565144,1.795939527034173,-0.6599728466714292,21.64627526851702,1.0376993981945755,74.13557337367975,0.30285228768885997,-0.21933098703436749,2.92093645556749,2831.8152968856352,65.90010832126312
2024-10-29,4.597267182165512,-0.24996190809957497,87.56989284261009,0.28364837758548034,1.7994268812993939,-0.6603969599728743,20.710827682844663,0.9742301935523605,72.62815361353653,0.3115795764485467,-0.2171555498433887,2.931862662253347,2948.830134809617,64.55791392903238
2024-10-30,4.6708414948199115,-0.24010289381988836,86.35172391677717,0.30193691554084756,1.7961616456800318,-0.6600008489152334,20.6969834430392,1.0001808270999235,71.66033474446608,0.32813818235847036,-0.22982158779797446,2.872582435163226,2933.5026820060602,64.51610992713813
2024-10-31,4.963230269059533,-0.2009225739983599,87.47561217579613,0.31242565590480664,1.7244025857271046,-0.6660665555792872,20.976142042942655,1.1033102164202844,73.49225813129999,0.356578986984571,-0.19011116349934576,2.9416706932048204,2962.8965909599424,65.35905593234644
2024-11-01,5.04645440639932,-0.23975945037499546,90.79590687383505,0.2383401323473331,1.67379904375615,-0.6661825425876899,21.054508364335415,1.1108105631183802,71.89481812010256,0.3755116980876221,-0.22050450629409246,2.8811442021149425,3074.125096697166,66.28383575454806
2024-11-04,5.0225547139820135,-0.23623585391876067,89.6890796122281,0.24407964585276853,1.7053299876641965,-0.6673521006879413,21.352470203696495,1.1393281336549612,71.0352013786352,0.3700747420980246,-0.22358560164156271,2.904771098058004,3052.114215524412,65.89998469190482
2024-11-05,4.912815421641605,-0.21140065854442813,93.72932831002095,0.2618643276841266,1.851069700065369,-0.6751189130732246,21.940992143592258,1.234636386237399,71.70662506430881,0.3613760847285854,-0.212486406272423,3.078730811968043,3151.3918373291876,65.27642518997123
2024-11-06,4.875330352328444,-0.2489291302637694,89.21644635887094,0.23966627304373556,1.7230548907803476,-0.672156841020261,21.795554713317035,1.238597734392763,75.55967865284336,0.34896386925524725,-0.24996320859418497,2.8844210771339704,3160.148464865809,65.09488542366144
2024-11-07,5.116330764687134,-0.25991653870225506,91.64457298966484,0.1985046378691071,1.8429253730240287,-0.6780897868623361,23.344136458394765,1.358459741869746,79.4719779893194,0.3224673634458275,-0.236539425397018,2.933214857681829,3140.266906001843,69.5849421166136
2024-11-08,4.966729226582396,-0.2490222997974516,93.07722221365655,0.214938674280853,1.8200283791776024,-0.6740187370141999,22.791340823907248,1.3095805209034475,80.65654837793538,0.3271745821532106,-0.22530106873986622,2.869664047321626,3134.763994253135,70.67646274524392
2024-11-11,5.005913614760366,-0.20367250635282652,98.54696392701518,0.285640745913595,1.840127868777469,-0.6771754057866461,22.94758205737316,1.3298144652686514,75.72549969121455,0.3431584208247651,-0.1785188054250657,2.8972447173774363,3157.113860040127,73.12557265819432
2024-11-12,5.111604151158188,-0.2053628265917149,96.64152600915828,0.3082651239460328,1.755151190572363,-0.6773624162516669,22.231069960628822,1.2601063735065874,73.83209845846365,0.33650010120392504,-0.1802625180309141,2.7806390835692354,3202.5662518254358,74.27873142721603
2024-11-13,5.12415858919742,-0.21119615766570476,96.10238824094019,0.30552016283386285,1.7463663691256777,-0.6772724331257971,22.15699750960766,1.2529000063897087,74.08924109971825,0.35583887646061085,-0.18628010729819544,2.7685844858334883,3192.3516553955874,76.81481235002539
2024-11-14,5.0903157791321885,-0.24118401573938597,97.03220067190765,0.24477879292746918,1.754560355757794,-0.6756002631466387,22.226088119719552,1.2596216997309102,72.46978643218522,0.3543358389063014,-0.21721519577578352,2.779828335614809,3208.8975824224212,75.1365751056763
2024-11-15,5.008972942881865,-0.2692824409484691,94.97441713901449,0.21089904958382744,1.6907429369559126,-0.6750463655886472,21.998197935917123,1.2072709773936334,73.31610497852033,0.3489540101895021,-0.23535068719041352,2.6922575959180244,3221.652999868227,74.49559533203404
2024-11-18,4.9765873904662685,-0.2780432479864887,97.48910142728045,0.15977074383617174,1.7015933430265755,-0.6667649987283024,22.693527865106162,1.1958110122343406,75.26330660917904,0.330504843098973,-0.22269003796430875,2.673087705206047,3182.2128652652877,74.51051448707554
2024-11-19,4.979394495784164,-0.256401820729551,94.2056843223524,0.19843503301052734,1.711515138801679,-0.6663546972674419,23.366959874000695,1.258221702172138,75.51968866466864,0.3410171442371033,-0.19938933892302657,2.777486461112954,3196.6620599531675,74.81047868389824
2024-11-20,4.9613371455163024,-0.25700553167479057,93.83865038039474,0.20305520183213566,1.707818498307541,-0.6689822800480247,23.253238144478892,1.2476824769695432,75.274188142694,0.3613136794618381,-0.19630285003320902,2.7660787180365416,3209.5173308663175,75.14253995420145
2024-11-21,5.113433256348177,-0.2371528374726728,93.72426703891186,0.20238141821579858,1.7801799035133845,-0.6686874923414663,23.95260249138738,1.305029302822053,73.19343579349464,0.3622837346594652,-0.19675296900640304,2.866720156272996,3297.099927823598,74.47242733805936
2024-11-22,5.004535933398752,-0.2675917364140923,97.49991672478323,0.1758221267524569,1.674471073586039,-0.6717704596380656,23.508126940908177,1.240866589979173,74.69284841334868,0.37496021413295666,-0.21449581806413354,2.759086272952306,3377.849871285133,77.3388677750868
2024-11-25,4.962860067754384,-0.26855357727229956,97.03760347676518,0.18243903367243108,1.638719079217433,-0.668664610053241,23.39309707950689,1.2735922707013185,72.66272708948357,0.3714929753956764,-0.21007541472347213,2.7088352784326712,3440.161500087732,77.03432593579986
2024-11-26,4.7618235716040695,-0.2649714297471223,96.64832315292095,0.1882298488661771,1.6475848236897632,-0.6651648602441331,23.296238808864597,1.1969386148075678,69.77476352948959,0.34947639219000126,-0.21054391686885898,2.583792724909261,3428.5996560141875,77.12666292069544
2024-11-27,4.853660983821708,-0.24806845033101543,96.12684461123693,0.2014103494787549,1.6819424876165159,-0.6711906729595939,23.071592282263897,1.2271469883830535,68.93227449851372,0.35769814640324493,-0.201786834729202,2.630299543094589,3463.6225642114887,76.99448406553243
2024-11-28,4.848668540947642,-0.2486663106567789,96.20407010734124,0.20045510882788542,1.6724709444086554,-0.6721354579414669,22.694919470809317,1.1997987160396248,68.7850159671746,0.36567847334456904,-0.20174071724620557,2.617478783835707,3407.0667738104585,77.28510925192445
2024-11-29,4.971486057221645,-0.2427225827971744,98.59218019095063,0.2099517926259753,1.663990037283189,-0.6722734146532652,23.00504624807236,1.1702251363091274,69.04793515056137,0.35868692317640827,-0.19542576557374802,2.6934430407078556,3408.500798004572,77.31804955155965
2024-12-02,4.893431279242298,-0.2582403595607107,99.48368144574202,0.1851580230164669,1.6575020205317004,-0.6666388895184134,23.078761475589555,1.2014735958219602,69.33651372023577,0.36257100342283977,-0.21191272672681738,2.6844478417831557,3410.737183341063,76.99526066205357
2024-12-03,4.869575389688358,-0.25003333723254995,98.93157237104316,0.19827092081653408,1.7003612320187482,-0.6735280208690775,22.934410950966782,1.1893775665714839,68.84300577962242,0.3598742178181902,-0.1956263736680507,2.7102993401091613,3379.652001412713,78.0598404878875
2024-12-04,4.979929350628879,-0.27439117287129366,101.74323594907861,0.15935280940044616,1.6682194704121271,-0.6784813956124011,23.60782686883806,1.2937035803972714,69.63144005943684,0.38641230449254227,-0.1799289387623364,2.659551553063238,3403.133994803194,80.34071528930261
2024-12-05,4.9958330247345195,-0.2895169889804753,100.79348414146226,0.12842612086873006,1.598741563540417,-0.6699046227315129,23.31188737606642,1.2803309852570188,69.16067400250712,0.3911452428489499,-0.20180500796157086,2.564260298046394,3505.5631079426275,80.84471066881802
2024-12-06,5.071355565571809,-0.2930812850223793,101.08600924140258,0.12364127512653056,1.6684544519811437,-0.6685049250187136,23.74008195860744,1.2484920710614351,69.97541841412419,0.36772375379249733,-0.21524351509592132,2.711146806422915,3549.7312084260225,81.87561337713281
2024-12-09,5.1626025414128085,-0.31867005227399714,101.83610706370432,0.10598790194283181,1.5907118941582357,-0.6632968515910587,24.111902985460574,1.2822848706217584,67.95146783464669,0.3957439641155054,-0.22757271605445617,2.643436127507825,3575.8209318544414,80.12125974273158
2024-12-10,5.212633356127763,-0.31376120234835125,100.25622163183435,0.09940114676140399,1.6352028419588733,-0.666030361130054,23.842047978742748,1.2472218103657058,67.40595792980925,0.37737549097822787,-0.23217293763542202,2.7459468678647188,3482.575496712967,81.36430200164634
2024-12-11,5.14471639472872,-0.3199936725575647,99.34781286017706,0.09093409648401618,1.5670048264384446,-0.6680293928589434,23.61918034724181,1.2270611133586788,66.08198796008273,0.3792770416272506,-0.23808636637845282,2.649003232799632,3521.043777384414,79.71585091342479
2024-12-12,5.1797047234738525,-0.29024515426993924,104.30915573486709,0.13865964198285008,1.7297711054817366,-0.667496750836871,23.485831672690075,1.2149983377738143,65.71864141261025,0.3835212068889797,-0.20475461526279792,2.709513089540504,3714.2557719318715,83.70656082916412
2024-12-13,5.246103530581414,-0.32895582486688546,105.44066648355039,0.07655611625419434,1.6309489167745381,-0.667864311103668,23.74892353336222,1.2387977349868802,69.35753639999525,0.4582483175612957,-0.2481280171035961,2.5752226350001033,3754.1749205634724,79.996731398319
2024-12-16,5.328910963092001,-0.3372199918586287,106.85179876194829,0.06329791381328587,1.6249554920211646,-0.6722675848419246,24.077031257668192,1.2684784937890843,69.29125468088345,0.5003906910944766,-0.25738760962123697,2.5077868762754623,3768.290458277898,80.07303598307585
2024-12-17,5.445109897923821,-0.3560281042386668,108.83195999488677,0.03312406063303919,1.64332793796068,-0.6782847586927356,24.53744606487251,1.3101278053696035,70.58180355564917,0.5158966685345037,-0.27846117418487015,2.501721025023097,3704.1494417258814,78.6934376208715
2024-12-18,5.5486795743057975,-0.349599546556132,110.59690438423425,0.04343739520665779,1.6545654406268904,-0.6834545609082223,24.947819986566696,1.3472503980006785,69.7992468497185,0.5282092405590304,-0.2712582915863102,2.4532092313079117,3623.95064817798,80.430825862277
2024-12-19,5.5314926725463724,-0.3481088994885767,110.30402014542781,0.04582884017737787,1.6464010184144144,-0.6826237926132809,24.879720360081667,1.3410900779640267,70.37539907848088,0.5208170566353489,-0.2695957832346152,2.4425884879949273,3588.3801246827575,81.2905092913708
2024-12-20,5.634484014638757,-0.36665755356784147,110.75215084629438,0.01607123592821713,1.5462372024610351,-0.6876283150380462,25.287802748976286,1.3780053776017556,69.31928648486786,0.543319964735772,-0.281801839129715,2.3122897172057044,3690.5109410714094,82.96362614380014
2024-12-23,5.782556775420281,-0.38490145130171627,111.54298698622958,-0.013197447740518897,1.4961306390998592,-0.6946000309514822,25.874511153025853,1.4310792595551778,69.23916857089864,0.5723207740360607,-0.2968131496141525,2.2471082586890647,3716.6346464413473,84.0712395379941
2024-12-24,5.777572551492534,-0.3820431141514906,111.14747997724065,-0.008611817680051481,1.529481862367747,-0.6943756049888745,25.85476217252032,1.4341691292482586,68.98844471974999,0.5705595875378913,-0.2807009050327134,2.2598112673144732,3752.145521414698,84.88384067779504
2024-12-25,5.864967062576105,-0.38442894757690727,112.13807479115368,-0.01243941005276894,1.5218939878625988,-0.6983165284351794,26.305813219453455,1.4655569188040527,68.16711674407101,0.5723806020336846,-0.2948942536237681,2.2500325694811956,3785.2969260662235,84.22265555927973
2024-12-26,5.885615226781979,-0.3886425922203728,111.90029760796378,-0.01919935981575538,1.4675942442050491,-0.7019230071977083,26.387942515922155,1.495031449242696,67.7737715501295,0.5639119041922371,-0.2950079388323332,2.180055030278175,3787.483391168753,86.04387251372188
2024-12-27,5.949200086830861,-0.3869470402830115,113.04413805668317,-0.028603373084531536,1.4571152984626603,-0.7037089147132727,26.665421292512228,1.518071688973286,68.06582792133626,0.5832442330737106,-0.2965113575666072,2.166550531230832,3797.6410803853073,86.22789122198127
2024-12-30,6.03907017594382,-0.3847580421443837,111.18149826000969,-0.015344310034856479,1.5199133788750538,-0.7075406803705251,26.62418247663548,1.5300656720903385,67.89749947311248,0.5637272168586922,-0.29399944517074594,2.247480105441109,3894.7254004304878,84.31001210138564
2024-12-31,5.956971269668443,-0.3769527019088923,111.54521821958753,-0.027685676068378906,1.565085532743852,-0.7018982301369627,26.091226046781447,1.5621636510019732,66.1845652397119,0.6222039745539387,-0.27644681222448386,2.3056946743380506,3944.1489838291054,85.32742405802317
2025-01-02,6.021346876590114,-0.3791463330034087,114.14601725299157,-0.048802529654458415,1.4854705379598832,-0.7052059528311838,26.3419118770676,1.5757352950791788,67.46268849807282,0.6319026633117313,-0.2878351225069097,2.3034409694178763,3922.9897076045777,81.46062163554565
2025-01-03,6.082689288818388,-0.388168501136255,117.35488228337306,-0.08490592992923118,1.4493519897821963,-0.707589418801194,26.562976437698595,1.596560605096581,67.24070683283118,0.6662027685629366,-0.2927129641335747,2.311387019622385,3957.271875748973,80.516220237312
2025-01-06,6.185618236697933,-0.38457535330098336,121.5900212802316,-0.07101977774515233,1.450394134977396,-0.7118388659030392,26.59705297861633,1.5997707737772004,68.99861186435729,0.6409990577189268,-0.2955381247532298,2.3126365787233705,3881.5865547916624,80.99494653831019
2025-01-07,6.292176677637253,-0.3860968506991802,122.81399162625947,-0.07580798990792492,1.3567867151293753,-0.716112123982888,26.970004074211218,1.6349045019737245,70.14276071106752,0.6226345706458309,-0.30035523371065476,2.318214167708529,3861.5746667887647,82.0728253494272
2025-01-08,6.35209531838895,-0.36736099890304763,123.01956987278218,-0.07831644120782844,1.3347556186300165,-0.7184447849164877,26.40249319340538,1.5814423369062154,68.0896623899147,0.6555667203244298,-0.2957139805924892,2.3777307798833576,3831.8808984398984,82.2107577877947
2025-01-09,6.412485839489026,-0.3576587025560839,122.27486446559168,-0.0845624835336597,1.3548905817718384,-0.7207574951604381,26.237948316556,1.565941444034094,68.55453624560636,0.6556465458718321,-0.2849128891936554,2.429587634678779,3837.8321431002314,81.04362143902947
2025-01-10,6.529127068099304,-0.37839652641244503,122.86114308855039,-0.11141731877542949,1.336790169080032,-0.7251515931121912,26.666558613460843,1.5781447153410433,69.10047276027097,0.7177195382500237,-0.2845768938786596,2.403226770173688,3965.216566473883,82.51563669195886
2025-01-13,6.4729854668765,-0.40255294118553797,126.24485737420727,-0.10425766791360436,1.2987823239772607,-0.7231021616818736,26.460260474667926,1.5969117036001377,68.97023196526106,0.6939551430018949,-0.30034657108967433,2.347873355202206,4042.4652240739247,79.86230198915305
2025-01-14,6.478530602150759,-0.41224376536329144,127.48450504698809,-0.09262649431988434,1.3397022683381978,-0.7233076265496201,26.143368574233765,1.5669432957704768,70.10517640200746,0.640141591493637,-0.2912616030183959,2.337041528202273,4022.992908054772,79.47288939101959
2025-01-15,6.5888670780129885,-0.4060580728048605,127.35035404925227,-0.0914333019663095,1.2708769686072205,-0.7273898805388852,25.87503812904485,1.5415673356922337,70.87044690267221,0.6215847620507899,-0.29109273453422224,2.2388782334526516,4061.0096567694336,81.94592266642717
2025-01-16,6.513913011266484,-0.40205180599680834,128.2746443267358,-0.07689146818353654,1.2778802936747211,-0.7292286947783411,26.427989418069732,1.5938598358057767,71.35522861738598,0.6089600386867096,-0.2913916436304941,2.248866849056443,4027.6724563035227,83.01768953627892
2025-01-17,6.4602498089396185,-0.4063222593368543,129.6629171200088,-0.0778991906538049,1.3252021463448833,-0.727294888076742,26.365519004822268,1.5879520204942383,70.01082782569607,0.6435189017040193,-0.29924455797269833,2.316360474073938,4109.372381123701,83.01390295129515
2025-01-20,6.387788372223429,-0.40613570436604096,129.42540255097208,-0.07957535387721681,1.4536626412979077,-0.7246461022162297,26.550631444696833,1.5842123433587325,69.88174677852741,0.6434209912500117,-0.2994647606215103,2.3113742278965432,4163.974289801885,82.86118536016528
2025-01-21,6.404169158598025,-0.39040945791135206,130.60847125061773,-0.08442344383883582,1.483457797411643,-0.7252566385702442,26.80053897099299,1.5626346981913013,69.50839618815964,0.6911057982066093,-0.31801578297738375,2.3515846913932643,4274.267857946011,82.41946905820974
2025-01-22,6.378202633492721,-0.39632690712902185,130.7200819278239,-0.10499670905405234,1.4014401454289165,-0.7242931097475949,26.824115241971327,1.57436115245571,71.52990873246833,0.6855587479898619,-0.3333401619984302,2.240896638994779,4292.886926880498,80.54500989966287
2025-01-23,6.402417449617666,-0.3943456884407345,133.55143805205103,-0.11955983034998419,1.3708605260163647,-0.7251979631358084,26.915432310353964,1.4855845793778255,70.72539683566657,0.6836257239645802,-0.3441877736018265,2.2164135353632526,4160.003245773583,82.2978402942422
2025-01-24,6.3830310923523275,-0.3975310023693629,136.22994132390158,-0.10203298775939118,1.3881374008462464,-0.7237526985039338,26.442072324288052,1.5349630307760962,69.11266180906662,0.6284443298238935,-0.33113257910106186,2.239852102685886,4264.549386875854,83.95604284485265
2025-01-27,6.263319327777214,-0.39503006851978106,134.35080555181617,-0.09127582362152964,1.393152979381869,-0.7248994400456301,25.99711430359906,1.5251405863589635,69.43923716491541,0.6753979006415298,-0.3171745386832394,2.2466564568487013,4222.408917418487,86.08158468927378
2025-02-05,6.644345915463886,-0.3869479164727615,139.64294400804005,-0.08484156854717206,1.3357452435145958,-0.7285746715539652,25.995958421603106,1.5296134833193467,69.56400940591803,0.623273459325967,-0.3335836142155748,2.2016492620960793,4280.956469397767,86.35946902334567
2025-02-06,7.379066644575106,-0.39013285288039656,138.69938351924392,-0.0671584095485106,1.3448243738439802,-0.7271645590468054,26.083219955867335,1.537790187039311,68.31184624673502,0.5810173484686634,-0.26953236139815384,2.235777864447466,4363.694621035078,85.77338243454442
2025-02-07,7.534379717619151,-0.4013947615814393,141.28882951330104,-0.04894205640372995,1.3075906672410467,-0.716729123137798,26.61209592373136,1.4906426715785357,66.94072429655634,0.4912166739042103,-0.2560434238584721,2.2441490310619567,4444.293801630699,84.05683763318794
2025-02-10,7.711143701243726,-0.38899645613189904,141.0765962187845,-0.05036062285997245,1.3123715465529076,-0.7230354987167438,26.570910638094773,1.4869277116518802,65.32684195812864,0.4979301717092537,-0.25715308479019705,2.21506029042769,4493.362420536785,84.71216238967533
2025-02-11,7.745084531529528,-0.37327514227342395,141.63016275438852,-0.046660586442524354,1.2762583745227989,-0.7301618826731517,26.67833391463411,1.5500260933381145,66.53828159503365,0.5300993704858599,-0.25425876437233175,2.140847075640071,4605.968496659246,85.04611876289894
2025-02-12,7.723266565762762,-0.3681277873785592,141.19398775897375,-0.04957597829447924,1.321671095305898,-0.7323780905304271,26.59369124904946,1.5422278997576684,66.72841547672925,0.5184460873441163,-0.2565393035917297,2.2035088599370134,4594.474647676279,84.78298251785732
2025-02-13,7.775442717342191,-0.3698158503042721,136.63579143420728,-0.08004294353671726,1.3011320857246278,-0.7249648451036035,26.758736373647288,1.5574336334409438,67.82441484540252,0.5406651458975016,-0.2803718148489621,2.175168541060251,4781.526744025951,84.4093342440899
2025-02-14,7.4774379102721,-0.376492217539772,135.1776349750086,-0.10405809313006142,1.3487742427086316,-0.7220510369768083,25.816078875446028,1.490672744059598,69.88150808499964,0.534032211855969,-0.2991574509790098,2.2660139399577024,4656.680595626919,82.1797541521396
2025-02-17,7.507853681506367,-0.38196350017831093,135.66621983242226,-0.08999437004453914,1.3365560482993524,-0.7196120340027183,25.912290930209334,1.4996089029798476,68.61738877024777,0.5095403268295695,-0.2881562292921961,2.2490243150988225,4697.551756654229,83.48543816998443
2025-02-18,7.3772782689549175,-0.3821563925944883,133.56871690107118,-0.10653612863670137,1.3165572769116949,-0.7195245234556166,25.499250976483363,1.4612458238834893,68.89317620905567,0.5394851285001168,-0.29908134595639024,2.221215654331667,4696.085314136454,82.18878670457248
2025-02-19,7.34981948614951,-0.38454527087384405,134.92597160131592,-0.08635992341972998,1.3300517458521584,-0.7159786646365038,25.412392553770374,1.4531784286819733,70.09638145519817,0.5273995959432796,-0.29867450379344285,2.2399799624846097,4861.536939780889,81.91611308043953
2025-02-20,7.4132264142922075,-0.38169735108732794,135.95816736654743,-0.0924939700429992,1.3247633121583218,-0.7172929286148193,25.61296319838271,1.4718073952849848,71.81584909372037,0.5374045076773051,-0.29334877245082214,2.232626297815376,4916.68392927705,82.54576214443237
2025-02-21,7.286614169921766,-0.3989835706881184,133.89705785858467,-0.10423917868874888,1.3512913477502804,-0.7093891350159165,25.212459653848224,1.4346086956949162,70.14543570061434,0.5137022555147499,-0.3039833011680261,2.2695140209807647,4866.721667771422,81.28846608084658
2025-02-24,7.457704795240151,-0.3953837202104643,137.63383760916545,-0.07942573240922746,1.401703885998061,-0.7111297790484303,25.753658510383396,1.502049725314686,70.77738608082164,0.4804070094530175,-0.28470296142193663,2.3396135859674914,4774.489193652592,82.98744528146689
2025-02-25,7.3186467546386265,-0.39697515446102194,135.3544781037533,-0.0881801108683552,1.328252649762049,-0.7121511674581874,25.313786060180366,1.534429676126864,69.8484883825829,0.4604411991495416,-0.2934118725964078,2.2374782861622218,4679.087407467539,81.96487820614239
2025-02-26,7.41303570468321,-0.39568207412582945,136.8658413671043,-0.08150125221995452,1.3069648286959197,-0.7142595900617837,25.61235994018474,1.6935051811225001,70.32214397456103,0.4743257314822569,-0.2490623038356683,2.2078771780228865,4773.753106842879,82.88446713943539
2025-02-27,7.21053188982447,-0.3932648266546629,131.01809071000812,-0.1036097403920535,1.3249284528929381,-0.7177920591268203,24.97179396620683,1.6286718565455631,69.67178953485833,0.43383404486741606,-0.2671375567565445,2.2206483140917435,4885.880381367565,79.32640342350291
2025-02-28,7.196607595976229,-0.38538642134451484,129.39459140240672,-0.10512993439957574,1.2690797260121314,-0.7266429855187955,24.92774823374952,1.5820922953176582,68.80269954302665,0.4381914460637304,-0.2778965802138421,2.1596669881563804,4807.5734899852505,79.97915144367477
2025-03-03,7.057518416934242,-0.4095850873504726,133.94828825690618,-0.12031508768600518,1.2803181281984082,-0.7145885960424294,25.39323743004664,1.6438007497012386,65.97245195028604,0.42295859290965887,-0.26493242546005114,2.175316331800207,5004.089020353902,82.80714072791659
2025-03-04,7.566657288943846,-0.4120488075790637,128.29797841075867,-0.06472951396418591,1.209528453516762,-0.7223303674293307,25.955884877387746,1.7001609346554525,63.95216727941771,0.42130987545901544,-0.24926235483933645,2.076742537486233,5117.7198619337705,79.2981202093982
2025-03-05,7.450277684850322,-0.39200576693847156,127.63874513833858,-0.07743533435759453,1.2191583148757998,-0.7237460822207076,25.63735998880896,1.6065291406494095,65.32208595318468,0.41947082701092886,-0.2616536072517941,2.090152006835355,5199.581677415977,78.92160944579288
2025-03-06,7.377456330185236,-0.3912030074124666,130.492238133966,-0.08538565400669518,1.2431489018800246,-0.7276941618074128,25.708784456289777,1.6135181949671922,64.75054684838297,0.40402240315632065,-0.25967383155553225,2.1235586187383064,5372.927689953597,78.11471369810153
2025-03-07,7.688469407948892,-0.38731737884077566,132.17649664033374,-0.06135492689210287,1.2628094501607516,-0.7340674173854317,25.11155510350388,1.621017407169799,64.17426241193141,0.3908028443736602,-0.25822429666456426,2.1174507743487276,5349.137000774227,80.03868477229543
2025-03-10,7.76980336209318,-0.38659113774414156,133.37065691001703,-0.05305348782788055,1.2287082408423249,-0.7371209862840482,25.818391248299545,1.6455531107093768,63.19206695374757,0.4060801555768714,-0.25128043253755994,2.0346737615898456,5487.538338859764,79.90712740885917
2025-03-11,7.810412434001238,-0.38469059019902463,133.0170556160649,-0.04220512924795705,1.2380433014538883,-0.7397356532202616,25.747817671707868,1.6176681660534138,62.45667318931694,0.3906629351045474,-0.25719366489382534,2.009215096418311,5532.293542340838,81.16889330029511
2025-03-12,7.698183512383999,-0.38191403472972973,134.28548574390928,-0.05615835641660172,1.2074126969084342,-0.7386807576308168,26.000977522391942,1.5790927801775307,62.392396539394866,0.39230585405292895,-0.26726251827120073,1.968029978350791,5563.87949434396,79.95800767042094
2025-03-13,7.53252943188382,-0.3726421398233315,137.71037022302133,-0.06360423799175963,1.1405170717451334,-0.7399439659967165,26.89815633057597,1.6647899511335371,63.91274862691661,0.39045020882819625,-0.28121726567460814,1.8968471422419135,5625.959984992762,81.58833833521277
2025-03-14,7.34600009735691,-0.35454222009612,136.32372865950114,-0.05652194226285423,1.2437294300219097,-0.7427754035669007,26.619267715028606,1.5013328107565145,61.48951513062495,0.37395349384817944,-0.2943298644357293,2.0075697239714665,5523.308564744968,80.08169704957622
2025-03-17,7.3888537905064435,-0.33236083191693755,139.77343969869807,-0.026837851431350868,1.2349711769088012,-0.7482330861258426,26.761082669481997,1.514176250426611,61.68032873437084,0.3611094834834967,-0.29637839066969784,2.0112726527357627,5544.872346918328,79.84632080913502
2025-03-18,7.579207383951779,-0.3262785309396671,141.05590853933174,-0.017972186607825624,1.2073108748848442,-0.7505474710303667,27.47471141652882,1.5681774218080027,61.88169061143731,0.35700596557050135,-0.3009367981596117,1.9740047398822482,5521.926957284237,79.98015908400065
2025-03-19,7.153721019458898,-0.3573059213612897,134.51370328335904,-0.06319823590310614,1.2574510927191147,-0.7531120625403138,26.06250619774996,1.506130913584229,63.74985515428496,0.34426929391869865,-0.2984611837529426,2.0993407160935016,5480.774368275033,76.26222582211193
2025-03-20,7.155939715618834,-0.35782993209040925,134.40321427027584,-0.06396204280869433,1.2184309598986518,-0.7511048378981741,26.069870133606475,1.5494494870979238,64.3088942503905,0.3495610713466104,-0.2928015242672757,2.142543759839853,5451.690252447264,74.6878032542276
2025-03-21,7.373614242128557,-0.3563965551894134,126.31213973845753,-0.06187272838352831,1.169785425340112,-0.7501399749922648,26.558516952259172,1.6174919480913212,62.26539012633525,0.378390091344609,-0.2912229985617184,2.075413447014061,5379.504750238815,70.1650475679618
2025-03-24,7.331831762919332,-0.36220421801514957,127.73635391156586,-0.07033807599020525,1.1837915916999568,-0.7525130273548779,26.642361928864947,1.6263095882696104,61.595281093008786,0.38073678406688005,-0.29761876582520985,2.0952655263308118,5436.495228441685,70.96115601122916
2025-03-25,6.929336641997735,-0.37526947595128857,124.85136799778137,-0.06854846282559435,1.2943594440393422,-0.7530879441508301,25.307011417272438,1.4994375119498953,58.571420800392374,0.3953638609789789,-0.2962666714016443,2.2519823407774333,5426.027968471139,73.73312175624991
2025-03-26,7.053327874550801,-0.3621928052399237,123.4986604970597,-0.04905160047238777,1.2514924690468474,-0.7500751781489281,25.356723424560336,1.5385212779429551,58.6445808423893,0.4095878166801348,-0.281536337837895,2.235929589412797,5481.292724904163,75.76858934118748
2025-03-27,7.0632439783848024,-0.3788153450250563,124.01212366498459,-0.07383523059544095,1.2683752874500835,-0.7492770717860112,25.37306188061345,1.5304148002857123,58.20812373300539,0.4052363549306235,-0.28973067978293243,2.2601942104918282,5444.573780043711,77.3246395397033
2025-03-28,7.141088399784261,-0.3800216329430851,124.7183749995097,-0.07563376403069089,1.2603441476362867,-0.750881468605421,25.541825291685466,1.5466071345340633,58.017652338052756,0.4073237742189435,-0.2805886528296454,2.248651554534743,5428.068918442254,77.14334323098089
2025-03-31,7.176981858323908,-0.38302116788675034,126.90112423731476,-0.11762883744294939,1.2679184940615928,-0.7552067176752308,26.00265012278599,1.5908218707006325,60.698895492673955,0.40072688351706787,-0.26767280630845114,2.273860755059043,5522.329570823158,77.82163631066547
2025-04-01,7.173701788712776,-0.38902668353520786,123.3546662037103,-0.09351629133026984,1.2748855422131822,-0.7505334745199078,25.487154155480496,1.5189832446387066,61.85201298540177,0.42730845894950686,-0.24736674821254678,2.2330191660709193,5627.773077549778,79.97559421508066
2025-04-02,7.209550367633227,-0.39036680991997696,122.35596749666658,-0.09832857666864525,1.28972139398694,-0.7516275957220091,25.603322675040644,1.5300311115635101,61.94012233346962,0.424398756935255,-0.2507665162579006,2.2375513870370085,5656.915590734072,79.5457159270535
2025-04-03,6.962101459896705,-0.4015531190948073,123.49543255629675,-0.08769575606364954,1.3706527395310077,-0.7491996943393102,25.849063171211572,1.5407515928095301,62.52151350329506,0.4582647097356838,-0.2739436222870786,2.3519842567778686,5577.702699907337,77.06452110278146
2025-04-07,7.3656107000577755,-0.3282733896478587,136.9522909633855,-0.07459628399478979,1.2176071177454673,-0.7466842635116111,27.20973976316657,1.5414035604185594,66.37779994027059,0.6008669842304808,-0.31073924198128433,2.159538643985531,5860.424302848745,71.20445023623003
2025-04-08,7.447618733387332,-0.3514907239358156,131.33137586191683,-0.0688757259172662,1.286758935119464,-0.7472890454681834,27.48627967897928,1.5663169248290285,69.12313233412348,0.6031679450421688,-0.2678890454991595,2.1859703096776393,5677.6470472660785,71.103872022697
2025-04-09,7.470703477689053,-0.31855470365622607,131.69299681940555,-0.02413093574635372,1.235267436901308,-0.739309058601695,27.564123921629285,1.5733298798257676,69.31475729148231,0.6108868342461777,-0.2853073504897171,2.0712731596292593,5754.214841317323,70.09744410108972
2025-04-10,7.370933500805435,-0.33300061961578753,130.13010688232302,-0.03332430277842946,1.2380947788955297,-0.7422655173069881,27.227688820239187,1.543020583401879,70.14294136474446,0.5540529224966544,-0.2778701652870209,2.096366938545379,5793.958066463693,71.06269904208415
2025-04-11,7.49499937667885,-0.35918582734515847,132.0419852122998,-0.07481396615300107,1.2338320884637937,-0.7451416565071998,27.64605230825736,1.580710773631382,70.01835788702611,0.579432443251912,-0.2834430493459489,2.0904695771616955,5631.126071982135,68.46431857756319
2025-04-14,7.458070610257925,-0.36191269616496635,130.6013146309304,-0.06856270916754836,1.2063275456771456,-0.746840276586875,27.880669367285996,1.601847325551256,70.49821165653304,0.5660560948108209,-0.2892373104024507,2.052417499230299,5677.254342672545,67.90261249742117
2025-04-15,7.680629870152911,-0.37146093270643643,128.51874542878306,-0.09644638513636561,1.231349287473372,-0.7500144327648952,28.640613413137245,1.6703103642059753,68.35782820205603,0.5903707350662846,-0.2865474808180133,2.0870346632455283,5769.021155357182,68.16336941144199
2025-04-16,7.541524969530576,-0.3644138017218346,132.56763231631336,-0.06820038590829591,1.2403289987042339,-0.7484432318741742,28.04634612494613,1.6275193152383358,67.30107406665371,0.5704421841534542,-0.2811440197589915,2.0762485971653186,5681.107593538045,70.32548624310463
2025-04-17,7.506803235556534,-0.3580442628187327,130.9715254396664,-0.07342154158123537,1.196217206083694,-0.7468153876933251,28.500190104172933,1.6685738360511584,66.50341239249121,0.5613414272658206,-0.28517198770671426,2.0815704376142623,5592.325675511138,69.9258279244152
2025-04-18,7.72061692297992,-0.363568145260441,129.91951208977625,-0.0786350756848857,1.2579584816085276,-0.7518042359206611,29.24166069555795,1.735646929932392,67.83352592579513,0.5936345379704773,-0.27761531271158235,2.0952880711699122,5547.73838093136,71.24166904818955
2025-04-21,7.582486231856157,-0.38428700598385546,134.18156012644383,-0.07151034550060498,1.239653764234348,-0.7505751312328479,28.762646248586883,1.702685424733529,67.27550935985616,0.5769418689483745,-0.2682147880961905,2.070195327527401,5565.5715403596605,71.04359749458938
2025-04-22,7.602531042001843,-0.39508567252238536,136.55243844824423,-0.07543914508308203,1.235407740421489,-0.7503373104090743,28.832158343027736,1.708997676773178,67.62361704703878,0.5854413107026402,-0.2644837275736299,2.0643747303087654,5462.696639523737,71.41091705522385
2025-04-23,7.511681035142081,-0.39889135963485844,142.4798893544137,-0.07985287726324264,1.2151919823124517,-0.7488717392157124,28.37469069966175,1.6803883690803278,67.29601690555674,0.567701683243248,-0.2715973942355754,2.0561969909342808,5546.480869850262,74.07571243864949
2025-04-24,7.701476347871674,-0.4098101829332793,140.61138741416946,-0.10546638210892223,1.2431618342444155,-0.7544714517277306,28.745586656299828,1.740156251199735,68.4746713419581,0.6016514976670735,-0.26286825492827626,2.096955195478696,5573.265364300793,71.73430966206966
2025-04-25,7.508602453229129,-0.4053505814547781,141.0769298009192,-0.09350070728088944,1.2064963943850646,-0.7490291514262667,29.1720368490671,1.7838297524923963,67.86404370848979,0.5853147903226186,-0.2660966634107875,2.0837350642233785,5640.583964435325,72.77707142483405
2025-04-28,7.535266488234804,-0.405866744943417,143.2137001286156,-0.08314304660003613,1.2405377498739907,-0.7498156372832048,29.63752459462506,1.6841611448177893,67.35788307119739,0.589667300166627,-0.2556961394661632,2.102011278528493,5561.633450357296,73.82260448029656
2025-04-29,7.330591368767768,-0.4165565898198982,142.6435009682336,-0.07765327612735806,1.300317294295712,-0.7504913748160578,29.516388455794573,1.611326898267901,67.08760633952816,0.5853302891760619,-0.2532701950337144,2.1847757046274965,5550.104200849092,74.06647729943
2025-04-30,7.360840572981587,-0.4062015749638608,143.25786219687535,-0.08547751827226291,1.2483301730851086,-0.7513973654021036,29.77590526958968,1.5568958801825294,67.04846361877865,0.6045523133705273,-0.24692759591826652,2.155860915568793,5600.503042681884,74.66092472041299
2025-05-06,7.117062096538891,-0.39720534271141994,146.49213242329694,-0.06546097648504001,1.1979224710213527,-0.7441488153343316,29.65065390817635,1.5134650507889607,68.33425571418826,0.5511264380038559,-0.25004476144588605,2.111877459078996,5763.827036916012,76.3572473499054
2025-05-07,7.200642029832348,-0.40418068754889,150.36718788277625,-0.08927014671611178,1.189991451208681,-0.7471826470091743,29.016984283155974,1.498453009443541,67.37014643681724,0.5529390164099337,-0.2568905512567944,2.1006485089645306,5830.535751110221,75.37197276064565
2025-05-08,7.1626765644717345,-0.4051870407776439,149.6664225393566,-0.10417990526044874,1.2061998471256885,-0.7493001920925471,28.87801848354095,1.5393557326504892,67.99164112531085,0.5333391554302322,-0.2658306745633511,2.128833860022509,5803.538234604494,75.01840318940742
2025-05-09,7.19211665811123,-0.3943100799320324,145.10417316411187,-0.10817698856768798,1.2483713150037472,-0.7521446555392395,29.449136235353077,1.571441947256345,68.21979379562526,0.5810399431902802,-0.3020952959381218,2.1886414594091317,5980.671014689756,72.71653057165557
2025-05-12,7.308032997789244,-0.38917188765546074,147.17150956466202,-0.13035938507284806,1.2276710059484843,-0.7454479675212539,29.879983666616717,1.5942592263793198,69.19923604051948,0.5307000267254294,-0.29222012421936705,2.1592842695020527,6120.382177550902,73.75960048316227
2025-05-13,7.176609023045243,-0.3859051720590594,147.36068703670574,-0.13033007163221322,1.2421688648292082,-0.745102188672284,30.188293406566178,1.6343253084264453,69.90011426772207,0.5171930360012702,-0.2897598459897146,2.1093078555717466,6067.080962253638,74.50600997717399
2025-05-14,7.303782900402542,-0.3825773756152261,146.04728520653762,-0.14876597919918144,1.2744485449640863,-0.7408532456193324,29.91219087254468,1.6337523128746447,70.92083712494662,0.54424514450957,-0.2960474329291388,2.1625106345460368,6172.230624815254,75.81440245246574
2025-05-15,7.409454596174536,-0.3891964569768174,147.91856919515075,-0.16503878435610708,1.3033925621156968,-0.7436516949578252,30.305571054650716,1.6672687326176732,70.65402579645344,0.6018583426522697,-0.2978351917934273,2.1286069284455094,6218.351431712618,75.49932927576883
2025-05-16,7.7672113885093435,-0.3923414256001596,153.2767711945266,-0.17858553843567526,1.3066462332796798,-0.739492594652259,31.6373792658296,1.8065139301242508,71.01842722123489,0.582294245326012,-0.30922740235588586,2.1330262611784283,6442.128368707985,73.91707337970212
2025-05-19,7.611934557309189,-0.3907817081084394,150.37481201079396,-0.19176686338999993,1.3055216143687138,-0.7378180508039563,31.0593358485444,1.7987595910658554,69.9628701653005,0.60801088578572,-0.3136676945710609,2.0972743537942193,6545.521932766532,72.66190301397596
2025-05-20,7.8816691393267355,-0.4031739870144675,147.29565481089944,-0.2021552725258552,1.2852265297351866,-0.7351403654534223,32.06346697579825,1.890099328954077,72.18549970288299,0.6169621097670013,-0.320677261650262,2.070009614764341,6516.658280717749,70.97852008229222
2025-05-21,7.875238895567881,-0.39873944587187227,143.0013015824762,-0.23496467438092727,1.2727531429812644,-0.7243325956873441,32.03952934101,1.8880069246006892,74.2518235779313,0.6211463487439179,-0.34034912458038946,2.0532526688926978,6451.586804884359,70.92640832015942
2025-05-22,7.940336609390304,-0.3929183194850695,144.51852720513313,-0.22561516611263033,1.315256160117857,-0.7258776925830882,32.28186623483071,1.9091897513963394,75.65911655956025,0.6461100488064746,-0.333398915108696,2.1103518971608697,6388.859860896394,71.45397099201479
2025-05-23,8.130068511757267,-0.3884260757643818,143.805322464907,-0.22157315174690073,1.3192968329042278,-0.7276609635444281,33.21535691453239,1.9756018444330121,74.76012399962211,0.6273336763756465,-0.31925230100655266,2.115780201157372,6430.4283550636255,72.99158980335989
2025-05-26,7.601534357931035,-0.38521643887209256,137.19040959694175,-0.19980888371860628,1.3031549514916487,-0.740250877264141,31.652350797883507,1.7897667400623094,72.24432299584925,0.6116928275911877,-0.35866037429683795,2.094094941297053,6213.830119336394,68.70826134239421
2025-05-27,7.40760475127847,-0.3801955601024275,136.1589766843581,-0.1954189060804068,1.3205690028944992,-0.7326591183915931,31.854443154722752,1.7323861478733313,71.69763813097205,0.66657797003765,-0.36833310899930183,2.09833924162805,6264.586044797386,68.62007753291353
2025-05-28,7.275687942658456,-0.3823235928626171,135.1221110682987,-0.18933660296191301,1.3092947770540877,-0.7314033665516486,31.338951118860855,1.6460040226611885,71.93551925408755,0.6918355544290264,-0.38352759198204467,2.083286305776217,6294.016714572798,68.3922667998457
2025-05-29,7.289993473944238,-0.38705705783042166,133.75378132494998,-0.18118763414776673,1.3226895822777247,-0.73662600916179,31.013872787814144,1.624904462666147,71.11742796131814,0.6573142011128437,-0.3780702791284215,2.101170562011043,6342.257574586005,68.8072642038454
2025-05-30,7.183257299220864,-0.3809999755464545,133.69530845979912,-0.18083233202131377,1.292784251005588,-0.7358417271287618,30.999981208312082,1.5788654490215603,70.911075673657,0.6694990917262484,-0.38077111432166433,2.061242052538248,6339.505084517607,68.32530499893231
2025-06-03,7.181655136248143,-0.3583673006797934,132.87390977244382,-0.18630947617575155,1.3964516516958243,-0.7340755039284821,30.804838980565176,1.6731572437336801,70.89699652906211,0.6702179809353066,-0.37711616987245267,2.2109891766712275,6183.4155202269585,67.46887215087185
2025-06-04,7.299208653302301,-0.35973048626307824,132.95806826158946,-0.17861407789029315,1.3704939418431277,-0.7365904587561631,30.58372411540282,1.6545728137396427,70.59412649125478,0.6406838798654049,-0.36895963216449723,2.2264908119611215,6262.916801247092,66.99286013764613
2025-06-05,7.228566004497436,-0.365180443757686,132.901216475729,-0.1789518779019441,1.3551154208819773,-0.736482129962467,30.50521322481815,1.63522279819118,70.7417107902039,0.6334775763297331,-0.369688170943985,2.2225459114397843,6257.385161716934,66.79588085513001
2025-06-06,7.330957428355111,-0.3572811234847707,134.40393827129358,-0.1720973334233603,1.352235965344208,-0.739675485706773,30.515459826161628,1.680334041654151,71.3553067339302,0.6472719750245426,-0.36429720971192725,2.218605901711116,6288.628801635489,67.95644932362596
2025-06-09,7.27982533565782,-0.35446434329267773,133.47731384118438,-0.16054768793256302,1.3725057718671958,-0.7433071394917321,29.91466300949419,1.6638832207423673,71.67241115119268,0.6455842963163994,-0.3767427317958615,2.252466284980638,6141.161162580978,67.53322215085335
2025-06-10,7.338331743929039,-0.3507082747444499,136.40844235525702,-0.16264235373877844,1.339511047164485,-0.7459654072663695,29.774393889333584,1.6827065935771062,72.09525775155116,0.6687849248366442,-0.36161691567746534,2.2484084740494152,6204.768342978554,69.19604039751285
2025-06-11,7.2192390669531505,-0.358589184359959,136.62994161538975,-0.1851568895682122,1.3603454969552198,-0.7400893918412641,29.334856933603852,1.6443906906385384,74.37116953399061,0.6281072503451217,-0.3649241969740402,2.3167652990457634,6191.457887046704,69.67060912754886
2025-06-12,7.169139599692349,-0.3659210906906092,138.62840192409854,-0.18264241713575635,1.3511431963347187,-0.7395046763720299,29.14995415131143,1.6282720981811072,75.32372329906636,0.6264346137258487,-0.3785258996015567,2.299068646702753,6158.060539642025,68.04048711402655
2025-06-13,7.334678439921637,-0.3617224609520059,143.648428419307,-0.1953296071592603,1.2844454350296801,-0.7372531852576694,30.241690853776774,1.7234424290960253,75.29135448446674,0.6849094278834025,-0.3880125373812423,2.2023032014502277,6165.535505513704,65.70856232726837
2025-06-16,7.315604650408911,-0.35896645512341374,143.46445504791492,-0.1928134916323958,1.3191821369087537,-0.7440265726354338,30.180468501176517,1.7181054723525184,75.1167628373424,0.6503992292650962,-0.3748785142751512,2.2817197156052362,6212.613467849275,65.11443637764663
2025-06-17,7.274581890149916,-0.3603524166999552,142.69664514141775,-0.18883145785263566,1.3112201113581436,-0.7428391711365168,30.026648191305963,1.7278437012844674,76.00194112452843,0.6685414874579096,-0.3764267496615885,2.238549606222835,6227.784081865458,65.16891509689813
2025-06-18,7.315482106107153,-0.35810466634299776,143.93999220784954,-0.18769551772362136,1.3320168655585345,-0.7446397682308126,30.110598475163037,1.7352245582700032,76.22491641062038,0.6695732050724339,-0.3755535132851332,2.247927506499436,6253.360233814054,65.36388415596896
2025-06-19,7.292246922356441,-0.34961891310790816,143.82836666383344,-0.17595283003299844,1.3028896673609696,-0.7470733014420161,29.649161570467673,1.734195764946401,76.5098790109198,0.699869366902589,-0.37224248575382346,2.207360463606084,6222.549927121856,65.40745677203152
2025-06-20,6.98918574899355,-0.3564333116703181,140.45473968627653,-0.16815279270405004,1.3694120617500762,-0.7519305147579521,28.529010306870813,1.7006143060918668,74.70436656275857,0.6329556494992961,-0.38777970491089964,2.216393998988659,6245.885172052844,64.80534626379492
2025-06-23,6.9150305571562445,-0.34427092249750146,141.0536968437233,-0.1709446563511422,1.4102874351564942,-0.7597446882752087,28.254923623588024,1.739193414296368,74.00168270963997,0.635645356965258,-0.4070870398376829,2.2718808886914648,6167.1648905604,66.1168041627185
2025-06-24,6.880702704053171,-0.36162215652651497,137.29481680745926,-0.1827353024621794,1.4259407485930216,-0.7562300592452216,27.290817192905802,1.6997585451575263,74.3269684717034,0.5817420814942447,-0.40045539430926436,2.233167161542411,6169.242453800289,66.13941046582183
2025-06-25,6.806756601345601,-0.36825393743722823,137.79063846907286,-0.21334048309405207,1.423501945252342,-0.7536976580094472,27.420687698023265,1.7287612468033111,72.25121320005569,0.5669003006521756,-0.4003628804153002,2.2357699627793766,6180.41265073431,66.20381987958368
2025-06-26,6.782597668279154,-0.36182865753364546,136.7934886440033,-0.2002707618102153,1.417538542209444,-0.7562027175293711,27.332736513317364,1.726337394693025,71.09926883239334,0.5866923261106702,-0.42366368493986495,2.364092637976277,6077.7134031573705,67.75340465086659
2025-06-27,6.810981524334341,-0.37132043389757896,136.61726347245556,-0.21745504757750678,1.4247117149479926,-0.7525766235176865,27.44881503863841,1.678924603509349,71.00706051294742,0.5583848830720219,-0.42292340384067495,2.2974856267760115,6161.189790485562,68.63018086481344
2025-06-30,6.739596883406264,-0.3696024902326239,135.7942022574214,-0.2233615772457912,1.4084889210318918,-0.7547325276244019,27.61971846464889,1.663214768358722,71.83556167907744,0.5508809091587947,-0.4332256242974233,2.2687532454397252,6248.929849007229,68.02346376713243
2025-07-01,6.727150734677719,-0.3731848665178946,134.17290642767955,-0.22290814863754704,1.4117798182258716,-0.755236989176774,27.573694714582032,1.65893201725393,72.20207287458678,0.5792364688882845,-0.43968978206115217,2.273219585637222,6324.761801547235,67.236239470627
2025-07-02,6.580049383006557,-0.3757091375234185,131.59962710033375,-0.23085448144657272,1.457153267334618,-0.7546906533735633,27.029738829796326,1.6334505301364324,70.66150855973399,0.5495258771459217,-0.4491670194431453,2.2724874233705115,6528.731752279646,65.93722986103836
2025-07-03,6.8935585452970685,-0.368234021079776,130.48601329775076,-0.23560567189767945,1.4876274397078757,-0.7568938136110951,28.18904261473628,1.7615729768005508,69.94143178217062,0.5303083056151925,-0.44658822768621975,2.2396044678509104,6492.082979046314,65.63669398515714
2025-07-04,6.881126956724205,-0.38367446048477405,127.94173343922597,-0.23279636481926624,1.5603861140643263,-0.7551040093462439,28.46524498567564,1.7729782494657833,68.56870131836415,0.4855495117958484,-0.4699507357969509,2.2702593422411526,6607.499418515759,65.6076743851864
2025-07-07,6.755046848902441,-0.3866366176659404,125.87895894720079,-0.23707939819599444,1.5818005951174912,-0.7547336697574405,27.993868076613282,1.7286169038612997,69.82803587216443,0.47312471707479276,-0.47852654693750674,2.2793543094589976,6682.65864274142,65.23582670426295
2025-07-08,6.820807798210962,-0.39004598274836055,133.9795540451081,-0.24625896065060693,1.610422365639542,-0.7564262576504799,28.239729168879144,1.7663387425561097,70.21340870146712,0.4553998839639215,-0.48165550865225704,2.3435172844074312,7109.377248306331,69.46465721767905
2025-07-09,7.061940456101983,-0.4064268117938723,134.64010088125158,-0.24294854324264392,1.5427118921394993,-0.7604531013374848,29.14125415100673,1.8516310334332808,70.47583086533172,0.46179197469521616,-0.497010698717682,2.359879390353257,6900.563661556786,69.20499421094728
2025-07-10,7.142668308148048,-0.4168572360820466,135.99832649146023,-0.24074272882481296,1.5869741394242354,-0.7571127713990631,29.44307214616987,1.8801857032935287,70.40072199065867,0.4660511855914786,-0.49143757771032215,2.4305557703313188,6894.0822761731115,69.90798853550427
2025-07-11,7.287680419318882,-0.41703479894998463,138.43811843675147,-0.2131288750385456,1.5861864240037589,-0.7652929232426788,29.985230317837576,1.8508620512258402,69.54459023716885,0.5193708238999093,-0.4743098025685435,2.3668824482858346,7052.051961889262,72.48688096371515
2025-07-14,7.114752375861176,-0.42206217485700925,139.23058979650824,-0.21541714047903116,1.5774729614147165,-0.7650849861802683,29.338702582228965,1.8670644107494931,70.4081881966459,0.5149524081805847,-0.4747755340535167,2.42579091335126,6911.133875305438,72.27317698512961
2025-07-15,7.177538512218504,-0.4222706625298659,136.07799084422928,-0.21048713478334202,1.5765431531962575,-0.7667907751361847,29.57344171276591,1.818006481377112,72.06259893467328,0.5244717647538195,-0.47521500239185843,2.412372103428685,6869.263591887046,72.14022821718515
2025-07-16,7.115391853637343,-0.42219245498777924,135.14551386839725,-0.21023542418833419,1.550589150580655,-0.7684586859850477,29.34109340392758,1.7769040147411097,72.71580774556195,0.5249577931795546,-0.47624065453837827,2.3972623474545087,6838.26176059051,71.96032189020782
2025-07-17,7.155831417627706,-0.42626245803500873,133.85039036403012,-0.2142711648646649,1.558366539585788,-0.769647199481823,29.49228518990348,1.7515710940026756,72.51350856311326,0.5171651744877157,-0.4789170937708108,2.392292023848823,6938.769515249123,72.2954288064618
2025-07-18,7.367136271941204,-0.41657072999286915,135.36836904315692,-0.21586543113888457,1.624649820988501,-0.7705367581404131,30.045596929760222,1.8015009887245794,73.23331669679528,0.5126534871059991,-0.4804666700545245,2.399749719473227,6959.406734637278,73.68945224874543
2025-07-21,7.475306374510948,-0.39954159570011505,131.40113917627517,-0.1907634090369874,1.701258103381532,-0.7721277002960315,30.048577057302413,1.8006935598533418,75.40003884121361,0.5385629721184206,-0.4715678434954895,2.3358473242382307,6756.914516852089,73.85142949976631
2025-07-22,7.576465935918186,-0.38691692556755375,129.73642365215366,-0.16576049182317176,1.758052199781702,-0.779168252229107,29.65819485552725,1.781885809815483,72.97859430525524,0.5409952360741088,-0.4652605829879234,2.30025640022395,6663.418579102582,74.69177263464495
2025-07-23,7.632856131652572,-0.38288590919939003,133.42931430111454,-0.1658548696641181,1.7761863711937282,-0.7791432694473487,30.52419193524874,1.8751404308095156,74.86086222332112,0.535424435171844,-0.47069234998293885,2.3121870479648936,6618.425259390575,74.1351082864061
2025-07-24,8.077802524861257,-0.38611152723830344,135.06243753087935,-0.14704345620569303,1.761675412893148,-0.7841239701940268,30.907165622324914,1.8673198616198396,73.44665507152423,0.5531300109526591,-0.45875554823338127,2.361434731245053,6822.241883153359,78.00764999514655
2025-07-25,7.942590769386818,-0.3859369469955536,134.9467485660006,-0.15521248624968254,1.7624607900184266,-0.7820564583306235,30.880036114504477,1.8648818833446685,73.21456402385706,0.5529233506431888,-0.4639392146461574,2.3618820055472196,6944.4236320811415,77.76133982522049
2025-07-28,7.943414198010565,-0.3741918165938035,141.18362738106555,-0.1531809002922021,1.8152981363621632,-0.7849491373363504,32.19853425325129,1.983367992248442,73.37831730336508,0.5610565648605599,-0.46265006968821865,2.369299945825766,7051.932480379294,78.12453458205749
2025-07-29,7.797381881817705,-0.3783801096175611,141.14741440053018,-0.13621973226996043,1.7693286107957564,-0.7863546601395601,31.65645281277761,1.9346541422222856,72.21886706176653,0.5775090703369128,-0.4518873430823793,2.3112403228235747,6936.768847871839,78.10438222497203
2025-07-30,7.965912494609073,-0.41734856624238215,142.32658520336787,-0.14677539329477263,1.8223803771130376,-0.7875198491346221,31.92735141366648,1.958998295758449,67.93027869794449,0.5771982692617301,-0.45858544863766837,2.31551601161672,6861.41428952843,76.27851025774036
2025-07-31,7.906316532958709,-0.42805620824907187,145.94946093060005,-0.16197149645491182,1.732278660655202,-0.7829824079909364,31.7084849934023,1.9257833925977277,65.4141776009154,0.5389419211942941,-0.47834822593035464,2.2096714252482195,6983.635278763583,75.4110551333846
2025-08-01,7.784566092445772,-0.43629544875939896,146.2812312304669,-0.1606526172182703,1.679942148733713,-0.7837681251090747,31.155803888440467,1.8763459087574925,64.30749164412907,0.5547108254449864,-0.4786892083098653,2.1593932045949535,7077.277470144252,74.1199239057861
2025-08-04,7.862462999301689,-0.43018298268401256,147.22142565710388,-0.16878159876854348,1.6595122022528264,-0.7808222930929929,31.093192613726515,1.870745312221627,65.14280764578967,0.545791046431811,-0.47995914403202444,2.1072924335343823,7145.829762249844,74.93447824182824
2025-08-05,7.94908658912945,-0.43538511205393793,145.88266079792024,-0.16127387185968323,1.7033445713008462,-0.7833307989091315,30.80193556953179,1.878408954224601,65.74022239990745,0.5225579730929488,-0.4792043234152975,2.1585048282627937,7080.969761034961,74.24123643358523
2025-08-06,7.896861770687011,-0.4394038142563197,146.3774302079065,-0.16409909322553906,1.688668490192828,-0.7842747329012302,30.575582153704946,1.8691209990088415,65.6027112724415,0.5136013493112481,-0.48195997215265907,2.141357745522488,7096.050226709307,73.70569950563502
2025-08-07,7.897044977124452,-0.44180885612789644,144.80281195940373,-0.15351869782944516,1.7361193310615017,-0.7865508555761257,30.23887075113454,1.8599249342300341,65.55449659035703,0.5279673317510856,-0.47871420202559034,2.176776364529223,7176.069039724082,73.46625388719048
2025-08-08,7.873364433277457,-0.4416773030404195,145.88308347175297,-0.1461660037283261,1.761354417471341,-0.7856271653594294,30.246233049769554,1.8523129037212218,66.04760729048074,0.5190058683096308,-0.4773959600814651,2.1891084670601906,7188.431922437238,73.26805309188923
2025-08-11,7.840440413656179,-0.44269987390423604,146.11989198672964,-0.12979069972941082,1.7460616211191273,-0.7884975788861663,30.143475281684008,1.8793968836735924,66.82256460480014,0.4914935549695374,-0.4765055546686763,2.183674908908815,7305.100726232749,73.55282388309492
2025-08-12,7.725626331313444,-0.4448867423373446,145.10032436205103,-0.12548673595836501,1.7879726664904037,-0.7875466043242774,29.74410526775967,1.8420010871487014,66.54564361936748,0.5111012541986049,-0.47420048806403736,2.190932744901046,7322.91800085776,72.95366975391069
2025-08-13,7.672020569449026,-0.4222128616181954,142.56766260419636,-0.1406464990201245,1.749563783211444,-0.779193735776343,29.771711981093702,1.8445530660931073,63.57368687564556,0.5049787494444706,-0.47709878578715703,2.146972427490833,7195.957248926303,71.67167649307031
2025-08-14,7.916540890732499,-0.41303258664902354,144.84336257159492,-0.1270248331192506,1.7712681111444066,-0.7731666802662824,30.01461572167042,1.7758363203838776,63.180283834588394,0.5322820719494015,-0.4802844630776604,2.1718137939575075,7122.755114836346,71.22893797349107
2025-08-15,7.947159282421726,-0.4111533665929211,144.5763578774365,-0.13426240266279899,1.70784010260956,-0.7718947910949475,29.95783529752777,1.8769984465198193,61.016732657346004,0.4715347338695355,-0.4627645785499216,2.1819673189662954,7272.759716833867,73.66381352166208
2025-08-18,8.08713362754216,-0.40251855307135564,145.60160389265027,-0.1281652998445103,1.7510816409113157,-0.7749473473749964,30.175861065868236,1.888511959155819,60.46314982750579,0.45840827207701706,-0.4564196495031343,2.165535152110399,7166.0977182891365,74.54561799739604
2025-08-19,7.791449594453718,-0.4204831523934709,142.6162970407268,-0.12337172704626564,1.7393986767702887,-0.7775458278622787,30.347274017819505,1.81289233358459,60.54409674563118,0.48828276241148094,-0.468377428123813,2.1010740989658534,7298.840312003004,72.8837518630711
2025-08-20,7.973706170583755,-0.4117906949145137,145.0178245446572,-0.11645984245415819,1.7429969775385628,-0.7768985082617477,30.594435496604905,1.8201621069907628,61.112649765023725,0.4700803928674593,-0.4616640090602936,2.1476230133766037,7357.9905519220365,73.8167682820154
2025-08-21,8.004554556134044,-0.40976864214360553,144.71231961996955,-0.11325787408377497,1.7586766761803045,-0.7746881917629029,30.70893440452239,1.8467186147825232,60.80873804802858,0.47857489856839064,-0.46214062348343643,2.1851600308703087,7383.2881239052585,73.66023334369093
2025-08-22,8.080885555387916,-0.39385880306417287,140.83509645573952,-0.11614875642849665,1.760495641801962,-0.775571631755563,30.605559594686603,1.7829541307891463,59.733924334962396,0.45043029403150836,-0.45532241058451783,2.1387877675315337,7246.838835933791,72.28063716480531
2025-08-25,8.166562680849365,-0.3993393451574715,142.1732945069929,-0.09317051706130064,1.8053332130325446,-0.7750037919023063,31.427236453754276,1.809210987431901,60.69857677295162,0.45346118326448215,-0.4513854626818099,2.1106693848228164,7126.793086598987,72.09522537136884
2025-08-26,7.937169795611959,-0.3946418591004094,141.72029529794023,-0.08764114579064208,1.816778066286532,-0.7738379084208807,31.324636925567837,1.7389105884618572,60.127157338860336,0.44447681917816073,-0.44709500496832877,2.0945505440538814,7104.240803775301,71.71646113995321
2025-08-27,8.150926738074515,-0.40800756176385156,144.0041925169855,-0.10791345463551882,1.7329146354527296,-0.7757488546517208,31.841915482390014,1.6780529104861022,61.589181061470796,0.4523362633862069,-0.4477561481348682,2.0024170427961474,7227.438844238802,72.33087554674077
2025-08-28,8.02910818572429,-0.417004655607774,143.83962442502425,-0.08771857440029274,1.7456221388577653,-0.7770391485265947,31.404718822971127,1.6424022558572826,61.22905609162251,0.4178248458700997,-0.44303788344279993,2.0196923183097706,7051.876862277028,72.75280596502316
2025-08-29,8.43234300286059,-0.39497039108672427,149.47274417491175,-0.05323896758583324,1.8524051987940617,-0.7578568766294033,32.85189506675492,1.760410432138281,64.98460233506673,0.45143306425539365,-0.4219875427797558,2.137134547978487,7326.178180746569,75.62120879015099
2025-09-01,8.079445084583941,-0.4191837768193374,140.7968532826075,-0.09112850181148324,1.6879424821667088,-0.7540409197227838,30.90007748206661,1.6571335374372178,64.85100660555933,0.4747921441396177,-0.44511969760118275,2.087696141144066,7210.708470949943,72.75453345087585
2025-09-02,8.215587764148488,-0.4141226406873144,142.92304088326742,-0.09792266522937265,1.7282471140719,-0.7555857320355673,31.378406497360636,1.6703373369230077,64.76463772153724,0.4849095946380131,-0.4492676409126183,2.133994920686244,7195.965500218237,73.86045344053295
2025-09-03,8.045115902673098,-0.4043131769465559,140.26072250309667,-0.07736626641419941,1.677779430837409,-0.746972228230989,30.779463991633012,1.6630649497868881,65.174228079961,0.4899823467831854,-0.436717637074311,2.0760216300338312,7429.9965332218535,72.47566918417266
2025-09-04,8.06221465966176,-0.40988153186737575,138.94024703036976,-0.05933621245487497,1.6828414665536786,-0.7498157985927915,30.48239625763187,1.6374866807751998,64.55564533765407,0.4906506772171908,-0.42571000638817214,2.0818364970747583,7311.513334411849,72.61456653225288
2025-09-05,8.19519373100269,-0.3815868985865095,149.72302873260287,-0.014233850223435263,1.7222095217339732,-0.7342096230337924,30.944369403838852,1.628516011808403,64.55813523732967,0.4937627758444354,-0.39817430695897593,2.127059411207414,7419.291015925565,73.79622230963426
2025-09-08,8.076745627385796,-0.3869222963860267,148.4226563536891,-0.02951779957548417,1.6871433159606144,-0.7330789612008851,30.532877260463465,1.6544833893343855,63.99252831586209,0.5179368633746668,-0.4075053977184686,2.0867781220915522,7559.116482488198,73.88596580721405
2025-09-09,8.08791117070192,-0.3994741230758284,145.3634563941645,-0.05386916467266245,1.6904488415666719,-0.7388721071066121,30.571666681406526,1.674248145610922,64.49747193006716,0.5061436227393359,-0.42237228798389925,2.0905752489742855,7561.268282600421,73.73455483009546
2025-09-10,8.004137683206155,-0.41109534622316635,143.55220862128672,-0.08249810941845359,1.6656479518843867,-0.7415182781246826,30.28063515895041,1.6836186103061874,64.95443103655602,0.5075433844705062,-0.439850707705021,2.0620859446543496,7554.240152226256,73.05822055269888
2025-09-11,8.289763820970757,-0.39801982208807085,146.76171949963896,-0.06212669948417071,1.7502067131921937,-0.7398565074806943,31.272908636058467,1.7120049201788214,65.76131485200932,0.48316494737523685,-0.4274136424794587,2.1592203746960132,7721.990100071486,74.70254454305743
2025-09-12,8.199776362421066,-0.4038510431343262,144.28955226954884,-0.06375571725788187,1.7235661960191098,-0.7334037037751995,30.960289598143916,1.6857344535615497,65.57263055538382,0.5079794378409379,-0.42840818337626474,2.128617851532234,7648.104102186897,74.57105472400833
2025-09-15,8.246365903783559,-0.4008320233897211,143.53292722452363,-0.05114580491987386,1.7373588899873278,-0.7074232078094952,31.122143014523935,1.6993355598801765,66.03108617498494,0.5256007444287394,-0.4207096341475979,2.144461809587214,6902.67919913218,75.58889204801262
2025-09-16,8.129640132771717,-0.4083958971065098,141.70834905592903,-0.05745547407217244,1.7028025756153058,-0.7048556248131241,30.71663430451402,1.6652592505792692,66.75831334524194,0.5485496347655683,-0.4245617861121407,2.1235518386102106,6861.4353455528535,75.0795929670055
2025-09-17,8.324896063627081,-0.39574323959444957,144.760457477566,-0.02264459817462494,1.7606075082462942,-0.68481959733244,31.394959064818337,1.7222612428127495,67.90723043996606,0.5551033273389443,-0.4033092004789708,2.2389135774165347,7008.20248881854,77.88943080092992
2025-09-18,8.073429620719057,-0.41203835935830524,140.82970441518037,-0.05383129551111088,1.6861616221337732,-0.6861658715920187,30.52135735723938,1.6488494485444254,69.2991869713776,0.5588875903315884,-0.4223491682669147,2.171944260129261,7004.865875488201,75.7620028477188
2025-09-19,8.061589421182227,-0.4128056087266482,140.64462643797415,-0.0474849048039333,1.6826563665773056,-0.6873933797993168,30.480224161040972,1.6759300340475276,69.39092255933184,0.5495293741287017,-0.41847459721725755,2.1678050917519722,7027.504639598624,76.27688107104818
2025-09-22,7.9303010050164,-0.4213131473082933,138.59241486679312,-0.07905827863652237,1.643788824790232,-0.6805207317770594,30.024124399890123,1.5872299811654842,69.57747981980295,0.5571909934357391,-0.4377506370698617,2.121908495262402,7062.7719827795145,73.7153554144175
2025-09-23,7.958684107317872,-0.41947391163961434,141.30680152936134,-0.09115871554640975,1.6521915570873134,-0.6761949002183028,30.62739120037694,1.6110868368003604,69.47477046295111,0.5470148181690337,-0.44513814356016146,2.18261427780356,7043.154237348483,74.67994041563044
2025-09-24,8.111053263920962,-0.4096003331754168,147.58231867273062,-0.018232708491327965,1.6972999888460727,-0.6878979082352115,31.16530936615098,1.820602117784119,70.14699068964738,0.555936491133127,-0.40270829377760675,2.224441290431236,7136.39458502961,75.11638851580406
2025-09-25,8.082559950482104,-0.4114467105671116,152.7078470578416,0.0025607409103394208,1.6888646288723623,-0.6837417666675805,31.06471767657576,1.8803413736400079,69.54835728895128,0.560526664583326,-0.3900578877406674,2.2143573831493772,7125.042645132954,75.34093972832548
2025-09-26,8.130706159225195,-0.40832681819271943,151.57097179914757,-0.009167678991937156,1.703118169549155,-0.699669336225043,31.096387616606528,1.883186252534356,70.71608304623433,0.5623259090245867,-0.3971932730761867,2.2313965353694285,7183.248916477285,75.42895873790997
2025-09-29,8.321935823739837,-0.3959350642488033,155.3330781219305,0.0019381609044690773,1.7597311381073486,-0.6876442444247473,31.76860084185136,1.9377945840355166,72.21807448721171,0.5734165985357462,-0.3904366555782013,2.2099069940939544,7333.7128002262525,76.79389053026365
2025-09-30,8.19060045709044,-0.4044456452393834,154.38046300413814,0.02785879505854072,1.7208496967704487,-0.6914672213830153,31.306928900794624,1.938229983294295,73.79906595396623,0.5862298118175109,-0.3746669513579063,2.2929488704382956,7380.406597474078,76.67152619113664
2025-10-09,8.213109420872016,-0.4029870559487432,155.5920923797485,0.08193260078188369,1.7275134079790528,-0.7004955147141871,31.386052729092576,1.9454260868116537,75.65766017383413,0.6256441751123754,-0.34176930243256676,2.3471082897233626,7437.965500916047,76.98802994797157
2025-10-10,8.31285480548666,-0.39652351763567306,155.16006464710503,0.056310739746418426,1.7570427298933389,-0.7132966061853403,31.73667911786586,1.9773146321943296,75.44616651147001,0.6269277537826912,-0.3573572378087281,2.267843515366836,7404.521077487942,76.54071696013943
2025-10-13,7.9720660401161005,-0.4186067573780069,153.94250586366326,0.010524879569424161,1.656153238151163,-0.7146817441902417,31.460705958830957,1.9822446173921717,78.75973074901779,0.629621701428458,-0.3852126316301623,2.1482621001846782,7047.919458454414,75.91571400185462
2025-10-14,8.086068540800492,-0.40742737906414395,150.67526708075383,0.06874526606912834,1.7072273472601163,-0.74535046732763,30.776214141442683,1.9234743580254947,80.29339873634054,0.5975072030053659,-0.3870436416407903,2.2087987739348485,6899.280433263146,75.27112960168533
2025-10-15,8.205883917647903,-0.3996132940648872,151.64703880722556,0.08206197206898147,1.7429267769273076,-0.7431241507406117,30.650554372222942,1.9425300407588804,78.5787941630598,0.587765371311755,-0.39470870289297455,2.209155721735126,6985.2588312627695,74.96951366653285
2025-10-16,8.192954234999517,-0.3925639482979154,149.35704185797658,0.11991793226998793,1.7751324188459274,-0.7433448253205545,30.606101104363045,1.9158724353393932,77.49672893142359,0.5898957028099545,-0.3996723007319867,2.2468355172384786,6921.967402219558,76.48762094147433
2025-10-17,8.19258388533303,-0.3978284153252938,150.65408415809668,0.094078096293426,1.7510811741516323,-0.7444895775327144,30.8787484613984,1.9130922041884224,76.90633455836594,0.6072865674839971,-0.4062397452182439,2.215930593316178,6987.863496969727,75.36819157799854
2025-10-20,8.167800529501644,-0.3994518797223231,152.17865898492545,0.04374246427900852,1.7436642145121546,-0.7387454463169091,31.512362940043865,2.07573053950427,76.12314406812919,0.5982832961308868,-0.4275880226223264,2.2072603920738088,6917.604621880581,72.62242116725511
2025-10-21,8.234102479217057,-0.39715572343892624,151.53205998219477,0.041750305554238754,1.7541544343845774,-0.7406348511120372,32.506716365904175,2.0811047281429094,75.97594152574425,0.5981949858833586,-0.4262642974302062,2.219523141474048,6918.565228798877,72.71170430431386
2025-10-22,8.037790285834914,-0.3999738393649874,153.87947662764643,0.021396665276071314,1.7412795896259161,-0.7351208835792229,31.789963113286774,2.0911806144564893,74.43703702836204,0.5866129736287655,-0.4403378598845904,2.167148881694529,7025.05498970073,71.23805849998578
2025-10-23,7.965318232825203,-0.39028804494807257,155.02645105415866,0.018064458285716345,1.78553011116368,-0.7302168379970705,31.657408414119438,2.0764777920511217,76.28619412196335,0.5693648649828307,-0.4421637030255855,2.1861464262582686,6968.714599676324,72.42953924039335
2025-10-24,8.256374895745903,-0.3842119535714865,155.162898638473,0.015216858098399788,1.8132893429573569,-0.7324782193553525,32.58802766858191,2.1641463979889743,77.00161186463687,0.5792364787607107,-0.4437240116394734,2.217898004466177,7018.65060080728,74.87762491448595
2025-10-27,8.34260021824048,-0.3857430912595379,155.7347125985263,0.03544983522313827,1.8062941871316176,-0.7353304920400147,32.502176387493456,2.130560651695027,77.28722650780584,0.5984313403242978,-0.4425174690976986,2.2248775090982633,6938.36798028351,74.94002417168218
2025-10-28,8.354430903088772,-0.3733811198341974,159.74800417850943,0.047416921953324476,1.8627710912718656,-0.7347220916943734,32.73848563753064,2.1592722235707313,77.20189030655865,0.6082508021677444,-0.4437989637704479,2.289778437440186,6993.224151092002,76.51416692679173
2025-10-29,8.614403898016768,-0.3670801397343235,161.5182593548173,0.1731890224738708,1.8915577497137965,-0.7420945436398655,33.67612633918228,2.2702157412425796,76.7452768736106,0.6309352741374927,-0.42834134259940415,2.3228588777579433,7070.248818185091,77.60750880141671
2025-10-30,8.521086802293777,-0.3655388448598036,160.5287573808795,0.21264634260899573,1.8985993096628575,-0.7395913215562161,33.49322710214157,2.216676507562769,77.82492119280515,0.6396822606518024,-0.4338898431845035,2.3309507479591587,7009.97510483513,76.84454684338198
2025-10-31,8.198443788727232,-0.38837406376003003,155.05499938022032,0.17798766799217347,1.7942743258495133,-0.7299034748526021,32.32434806858533,2.125671972678043,74.52801496463127,0.6020004623200272,-0.446899710568329,2.211064780379768,7355.109434831219,75.05558895454399
2025-11-03,8.0032037117061,-0.4011530071206161,151.74267929670074,0.19504338267064547,1.7358924436757643,-0.7223085944221346,31.617027522520452,2.1516368196172873,75.50090489525718,0.5878402237063982,-0.4388915446244479,2.216194479760919,7234.4953690628245,74.38332617258652
2025-11-04,7.5651367198588595,-0.39175894993192595,144.31071083427508,0.13881416737500318,1.7788101344775815,-0.7094563680775307,30.029987665673595,2.0968113529423666,74.30084230144311,0.5593124723869543,-0.44897263605871485,2.173773827494693,7468.86248034411,73.028960191314
2025-11-05,7.753096014121322,-0.3695723530935072,149.57795673503236,0.1611746794319655,1.7794450690068802,-0.702415277648236,30.710931213146708,2.2023928548636373,74.28363669812778,0.5435977190000298,-0.45452589064182536,2.1429811305253357,7741.338051125261,74.65350298235687
2025-11-06,7.912508594324851,-0.36583390795212667,150.39702328243038,0.16020648498851164,1.7959272188062272,-0.7085995619894164,31.288455023829115,2.260164484120918,74.86957491954588,0.5523073769419504,-0.4514480855568572,2.1867910038597373,7704.2784139528285,76.22570322890108
2025-11-07,7.923877942472858,-0.3690743656645713,150.59015470531236,0.19483210516215532,1.7816406083531873,-0.7075056540784197,31.3296441775272,2.2643233519242365,74.91831118851012,0.552663110831602,-0.4350769046672577,2.1847439078576625,7739.106991630965,75.93580041244991
2025-11-10,7.674542044398455,-0.36822630365333864,151.37017866855697,0.2139773755795562,1.7853795652135012,-0.7121924074088966,30.426343962374784,2.173117152130368,76.41688614280727,0.552474096735061,-0.4260249170461914,2.205412151333221,7608.199439272164,75.47148519442048
2025-11-11,7.662271774073799,-0.36885050656443685,150.37781467318578,0.18965076766575084,1.7826275639143434,-0.7064250985607909,30.381890925688776,2.168628730144612,75.94128242706383,0.5507745759367657,-0.4375266691185027,2.202245150858681,7657.757007709213,74.78723829606149
2025-11-12,7.708481773072222,-0.37169031570441013,151.0926576239254,0.10049851877384919,1.80349177427061,-0.6844246397766738,30.549301644962792,2.1855321862200263,75.54797334244755,0.5480454557742795,-0.47967833560142914,1.9622693827915523,7693.9235257039945,69.93635734515703
2025-11-13,8.358999445942638,-0.3633753437351298,150.80905367312047,0.12852820687675726,1.8405928346263845,-0.6828458127172081,32.906013046739965,2.4047390713707646,81.23098754373164,0.540300567031605,-0.466425747144947,2.0014716862081925,7875.564603194404,71.61083225558056
2025-11-14,8.230314309997965,-0.3721288574959082,154.33192103381828,0.14228773395696592,1.869268359620416,-0.6867127002277971,31.459572082598363,2.323553781970744,80.86085720712832,0.5117221870642084,-0.4599201681645335,1.9992144897684372,7729.424647859819,74.59534653098291
2025-11-17,8.002540947950216,-0.39624082255613124,152.19982500946782,0.14188748078997926,1.8150020897273258,-0.6866029255797965,30.658578138559385,2.2587783862160435,81.98448464339262,0.5147182490322197,-0.45008025425277987,1.974198687128153,7699.4928030202755,73.53123158609935
2025-11-18,7.9198193894069036,-0.4099582524625913,151.39596603143417,0.11985587557232424,1.7828011419832719,-0.6805562346963678,30.301438158161716,2.2220161524896964,81.37454402356697,0.5226661684479286,-0.44513026760495156,1.9401766816546422,7630.178440603891,71.08471632991433
2025-11-19,8.006706185678572,-0.4007460595939556,152.88043524265188,0.1156684878712364,1.8171639966634596,-0.6793617641192162,30.403621220764578,2.2325343745775665,81.60864574725738,0.5177001935942356,-0.44720504771176617,1.8992742712226582,7749.322362035248,70.7865504309448
2025-11-20,7.699209026618524,-0.41550017828780883,152.49505536177693,0.053094533312191494,1.8242193336445864,-0.6613782837036501,29.551790982251706,2.1448511577937404,81.81553176241012,0.5064877011086708,-0.4782093886974601,1.7642654678574101,7803.696207291399,68.33569216365323
2025-11-21,7.525136703513647,-0.4249372820161167,151.24473432838744,-0.005090648748080517,1.7880017700968516,-0.642668884320201,29.46945942022022,2.134404951105381,82.97442143948899,0.5187590622596816,-0.5070391667996113,1.7288167479041552,7782.663959777635,67.21622540811912
2025-11-24,7.620439205490094,-0.43244602661852805,150.2257215872276,0.006987036695711657,1.7233172787409736,-0.6470066994277074,29.265519576241868,2.15147563783385,80.93919536833869,0.5452630917433026,-0.5010548770027446,1.6655054095704465,7703.708338360686,65.10633055078621
2025-11-25,7.663274210136404,-0.4296737349120904,153.0456220508255,0.00010376638208908773,1.7732136740877689,-0.6445938100674731,29.82987960566218,2.210241088042128,81.9001027767094,0.5078084474048843,-0.5044654215560521,1.71434258060196,7518.8131410595215,63.519931365603796
2025-11-26,7.641067027951339,-0.42817797052173334,152.65074603620138,-0.004180577574424027,1.791516871937449,-0.6430712856923744,29.750851199479964,2.188259700528579,81.62281103130508,0.5100129412688919,-0.5065882418550695,1.7522144597300344,7499.537073331483,62.60571562260486
2025-11-27,7.7411796074170045,-0.42748516157862104,153.71573843988278,-0.02056468564471714,1.7864824289983394,-0.6371987765838829,29.96399317099026,2.2103583394849204,81.7229152935347,0.5117393314968441,-0.5147062915602147,1.7443534733763801,7586.43584536509,62.53875399530042
2025-11-28,7.633425957055957,-0.43093209229637564,154.32608863599526,-0.00827079796025798,1.738257255893593,-0.6417526633256512,29.582296026694348,2.170783837463133,80.19434801968595,0.525608398111534,-0.5102540883067762,1.7386570036185023,7455.121395556978,63.506520559583635
2025-12-01,7.668526171297357,-0.4152484624127559,155.51988195784622,-0.0010068698839057477,1.7253285364540458,-0.6431627112330172,29.70663196793834,2.1836750341400633,79.50652837005205,0.5269021713362574,-0.5066669406550681,1.7597055632678855,7478.490992616038,64.00229982072462
2025-12-02,7.744004595192079,-0.4146736556478138,156.88272885533652,-0.023977794714998613,1.756475813880237,-0.6349575671833831,29.97400016159154,2.24115692751701,80.07600685287086,0.5379590533836616,-0.5180106789464302,1.7912457293960942,7543.6162723350635,65.13364579586182
2025-12-03,7.72994513112296,-0.4236915946289438,156.6288695933347,-0.029745365342151886,1.7219216070237642,-0.6328004359195889,29.9241971408351,2.215460894870197,81.0021720733771,0.5537737864482999,-0.5279979435912369,1.756255659163978,7526.996087895019,63.736122210645036
2025-12-04,7.787608273426695,-0.415617869428879,155.26309507284194,-0.03242466927091148,1.7167662378276227,-0.631786434852718,30.1284580329229,2.2538761502594524,80.29166468008155,0.5573190147225169,-0.5333910102434505,1.7510352606465198,7501.9830980195175,63.52102592864274
2025-12-05,7.718975373024749,-0.40744593766193615,154.09018304832395,-0.023236654237297705,1.8932670461445804,-0.6352829603063016,29.894807581327154,2.2284627555344803,85.57295989263486,0.553167617661745,-0.5324625007630324,1.7895054178645138,7516.913352452813,67.04395725975785
2025-12-08,7.797043149882256,-0.4021291857368845,155.7710481950448,-0.023741172144056355,1.9684568243113465,-0.6370765968825536,30.17143285449591,2.294423884799743,87.17862159590561,0.5361275076145859,-0.528517765932504,1.861998654824343,7444.792953176006,68.93920118910222
2025-12-09,7.902756430108157,-0.3866119915435057,158.04422978646798,-0.009780667595579162,2.016396220183191,-0.6353176091686472,30.54601717336836,2.3468720671636945,84.732794006761,0.5534103596112228,-0.5161098085760245,1.908218793643489,7463.281589593434,70.77978512460717
2025-12-10,7.758209538657434,-0.38350731722280573,159.03075714724653,-0.009305742256296434,2.0226730310293446,-0.6369277197011949,30.033829879931854,2.3398704771182492,86.22261791083533,0.5767067545670863,-0.5153254479166091,1.9142704983713976,7438.617723763522,70.89613639725306
2025-12-11,7.872560128702702,-0.3859285055525161,161.61809743533945,-0.030132335908029884,2.017355292082645,-0.6419550601252695,30.439019632754167,2.363679630349657,86.39708618148704,0.5695872017598493,-0.5191862840190887,1.909143470217403,7453.498923957511,70.3234238464535
2025-12-12,7.970258198512143,-0.3818976219740958,162.5744513932831,-0.02424102955666807,2.079609175265378,-0.6405086906507035,30.682654928106533,2.3897463172178814,88.20025732541228,0.5620491157922889,-0.5115411836346122,1.96916473394857,7511.267234428303,70.11421997974722
2025-12-15,7.86436645925572,-0.38978602666341866,160.94264517459538,-0.03632321437052832,2.2397283603697438,-0.6297881429253557,30.30864881140916,2.291794700823168,86.76594997178775,0.5590233547931753,-0.523355588294977,2.0756365942859656,7390.063189207047,69.40478995927862
2025-12-16,7.798296226179415,-0.3975939464716466,159.73561155737542,-0.05265774548315538,2.2498490803605695,-0.6250511414498101,30.07529093594429,2.266110099358185,86.3794539150049,0.5754762721020141,-0.5349874665326186,2.0852447012942803,7392.6437772119225,69.60130872167994
2025-12-17,7.768031025885856,-0.393460586287946,159.18269820312656,-0.038078801693115616,2.2342484402737433,-0.6276238225737429,29.968395250668483,2.2964635390681227,87.01142178063414,0.5680306887838413,-0.5294308379241972,2.0704342313387527,7298.994742929816,69.70210748650399
2025-12-18,8.034703780437052,-0.40670212772354153,159.02005904666512,-0.03475648272317122,2.284642541399777,-0.6194943680460621,30.910274589501178,2.264514442485834,86.35104963655755,0.5417970987043772,-0.5278055687684835,2.1669365894451773,7185.250644389389,69.94630103721366
2025-12-19,8.145327809628647,-0.40068818797009165,158.9433730408996,-0.009439070162720942,2.3138396558247405,-0.6233513479095479,30.89498230979744,2.30448628326316,86.39291065783176,0.5181240269403169,-0.5154203612946613,2.195087418283688,7148.894368970898,71.8071545325725
2025-12-22,8.192296574535836,-0.40196190936192355,160.0632617053788,-0.0041797993994046045,2.2926104259742397,-0.6225508540168156,31.11830402962496,2.3220310779081506,85.9418626226544,0.508424010577675,-0.5162404618297095,2.189125508491138,7206.760405317987,72.13771880813236
2025-12-23,8.178255375791558,-0.3955956724927331,158.2658561057899,-0.0038352926470907045,2.3445328236686938,-0.6265688767933227,31.06924343997227,2.2831006511945677,85.14216956800722,0.5132525155391843,-0.5177211422537669,2.2394160140557036,7244.556269721827,71.46499655444141
2025-12-24,8.238448196426198,-0.39314198358760544,158.68145234670317,0.0039205327213804875,2.3263909300001613,-0.6280848881157773,31.282872090576298,2.3049709632655317,84.64874590609082,0.5110408947761031,-0.518536525581189,2.2218443100319782,7225.821388669024,71.64660596402011
2025-12-25,8.30416298519768,-0.3957093929368123,160.34006077246102,0.014348237566822908,2.4180523510929466,-0.6265114420879769,31.30709014766081,2.353699579338249,84.68947284185217,0.5103223779454915,-0.5135355729744213,2.2528925776306084,7313.536619594982,72.52835099069424
2025-12-26,8.778210736136858,-0.3649207444954944,166.34901558974047,0.05237423473007485,2.4214977723142246,-0.6266026010089342,31.323694194445736,2.3416561778947655,84.58749744524809,0.5031440396472717,-0.49529894157210275,2.257049375260913,7684.427479210718,72.24635847134545
2025-12-29,8.85479546637735,-0.3599466879143247,168.97203033959678,0.04080652349065894,2.326449085985723,-0.6236745173355812,31.82873887029792,2.3324822299754406,85.92898886311538,0.47670889610108413,-0.5008466221532593,2.1665690403237887,7924.463873459211,72.61965164489648
2025-12-30,8.754257933115797,-0.36647644100484067,168.29902960057862,0.020494900609508537,2.2892003947705244,-0.6214506663420276,31.50475660256967,2.2674479312986957,86.66450052154866,0.48872741722066126,-0.5105877363198696,2.099860212910472,8038.356315963722,71.61799072132412
2025-12-31,8.642344781433376,-0.37374502244264607,165.74324529160012,0.01627253289542785,2.2505450678088375,-0.624272804855819,31.131821031149784,2.2539286411539674,85.34109332059772,0.4837611064701792,-0.5143858592626254,2.0634300488328776,8042.853121381201,71.05443300713544
2026-01-05,8.755345430443821,-0.36053083918541007,161.75955579721128,0.025573699078357492,2.409567880950321,-0.6215462789867847,31.425899044179808,2.2837093643941593,84.08828028816697,0.48937695569630435,-0.509941403983577,2.2132988413169468,8137.120713327405,71.71389219148112
2026-01-06,8.75991837860599,-0.3495776205030203,164.54740096088503,0.04234671527573286,2.5482022406046854,-0.6281479806769339,30.91982300140743,2.337413657324012,85.45615255973503,0.46910306204258423,-0.5019266111159038,2.316002040838301,8010.107799341789,72.90311076504435
2026-01-07,8.562322901166699,-0.3694967188093038,162.11540975102434,0.025375549267712794,2.5546493100352325,-0.6218361247715887,30.273586791116333,2.2830749230182237,86.6990061905463,0.4729206287704608,-0.5100360875914861,2.2815843982496435,7994.4134969968745,71.69984323138988
2026-01-08,8.538892605994095,-0.37144706392271787,162.02277865615895,0.036365576455240856,2.4300121643210972,-0.6177586941917116,30.514045152708366,2.308318040229106,86.78989213380893,0.496734278373699,-0.5047846295065701,2.3167565864110324,8080.621476200933,72.4790438415591
2026-01-09,8.408001005782907,-0.37648910602227215,162.62829864057662,0.005680237716233716,2.377706229402998,-0.6127178393388099,30.342014168943813,2.2411616929184666,86.25707941952935,0.5041051040103075,-0.519447265682049,2.2206655843355696,8138.150045846066,70.30343187439148
2026-01-12,8.5459188943367,-0.36454374310022575,159.6412282340884,0.06611502842736527,2.3059040197091316,-0.6359909588135091,30.229321420439653,2.3767661508431392,85.44370562990572,0.5043939055957489,-0.49056919605813143,2.15220169495785,7989.568080269819,70.04705461438544
2026-01-13,8.593734680265143,-0.34680924370036714,155.15800577026533,0.05845973968048601,2.4229146559626344,-0.6333771748948378,29.290129375507533,2.3846781691376226,85.64624976528091,0.4957256522018647,-0.5120995868439715,2.2637721228128127,8269.90177962951,67.910382234882
2026-01-14,8.831625188800965,-0.3622783274418572,160.82113564843777,0.05041298290233742,2.35927048359464,-0.6246946895283549,30.041216884272803,2.4816933897263906,84.01312809914859,0.5012536330785966,-0.49811486988054354,2.2239103727798213,8267.277026958283,69.61911469618046
2026-01-15,8.827155286437526,-0.365710436509167,161.6920293483704,0.04437454108790462,2.412474011806457,-0.6226748604798733,30.02710414034181,2.467099668865053,83.63716083564081,0.5157208674308196,-0.49589530234803025,2.240816279467964,8310.371944887458,69.58700804630084
2026-01-16,8.900077964986142,-0.3651900067721716,162.8992900675499,0.05614143725927501,2.372783984024151,-0.6229844528717794,30.4297281263048,2.551154147323684,83.26681857400071,0.5166687102815619,-0.4955800648633706,2.2614813100797213,8367.306734300764,70.1108008985999
2026-01-19,8.85709643981254,-0.365550140962839,163.85001816702885,0.02878753607866691,2.3555101199692805,-0.622770568102506,30.881572746418087,2.588334537251465,84.08480369980421,0.5326818037536145,-0.49025436419073654,2.244777487648556,8589.562908513759,70.7680926099545
2026-01-20,8.712611152458797,-0.3863938839723057,163.3644820154457,-0.024511941713226792,2.413146301520626,-0.610377353379421,30.78767129399586,2.592215530349916,85.20364327184915,0.5364936855661853,-0.48898659281547785,2.300511661495584,8564.260946761431,70.7352045998932
2026-01-21,8.641165020904172,-0.3810630534566446,162.3515034811456,-0.010185436410293236,2.409519777287745,-0.6137622810063548,30.591763831012592,2.5970860431035976,86.13459359247764,0.5560559690659972,-0.482480487884845,2.2553153160619344,8462.660268859176,71.20641652550896
2026-01-22,8.662533102134185,-0.37862382000898953,160.64539933747486,0.024205853715634218,2.3866817822520643,-0.6107747705159927,30.1769272491252,2.5779222525258545,85.97817168453253,0.5608805641931887,-0.4755089404050241,2.2861091913284897,8543.319600040735,71.43029454291089
2026-01-23,8.643183068144124,-0.36431406143721257,160.32169085042955,0.13885868875232843,2.292682547895779,-0.6156917308466159,30.114492834091426,2.6700643825971047,84.57346146858121,0.5610424473921953,-0.47189379149939825,2.2241322130078096,8566.592894026147,71.43780648716503
2026-01-26,8.800445735030275,-0.359416373047307,162.9525523772142,0.13785149209160874,2.298121113928563,-0.6123618100263102,30.621913266465416,2.72385452327117,85.96900800857014,0.5794363205814546,-0.47279834682619837,2.2070726815782176,8427.009524632043,71.31373295296873
2026-01-27,9.01036455128763,-0.36298956734122456,166.4643034391459,0.14802404970734528,2.384252743381608,-0.6106279000947235,31.299232929280592,2.7063671175541537,86.37741878787104,0.581415999885559,-0.4752073627520321,2.203934856417838,8387.431173484574,70.61082781801215
2026-01-28,9.068143865628658,-0.3657666656412093,167.43089886928607,0.14177279848910374,2.375293550215462,-0.6151933740993096,31.485662456680267,2.727760079783573,88.93749228934173,0.5870270802441511,-0.45893286541627576,2.1954530220375506,8252.504920877156,71.41134738748757
2026-01-29,9.424337029128804,-0.3755243389349513,177.7435819483489,0.11781202368232102,2.5324455906188788,-0.6043705219035695,33.47469382668528,2.7824405733987723,89.25353498960976,0.5814502255746299,-0.46582629949004106,2.1659704458447333,8389.705621636635,70.34724028729644
2026-01-30,9.100556781779066,-0.37948011399157455,173.67968369348804,0.07605296123799477,2.4876075938814464,-0.6152284769233056,32.403908714565446,2.726995004478082,88.85921123547928,0.6174059378962011,-0.4857818845464885,2.1257841870956713,8658.486275763664,70.72714414277337
2026-02-02,9.155419905764967,-0.3759183535473334,176.72555374713093,0.05182699768114185,2.4630717191026354,-0.6128177936789623,32.585348493086066,2.6348494898911756,88.94789191052432,0.5892034119546807,-0.47095900565455084,2.20615026834222,9103.062407800066,74.40960004021626
2026-02-03,9.178672753482509,-0.37573788754347637,177.13249164582402,0.10616564785659999,2.428248521233073,-0.6113322563989938,32.6622488085134,2.6431721985973557,89.20922069953282,0.5790076231920565,-0.44501216882618044,2.2505171510843525,9399.1361277331,78.10806690469244
2026-02-04,9.155268180020876,-0.38137814268682646,183.29458331380172,0.13326358800929694,2.40895397489024,-0.6209793843718647,33.826718361438985,2.7691995215330314,88.97539129300473,0.5778444416998736,-0.43413965244376607,2.2322228957462906,9484.067064730065,79.65783737728685
2026-02-05,9.063043203303733,-0.3798882021858384,183.67936781380746,0.05806350408051175,2.4158681630857743,-0.615769896846625,33.33687332182994,2.7161849460637546,90.16285157688117,0.5745500959102714,-0.4716885034599263,2.2028694925647505,9503.870722126812,79.46357431139313
2026-02-06,9.264380283878081,-0.3718852496451791,187.37435391361282,0.0639218062463831,2.403396106149625,-0.6234574090310389,34.023870852397906,2.790621461432393,90.1799888918906,0.5673043216658056,-0.4687633402986422,2.2354151485896985,9504.087283318933,78.42513871198067
2026-02-09,9.279538410609694,-0.3711118072536974,187.57789216786944,0.10974576684655135,2.5070360823490403,-0.6240134757545919,34.07559304685383,2.801085190118793,90.34164864561649,0.5612640007506637,-0.4458825537402712,2.3339397806150965,9481.491926856632,78.51095747521283
2026-02-10,9.16049314011005,-0.38129324807598175,188.8607152020458,0.09186447553300225,2.475652507192271,-0.618525608470985,33.563632678270785,2.7456048744374786,91.2126458345055,0.5727161603190536,-0.4548110270667751,2.304105200298206,9596.871575759438,79.05184000680791
2026-02-11,9.092097710838969,-0.3761204946346156,187.6880113108726,0.07677348365808156,2.4766510817076037,-0.6229847889433369,33.96765842499188,2.815678188274949,91.77392969029042,0.5640462834883062,-0.46234625011431985,2.3050544883073405,9537.588846670928,80.1775486753629
2026-02-12,9.006185959514912,-0.3859131329314013,187.96573756288973,0.08639636770544024,2.4521723510912166,-0.633200135736016,34.96658645069635,2.9246814230072156,91.19781800431363,0.5775073493834133,-0.457541358675871,2.281783951060324,9619.255167204296,80.38293070779523
2026-02-13,8.771832834407622,-0.38344495809348855,191.4836199069742,0.07108823066570613,2.3668094152975034,-0.6246093804945092,34.938350686200195,2.8802506803616112,89.51502792779206,0.5787457801160376,-0.4651850064886086,2.2006342620493893,9770.338110736417,80.74954107301828
2026-02-24,8.634803017904531,-0.3945709812636016,194.41411214817393,0.08805988080508165,2.339905319744728,-0.6204042154796525,35.082913676662976,2.866814245730477,88.24574120564876,0.5937355565301898,-0.4585626784606812,2.175058068272453,9708.285200908911,81.57149097642036
2026-02-25,8.746548899445045,-0.3907788461552919,194.7322726262733,0.10828596546680802,2.3752750867926813,-0.6218111736500369,35.27540154334258,2.8689036930906275,88.80688731428867,0.5931837708014127,-0.4488561953532083,2.2086820945508703,9739.025870398944,83.05177087297949
2026-02-26,8.284861341643213,-0.40185549292238376,197.38598042946992,0.09340961095095501,2.2904888030153243,-0.6038966197472296,34.97280698251761,2.848669156092678,89.4299821202392,0.6018310278019916,-0.45847204458707835,2.1280805958213462,9841.382981222618,80.9404059874591
2026-02-27,8.177790252761257,-0.4011135138199854,196.43348112890274,0.09280720309457946,2.276036394485545,-0.5993288379922916,34.63704886953214,2.8190453304117122,89.91398032768079,0.5965647340119578,-0.4558720372798495,2.1160868968136333,9788.704703419451,80.77123869767854
2026-03-02,7.990991910443151,-0.3990755195279294,200.07065665625336,-0.010516533271633488,2.194404794899874,-0.5890768378421768,34.28429614266701,3.1584272777991194,90.90649102994804,0.62906009918194,-0.4589644609433239,2.095846321521262,9761.849888256167,82.27765162486672
2026-03-03,7.9194719194663925,-0.3900497822452933,194.81875578503661,0.00912715631761074,2.252964430283327,-0.5802232669864743,33.479549845611565,3.1203793004844282,93.30705901106248,0.6420186653506808,-0.4689685327337747,2.121580485373396,9942.370841337732,79.97584004773519
2026-03-04,7.937975753769905,-0.38186603310990785,200.5512944071028,-0.017650982306456342,2.1660623225140707,-0.5720926367793342,33.8174960418858,3.229717442265028,93.18983832355467,0.6760386134492755,-0.46760910592529137,2.1026752952501186,10000.81286566944,81.552876951975
2026-03-05,8.04996257540908,-0.39254696188023763,193.72679879337156,0.003467062721940861,2.1768781513651208,-0.5740720176080866,32.701721420412206,3.20420524988043,93.60289608090545,0.6449296923570362,-0.4831730864702267,2.049581937012824,10288.838962989787,78.75764932360906
2026-03-06,7.957330011512436,-0.400003687339165,191.64528410629495,0.014310950192055305,2.24029832764188,-0.5771167899913194,32.320964218049774,3.156706743524243,92.69213138622342,0.6441213158880661,-0.4850030925207135,2.110460892641848,10529.253348232185,77.90508706971013
2026-03-09,7.758467092530143,-0.3663056282730609,189.93563961508937,0.0284824364553653,2.1387142920198565,-0.5725477445313015,31.58120089581095,3.0758342410381605,89.30303607081602,0.6672866707139331,-0.49339181350329187,2.0129472879766293,10234.82740198568,77.47234258306938
2026-03-10,7.4360940881901545,-0.36918425812368194,188.22152446094972,0.02843567850221973,2.1515785332911697,-0.5755650793376842,31.288704794464117,3.0306642575209137,89.49722397242707,0.6487333500994115,-0.5017879206226916,2.02529606433669,10678.016159526815,76.76786105267705
2026-03-11,7.523098191710655,-0.3602720246816318,189.2669472480268,0.04118030167331388,2.174927319332624,-0.5708460607786237,31.467095428687678,3.0029841564239774,90.67314891846837,0.6364186597842272,-0.48827533627519115,2.1073486076965464,10737.016248805969,77.19751774357583
2026-03-12,7.613461928280687,-0.3644649099571138,188.03914268485153,0.04263867374251262,2.1058087445611453,-0.5677981360851954,31.491242144071187,3.000354346590762,90.08157632958347,0.6396608500758025,-0.4922625475104456,2.083137042066161,10750.30500613625,77.25567549312872
2026-03-13,7.520700010651273,-0.37100213447829966,186.00708910508092,0.03485170851282593,2.0739240700068207,-0.5690326769221632,31.141981435562144,2.987229734211289,90.95214834564125,0.6331475348861342,-0.4912576690464212,2.0514851184360237,10741.845978025442,77.41055365428298
2026-03-16,7.251635796575533,-0.3964640128099828,184.4878086807454,-0.005284246791194547,2.0215857634395165,-0.563313320455868,30.880853991527303,3.015963885901191,91.8884558172474,0.6295739078951359,-0.477185722540878,1.9995288696878508,10433.361232056952,76.20846250474649
2026-03-17,7.316025379649723,-0.40942716021494463,185.31566380798097,0.008854466227771862,2.104594215646663,-0.5679931171523489,31.02314220240892,3.0019191692684517,92.89849663182974,0.6217393206283597,-0.4697545332716143,2.081931378938495,10386.79138195832,77.90573221637398
2026-03-18,7.427154477725043,-0.40465302192383257,186.0831239812715,0.0028548846335814115,2.1187699579781754,-0.5667606562529772,31.335775716433368,3.014301313095891,93.28527761966475,0.6150591504558491,-0.47513584386005014,2.0960036415520924,10417.285004538668,77.68062416010427
2026-03-19,7.3430969088462135,-0.41059137510683363,185.10408992135893,0.005564756753281053,2.0563403349934926,-0.5634280533013909,30.907241853468353,2.970263201554295,92.09198321338249,0.6235109973323643,-0.47371757810181625,2.1164368104118396,10445.222705197477,77.89323162010577
2026-03-20,6.986096345801411,-0.43581213105025485,187.9587948293218,-0.0003007190694528372,2.0942437775199827,-0.5492486732741946,31.39667634121735,3.072101712874548,97.50334807557496,0.6221952503158872,-0.47545041285096024,2.2222575235342714,10346.457037526625,77.43304609795285
2026-03-23,7.012949882293457,-0.43391502902804135,188.59417558015755,0.016874037256057406,1.9310710315362627,-0.5517130161459405,31.505611331816006,2.9172300848915835,93.96434893519047,0.6434176439564943,-0.4380469923584921,2.1857190705759413,10774.78891928025,83.02577608112092
2026-03-24,7.206539004374063,-0.4202386808462504,193.1746822027266,0.04195590539777028,1.963475404538514,-0.562253430619659,32.290931701075394,2.9621475322948876,92.80132491499239,0.6222951048567109,-0.45800417372543856,2.155604608321008,10655.65748924088,85.2021358717638
2026-03-25,7.25260471098748,-0.4169843107860204,194.26464155554714,0.031595014219969686,1.9749929757266793,-0.5661439836028501,32.477803449544716,2.9843882266587953,92.28147010112897,0.6254136240051957,-0.46234906106158047,2.1678688912174944,10596.488497995555,85.37397960357895
2026-03-26,7.224679998897075,-0.4275990792570732,190.70952460236595,-0.00896455796139528,1.887455535652081,-0.5560742927322608,32.36452309073835,2.9709060718746563,93.06380667373054,0.6209901111425364,-0.45874223700740147,2.0746561893752657,10560.629296500794,84.67310413627723
2026-03-27,7.267244792481719,-0.44351075252765637,185.3803589637564,-0.03455516476737841,1.8921524044793587,-0.546991252513724,32.537192913588335,2.9914565124165398,94.24079486575592,0.6328831548964002,-0.45487154663227325,2.135928582346631,10445.655282008816,81.57305926761377
2026-03-30,7.004464013131743,-0.4592023774942773,183.95319488838456,-0.05983523745835151,1.9244727629686134,-0.5536792162269057,31.471187259678366,2.8645849754773876,97.87218088148133,0.6271648995072765,-0.4710633998509447,2.1144974649918233,10519.890940665266,81.5743794172837
2026-03-31,7.374508251156332,-0.41252792837070806,185.92113194986825,-0.0937765727333918,1.9106472109646977,-0.5625240280895456,34.27366773418842,3.1981244869602072,98.74147001566645,0.6098515564594953,-0.49015879163776854,2.099773564255405,10672.997610715734,79.79499715095287
2026-04-01,7.440872822438781,-0.407872451176724,187.92105841619014,-0.07432795726957686,1.9867994918765537,-0.5473498844182614,34.495501261404186,3.3067364733935767,99.97349035218363,0.5926272613729648,-0.4792170025483472,2.027870263870128,10711.04786490812,80.53096145707737
2026-04-02,7.575519728201874,-0.3984269656276237,186.90747233014267,-0.09337010787872169,1.966612705130037,-0.5480055109227785,34.30506327372056,3.2836302712459666,100.83434037186476,0.6011719140756366,-0.48993011455171387,2.007405893402975,10809.738181251143,77.63914298957157
2026-04-03,7.551702825352265,-0.3994533537566044,186.97626892826432,-0.12049329132240238,1.9969654528722947,-0.552840168777055,34.31798914739436,3.2851985920084052,101.0453709940649,0.6005856937442662,-0.5051896148090256,1.9605944797755943,10813.696203786549,75.59911557512014
2026-04-07,7.340315704286182,-0.41096609235686576,186.75691175152662,-0.13259269048204259,1.9192252221085382,-0.5503520836320519,34.306651109144795,3.2642487904179154,98.33494605590049,0.6010995254276514,-0.5119967355503359,1.8819581924888111,10853.947794843565,75.50972894228099
2026-04-08,7.307325449355423,-0.4008936227392228,188.52811448956245,-0.11552333161099604,2.087875154951191,-0.5573759534911438,34.649662290973914,3.2815521544607176,102.9254193917885,0.5855445230926741,-0.4894450952441959,2.0034451028257174,10565.928346326475,77.73708674076067
2026-04-09,7.287085209287049,-0.4017703002931293,187.2302648159027,-0.1329889802707066,2.0549298484906227,-0.5492811451909991,34.562804285045935,3.21327656941195,102.06168445825914,0.589407595748505,-0.5005859788377415,1.9714006015474106,10691.809697965728,76.13417140556722
2026-04-10,7.304508057517284,-0.39912114901928575,193.3523485545498,-0.11765486599801778,2.07701022308143,-0.5312364222600413,34.63757186931133,3.219184641316489,102.705282206311,0.5959915137046292,-0.4917532518070329,1.9928772447423215,11039.587333174331,77.49838036225549
2026-04-13,7.223253040837369,-0.40638764988412457,189.0689746379094,-0.09218848562774451,2.009195321801328,-0.5305901892360694,35.66614892575237,3.190941861331421,101.4511616433879,0.6066749137004943,-0.4770841563333251,1.9269165685725782,11014.098209311212,79.76401263665652
2026-04-14,7.128400498230823,-0.41203706103969184,183.93123204503215,-0.11672748202407945,2.0135512665507735,-0.5246317263975451,35.24321685301589,3.077656773398189,102.42618976633042,0.5935912417648226,-0.49121906187282594,1.9311534111485886,10887.042642976896,77.58088565085825
2026-04-15,7.183266485778855,-0.4049644964280087,186.15575675686088,-0.1255047697110111,1.9989981468614215,-0.5207827644046927,35.48785537507087,3.0180939334523034,101.61326504510725,0.5902765341478371,-0.49627493825603175,1.9169982093128746,10734.754765203686,76.80000882517366
2026-04-16,7.223848554243752,-0.3960014812422735,188.97488247262007,-0.11041811015097514,2.019108071230722,-0.5069065361995225,35.668804223252906,3.087413482781587,102.30134316262915,0.5979302714779604,-0.4875847496132899,2.0165665108406454,10806.743878168476,78.14220282036024
2026-04-17,7.058215876838904,-0.39553552504322187,186.07600093581604,-0.12185278766321517,1.961415390772343,-0.5093062532008885,35.109264361161976,3.1335065894417813,100.72503816628648,0.6057301567810052,-0.49417133057608376,1.9589223975179868,11067.543714875885,77.1249096659181
2026-04-20,7.081044473111103,-0.38838801122618694,190.27479546181686,-0.11127876733117836,1.9931156245824062,-0.5181173309798748,35.73891794744456,3.1195508545308765,99.5001380507521,0.6372207180354752,-0.4887567281064217,1.9341174015087303,10642.72447190842,76.46997931894037
2026-04-21,7.133802144061569,-0.38700863094532967,192.9651454553816,-0.11140215426567257,1.9627379595621242,-0.49483128087414885,36.25566427267179,3.170971602003335,98.48014420115805,0.6495601151949184,-0.49394542737680924,1.9043385199910312,11049.036857585415,75.68372266331676
2026-04-22,7.03115996456701,-0.38963050088928486,190.69312851979208,-0.11498806310380838,1.9601455285462408,-0.5002540248295493,36.190040304400846,3.1969294795708327,98.39004695100677,0.6510540900130266,-0.4943882311575364,1.8676880543905705,11157.858537293645,75.6166234922935
2026-04-23,7.1090912196623695,-0.3788043810704751,190.78481013782624,-0.10643733879062789,1.9443464941980189,-0.48926836491463577,36.80907740726695,3.1745294210718944,99.79661624477943,0.658398642679817,-0.4855191510611998,1.8523824886221356,11185.680085174936,76.89192548846907
2026-04-24,7.100180130409994,-0.3802824921236574,194.40289678157473,-0.11357360647855219,1.9290328296952883,-0.48870712135959693,37.325947911809216,3.167317034373429,99.27236899085578,0.6516060008866229,-0.4712014282108874,1.8375471326100978,11555.111945472927,77.95675017047138
2026-04-27,7.181309583705588,-0.38498932620362347,193.20377814524159,-0.12205423243589653,1.9974836596588244,-0.4855694973555502,36.89740557999613,3.3320184821876726,100.9696781545474,0.6432738595875653,-0.4817576597993799,1.7809021145009325,11879.937001479513,77.47222045185853
2026-04-28,7.167801642730838,-0.36892112401567634,192.8831334922775,-0.09644642148218519,2.055558156332886,-0.49900987112518513,36.99691114603514,3.2956149655306337,99.26753941963258,0.6503016975629667,-0.4731068493104871,1.8347804701273511,11860.320704834252,78.64367047666649
2026-04-29,7.234606889861533,-0.3637594682711818,185.454147190276,-0.06282721822667492,2.191843160746994,-0.5031075183053547,37.30769159227346,3.541286234451876,100.0876374145535,0.6491322513278142,-0.5068916163281079,1.940256296991207,11347.343773376198,79.29508383381193
2026-04-30,7.226877192237092,-0.3596408644657112,186.66112901848018,-0.044819323280349765,2.183112088586922,-0.5063240742522959,36.91896578056905,3.4952037088729817,99.24726468177712,0.7056921472694853,-0.4996001939469179,1.839415027247214,11179.539756006883,79.81486153005508
